date,day,route,time,shift,total_students,students_needing_bus,students_using_auto,students_using_other,bus_capacity,required_buses,is_weekend
2026-06-01,Monday,R1,7:00 AM,1,75,52,16,7,50,2,0
2026-06-01,Monday,R2,7:00 AM,1,65,46,14,5,50,1,0
2026-06-01,Monday,R3,7:00 AM,1,107,72,28,7,50,2,0
2026-06-01,Monday,R4,7:00 AM,1,47,35,9,3,50,1,0
2026-06-01,Monday,R5,7:00 AM,1,69,57,9,3,50,2,0
2026-06-01,Monday,R6,7:00 AM,1,78,58,13,7,50,2,0
2026-06-01,Monday,R7,7:00 AM,1,48,35,7,6,50,1,0
2026-06-01,Monday,R8,7:00 AM,1,103,75,23,5,50,2,0
2026-06-01,Monday,R9,7:00 AM,1,36,26,8,2,50,1,0
2026-06-01,Monday,R10,7:00 AM,1,78,57,15,6,50,2,0
2026-06-01,Monday,R1,11:00 AM,1,38,23,12,3,50,1,0
2026-06-01,Monday,R2,11:00 AM,1,29,20,8,1,50,1,0
2026-06-01,Monday,R3,11:00 AM,1,53,45,6,2,50,1,0
2026-06-01,Monday,R4,11:00 AM,1,25,17,6,2,50,1,0
2026-06-01,Monday,R5,11:00 AM,1,37,27,8,2,50,1,0
2026-06-01,Monday,R6,11:00 AM,1,43,30,8,5,50,1,0
2026-06-01,Monday,R7,11:00 AM,1,30,23,4,3,50,1,0
2026-06-01,Monday,R8,11:00 AM,1,56,41,10,5,50,1,0
2026-06-01,Monday,R9,11:00 AM,1,24,17,6,1,50,1,0
2026-06-01,Monday,R10,11:00 AM,1,41,27,10,4,50,1,0
2026-06-01,Monday,R1,1:00 PM,2,57,42,12,3,50,1,0
2026-06-01,Monday,R2,1:00 PM,2,43,27,11,5,50,1,0
2026-06-01,Monday,R3,1:00 PM,2,77,49,21,7,50,1,0
2026-06-01,Monday,R4,1:00 PM,2,35,23,8,4,50,1,0
2026-06-01,Monday,R5,1:00 PM,2,56,37,17,2,50,1,0
2026-06-01,Monday,R6,1:00 PM,2,72,51,16,5,50,2,0
2026-06-01,Monday,R7,1:00 PM,2,43,35,5,3,50,1,0
2026-06-01,Monday,R8,1:00 PM,2,89,57,26,6,50,2,0
2026-06-01,Monday,R9,1:00 PM,2,29,20,6,3,50,1,0
2026-06-01,Monday,R10,1:00 PM,2,64,46,12,6,50,1,0
2026-06-01,Monday,R1,4:00 PM,2,51,34,14,3,50,1,0
2026-06-01,Monday,R2,4:00 PM,2,40,30,8,2,50,1,0
2026-06-01,Monday,R3,4:00 PM,2,68,47,16,5,50,1,0
2026-06-01,Monday,R4,4:00 PM,2,31,24,5,2,50,1,0
2026-06-01,Monday,R5,4:00 PM,2,46,35,8,3,50,1,0
2026-06-01,Monday,R6,4:00 PM,2,59,35,19,5,50,1,0
2026-06-01,Monday,R7,4:00 PM,2,37,28,8,1,50,1,0
2026-06-01,Monday,R8,4:00 PM,2,73,47,16,10,50,1,0
2026-06-01,Monday,R9,4:00 PM,2,26,18,6,2,50,1,0
2026-06-01,Monday,R10,4:00 PM,2,48,30,13,5,50,1,0
2026-06-01,Monday,R1,6:00 PM,2,37,27,6,4,50,1,0
2026-06-01,Monday,R2,6:00 PM,2,24,15,6,3,50,1,0
2026-06-01,Monday,R3,6:00 PM,2,42,31,8,3,50,1,0
2026-06-01,Monday,R4,6:00 PM,2,20,15,3,2,50,1,0
2026-06-01,Monday,R5,6:00 PM,2,29,20,7,2,50,1,0
2026-06-01,Monday,R6,6:00 PM,2,44,33,8,3,50,1,0
2026-06-01,Monday,R7,6:00 PM,2,27,21,4,2,50,1,0
2026-06-01,Monday,R8,6:00 PM,2,56,43,8,5,50,1,0
2026-06-01,Monday,R9,6:00 PM,2,19,13,5,1,50,1,0
2026-06-01,Monday,R10,6:00 PM,2,33,22,8,3,50,1,0
2026-06-02,Tuesday,R1,7:00 AM,1,73,51,17,5,50,2,0
2026-06-02,Tuesday,R2,7:00 AM,1,59,41,14,4,50,1,0
2026-06-02,Tuesday,R3,7:00 AM,1,109,77,27,5,50,2,0
2026-06-02,Tuesday,R4,7:00 AM,1,47,34,8,5,50,1,0
2026-06-02,Tuesday,R5,7:00 AM,1,74,53,13,8,50,2,0
2026-06-02,Tuesday,R6,7:00 AM,1,85,52,22,11,50,2,0
2026-06-02,Tuesday,R7,7:00 AM,1,51,39,9,3,50,1,0
2026-06-02,Tuesday,R8,7:00 AM,1,98,68,21,9,50,2,0
2026-06-02,Tuesday,R9,7:00 AM,1,39,26,10,3,50,1,0
2026-06-02,Tuesday,R10,7:00 AM,1,85,54,18,13,50,2,0
2026-06-02,Tuesday,R1,11:00 AM,1,42,33,7,2,50,1,0
2026-06-02,Tuesday,R2,11:00 AM,1,33,23,7,3,50,1,0
2026-06-02,Tuesday,R3,11:00 AM,1,54,39,12,3,50,1,0
2026-06-02,Tuesday,R4,11:00 AM,1,20,14,4,2,50,1,0
2026-06-02,Tuesday,R5,11:00 AM,1,38,29,6,3,50,1,0
2026-06-02,Tuesday,R6,11:00 AM,1,46,34,8,4,50,1,0
2026-06-02,Tuesday,R7,11:00 AM,1,29,21,5,3,50,1,0
2026-06-02,Tuesday,R8,11:00 AM,1,60,38,16,6,50,1,0
2026-06-02,Tuesday,R9,11:00 AM,1,17,12,3,2,50,1,0
2026-06-02,Tuesday,R10,11:00 AM,1,44,26,11,7,50,1,0
2026-06-02,Tuesday,R1,1:00 PM,2,62,39,17,6,50,1,0
2026-06-02,Tuesday,R2,1:00 PM,2,50,35,10,5,50,1,0
2026-06-02,Tuesday,R3,1:00 PM,2,73,53,15,5,50,2,0
2026-06-02,Tuesday,R4,1:00 PM,2,37,24,12,1,50,1,0
2026-06-02,Tuesday,R5,1:00 PM,2,59,47,8,4,50,1,0
2026-06-02,Tuesday,R6,1:00 PM,2,73,53,16,4,50,2,0
2026-06-02,Tuesday,R7,1:00 PM,2,40,28,10,2,50,1,0
2026-06-02,Tuesday,R8,1:00 PM,2,88,62,20,6,50,2,0
2026-06-02,Tuesday,R9,1:00 PM,2,38,27,10,1,50,1,0
2026-06-02,Tuesday,R10,1:00 PM,2,63,45,12,6,50,1,0
2026-06-02,Tuesday,R1,4:00 PM,2,47,33,10,4,50,1,0
2026-06-02,Tuesday,R2,4:00 PM,2,43,33,7,3,50,1,0
2026-06-02,Tuesday,R3,4:00 PM,2,64,44,12,8,50,1,0
2026-06-02,Tuesday,R4,4:00 PM,2,33,25,5,3,50,1,0
2026-06-02,Tuesday,R5,4:00 PM,2,56,39,15,2,50,1,0
2026-06-02,Tuesday,R6,4:00 PM,2,55,36,16,3,50,1,0
2026-06-02,Tuesday,R7,4:00 PM,2,38,26,10,2,50,1,0
2026-06-02,Tuesday,R8,4:00 PM,2,73,63,6,4,50,2,0
2026-06-02,Tuesday,R9,4:00 PM,2,26,19,4,3,50,1,0
2026-06-02,Tuesday,R10,4:00 PM,2,47,34,9,4,50,1,0
2026-06-02,Tuesday,R1,6:00 PM,2,39,29,6,4,50,1,0
2026-06-02,Tuesday,R2,6:00 PM,2,28,20,5,3,50,1,0
2026-06-02,Tuesday,R3,6:00 PM,2,46,33,9,4,50,1,0
2026-06-02,Tuesday,R4,6:00 PM,2,20,13,5,2,50,1,0
2026-06-02,Tuesday,R5,6:00 PM,2,37,26,6,5,50,1,0
2026-06-02,Tuesday,R6,6:00 PM,2,33,23,7,3,50,1,0
2026-06-02,Tuesday,R7,6:00 PM,2,26,19,5,2,50,1,0
2026-06-02,Tuesday,R8,6:00 PM,2,48,34,9,5,50,1,0
2026-06-02,Tuesday,R9,6:00 PM,2,19,13,4,2,50,1,0
2026-06-02,Tuesday,R10,6:00 PM,2,37,23,10,4,50,1,0
2026-06-03,Wednesday,R1,7:00 AM,1,67,47,13,7,50,1,0
2026-06-03,Wednesday,R2,7:00 AM,1,61,43,13,5,50,1,0
2026-06-03,Wednesday,R3,7:00 AM,1,105,75,20,10,50,2,0
2026-06-03,Wednesday,R4,7:00 AM,1,44,30,9,5,50,1,0
2026-06-03,Wednesday,R5,7:00 AM,1,72,45,19,8,50,1,0
2026-06-03,Wednesday,R6,7:00 AM,1,82,55,21,6,50,2,0
2026-06-03,Wednesday,R7,7:00 AM,1,53,38,11,4,50,1,0
2026-06-03,Wednesday,R8,7:00 AM,1,110,75,20,15,50,2,0
2026-06-03,Wednesday,R9,7:00 AM,1,35,25,6,4,50,1,0
2026-06-03,Wednesday,R10,7:00 AM,1,81,53,20,8,50,2,0
2026-06-03,Wednesday,R1,11:00 AM,1,40,30,7,3,50,1,0
2026-06-03,Wednesday,R2,11:00 AM,1,30,20,8,2,50,1,0
2026-06-03,Wednesday,R3,11:00 AM,1,49,35,10,4,50,1,0
2026-06-03,Wednesday,R4,11:00 AM,1,23,17,4,2,50,1,0
2026-06-03,Wednesday,R5,11:00 AM,1,38,28,7,3,50,1,0
2026-06-03,Wednesday,R6,11:00 AM,1,46,37,7,2,50,1,0
2026-06-03,Wednesday,R7,11:00 AM,1,26,19,5,2,50,1,0
2026-06-03,Wednesday,R8,11:00 AM,1,65,43,17,5,50,1,0
2026-06-03,Wednesday,R9,11:00 AM,1,21,15,4,2,50,1,0
2026-06-03,Wednesday,R10,11:00 AM,1,41,29,10,2,50,1,0
2026-06-03,Wednesday,R1,1:00 PM,2,61,38,18,5,50,1,0
2026-06-03,Wednesday,R2,1:00 PM,2,49,34,12,3,50,1,0
2026-06-03,Wednesday,R3,1:00 PM,2,79,55,17,7,50,2,0
2026-06-03,Wednesday,R4,1:00 PM,2,35,24,8,3,50,1,0
2026-06-03,Wednesday,R5,1:00 PM,2,62,37,17,8,50,1,0
2026-06-03,Wednesday,R6,1:00 PM,2,63,41,17,5,50,1,0
2026-06-03,Wednesday,R7,1:00 PM,2,50,38,9,3,50,1,0
2026-06-03,Wednesday,R8,1:00 PM,2,82,68,9,5,50,2,0
2026-06-03,Wednesday,R9,1:00 PM,2,29,19,7,3,50,1,0
2026-06-03,Wednesday,R10,1:00 PM,2,72,48,19,5,50,1,0
2026-06-03,Wednesday,R1,4:00 PM,2,47,34,11,2,50,1,0
2026-06-03,Wednesday,R2,4:00 PM,2,47,31,13,3,50,1,0
2026-06-03,Wednesday,R3,4:00 PM,2,57,37,16,4,50,1,0
2026-06-03,Wednesday,R4,4:00 PM,2,35,28,5,2,50,1,0
2026-06-03,Wednesday,R5,4:00 PM,2,48,34,11,3,50,1,0
2026-06-03,Wednesday,R6,4:00 PM,2,60,45,10,5,50,1,0
2026-06-03,Wednesday,R7,4:00 PM,2,37,24,9,4,50,1,0
2026-06-03,Wednesday,R8,4:00 PM,2,67,49,10,8,50,1,0
2026-06-03,Wednesday,R9,4:00 PM,2,28,20,5,3,50,1,0
2026-06-03,Wednesday,R10,4:00 PM,2,54,35,15,4,50,1,0
2026-06-03,Wednesday,R1,6:00 PM,2,41,25,13,3,50,1,0
2026-06-03,Wednesday,R2,6:00 PM,2,31,19,8,4,50,1,0
2026-06-03,Wednesday,R3,6:00 PM,2,42,27,11,4,50,1,0
2026-06-03,Wednesday,R4,6:00 PM,2,16,13,3,0,50,1,0
2026-06-03,Wednesday,R5,6:00 PM,2,32,20,8,4,50,1,0
2026-06-03,Wednesday,R6,6:00 PM,2,40,26,12,2,50,1,0
2026-06-03,Wednesday,R7,6:00 PM,2,20,14,4,2,50,1,0
2026-06-03,Wednesday,R8,6:00 PM,2,50,40,6,4,50,1,0
2026-06-03,Wednesday,R9,6:00 PM,2,14,9,4,1,50,1,0
2026-06-03,Wednesday,R10,6:00 PM,2,34,25,7,2,50,1,0
2026-06-04,Thursday,R1,7:00 AM,1,72,49,19,4,50,1,0
2026-06-04,Thursday,R2,7:00 AM,1,60,44,12,4,50,1,0
2026-06-04,Thursday,R3,7:00 AM,1,94,72,16,6,50,2,0
2026-06-04,Thursday,R4,7:00 AM,1,41,25,13,3,50,1,0
2026-06-04,Thursday,R5,7:00 AM,1,64,44,15,5,50,1,0
2026-06-04,Thursday,R6,7:00 AM,1,81,53,20,8,50,2,0
2026-06-04,Thursday,R7,7:00 AM,1,50,36,10,4,50,1,0
2026-06-04,Thursday,R8,7:00 AM,1,86,64,12,10,50,2,0
2026-06-04,Thursday,R9,7:00 AM,1,43,30,9,4,50,1,0
2026-06-04,Thursday,R10,7:00 AM,1,78,41,29,8,50,1,0
2026-06-04,Thursday,R1,11:00 AM,1,39,30,7,2,50,1,0
2026-06-04,Thursday,R2,11:00 AM,1,33,26,6,1,50,1,0
2026-06-04,Thursday,R3,11:00 AM,1,50,36,8,6,50,1,0
2026-06-04,Thursday,R4,11:00 AM,1,27,18,6,3,50,1,0
2026-06-04,Thursday,R5,11:00 AM,1,38,27,7,4,50,1,0
2026-06-04,Thursday,R6,11:00 AM,1,47,35,8,4,50,1,0
2026-06-04,Thursday,R7,11:00 AM,1,26,19,4,3,50,1,0
2026-06-04,Thursday,R8,11:00 AM,1,67,51,10,6,50,2,0
2026-06-04,Thursday,R9,11:00 AM,1,19,14,4,1,50,1,0
2026-06-04,Thursday,R10,11:00 AM,1,39,28,9,2,50,1,0
2026-06-04,Thursday,R1,1:00 PM,2,60,43,13,4,50,1,0
2026-06-04,Thursday,R2,1:00 PM,2,44,32,8,4,50,1,0
2026-06-04,Thursday,R3,1:00 PM,2,81,60,14,7,50,2,0
2026-06-04,Thursday,R4,1:00 PM,2,39,30,5,4,50,1,0
2026-06-04,Thursday,R5,1:00 PM,2,53,37,13,3,50,1,0
2026-06-04,Thursday,R6,1:00 PM,2,58,45,8,5,50,1,0
2026-06-04,Thursday,R7,1:00 PM,2,44,32,8,4,50,1,0
2026-06-04,Thursday,R8,1:00 PM,2,75,55,16,4,50,2,0
2026-06-04,Thursday,R9,1:00 PM,2,29,21,6,2,50,1,0
2026-06-04,Thursday,R10,1:00 PM,2,60,40,16,4,50,1,0
2026-06-04,Thursday,R1,4:00 PM,2,54,40,9,5,50,1,0
2026-06-04,Thursday,R2,4:00 PM,2,45,38,4,3,50,1,0
2026-06-04,Thursday,R3,4:00 PM,2,70,49,15,6,50,1,0
2026-06-04,Thursday,R4,4:00 PM,2,30,21,7,2,50,1,0
2026-06-04,Thursday,R5,4:00 PM,2,52,35,12,5,50,1,0
2026-06-04,Thursday,R6,4:00 PM,2,56,41,11,4,50,1,0
2026-06-04,Thursday,R7,4:00 PM,2,38,27,8,3,50,1,0
2026-06-04,Thursday,R8,4:00 PM,2,86,57,23,6,50,2,0
2026-06-04,Thursday,R9,4:00 PM,2,30,23,6,1,50,1,0
2026-06-04,Thursday,R10,4:00 PM,2,49,40,6,3,50,1,0
2026-06-04,Thursday,R1,6:00 PM,2,35,21,11,3,50,1,0
2026-06-04,Thursday,R2,6:00 PM,2,27,19,7,1,50,1,0
2026-06-04,Thursday,R3,6:00 PM,2,46,32,12,2,50,1,0
2026-06-04,Thursday,R4,6:00 PM,2,25,17,6,2,50,1,0
2026-06-04,Thursday,R5,6:00 PM,2,35,20,12,3,50,1,0
2026-06-04,Thursday,R6,6:00 PM,2,40,30,8,2,50,1,0
2026-06-04,Thursday,R7,6:00 PM,2,27,20,5,2,50,1,0
2026-06-04,Thursday,R8,6:00 PM,2,48,32,12,4,50,1,0
2026-06-04,Thursday,R9,6:00 PM,2,21,15,4,2,50,1,0
2026-06-04,Thursday,R10,6:00 PM,2,34,24,7,3,50,1,0
2026-06-05,Friday,R1,7:00 AM,1,76,55,13,8,50,2,0
2026-06-05,Friday,R2,7:00 AM,1,64,41,15,8,50,1,0
2026-06-05,Friday,R3,7:00 AM,1,89,72,14,3,50,2,0
2026-06-05,Friday,R4,7:00 AM,1,50,33,13,4,50,1,0
2026-06-05,Friday,R5,7:00 AM,1,70,49,11,10,50,1,0
2026-06-05,Friday,R6,7:00 AM,1,83,56,19,8,50,2,0
2026-06-05,Friday,R7,7:00 AM,1,54,39,12,3,50,1,0
2026-06-05,Friday,R8,7:00 AM,1,109,63,34,12,50,2,0
2026-06-05,Friday,R9,7:00 AM,1,43,33,8,2,50,1,0
2026-06-05,Friday,R10,7:00 AM,1,75,50,17,8,50,1,0
2026-06-05,Friday,R1,11:00 AM,1,34,21,10,3,50,1,0
2026-06-05,Friday,R2,11:00 AM,1,31,25,5,1,50,1,0
2026-06-05,Friday,R3,11:00 AM,1,56,40,13,3,50,1,0
2026-06-05,Friday,R4,11:00 AM,1,21,14,4,3,50,1,0
2026-06-05,Friday,R5,11:00 AM,1,37,29,5,3,50,1,0
2026-06-05,Friday,R6,11:00 AM,1,44,37,4,3,50,1,0
2026-06-05,Friday,R7,11:00 AM,1,28,17,7,4,50,1,0
2026-06-05,Friday,R8,11:00 AM,1,63,47,13,3,50,1,0
2026-06-05,Friday,R9,11:00 AM,1,29,21,6,2,50,1,0
2026-06-05,Friday,R10,11:00 AM,1,42,29,10,3,50,1,0
2026-06-05,Friday,R1,1:00 PM,2,56,41,11,4,50,1,0
2026-06-05,Friday,R2,1:00 PM,2,45,33,8,4,50,1,0
2026-06-05,Friday,R3,1:00 PM,2,76,52,22,2,50,2,0
2026-06-05,Friday,R4,1:00 PM,2,40,28,11,1,50,1,0
2026-06-05,Friday,R5,1:00 PM,2,54,41,11,2,50,1,0
2026-06-05,Friday,R6,1:00 PM,2,63,45,10,8,50,1,0
2026-06-05,Friday,R7,1:00 PM,2,46,28,13,5,50,1,0
2026-06-05,Friday,R8,1:00 PM,2,78,56,15,7,50,2,0
2026-06-05,Friday,R9,1:00 PM,2,27,18,7,2,50,1,0
2026-06-05,Friday,R10,1:00 PM,2,60,40,15,5,50,1,0
2026-06-05,Friday,R1,4:00 PM,2,49,32,14,3,50,1,0
2026-06-05,Friday,R2,4:00 PM,2,43,29,11,3,50,1,0
2026-06-05,Friday,R3,4:00 PM,2,68,50,11,7,50,1,0
2026-06-05,Friday,R4,4:00 PM,2,31,22,6,3,50,1,0
2026-06-05,Friday,R5,4:00 PM,2,45,36,7,2,50,1,0
2026-06-05,Friday,R6,4:00 PM,2,60,44,9,7,50,1,0
2026-06-05,Friday,R7,4:00 PM,2,30,18,9,3,50,1,0
2026-06-05,Friday,R8,4:00 PM,2,73,52,14,7,50,2,0
2026-06-05,Friday,R9,4:00 PM,2,26,17,7,2,50,1,0
2026-06-05,Friday,R10,4:00 PM,2,54,39,11,4,50,1,0
2026-06-05,Friday,R1,6:00 PM,2,35,28,5,2,50,1,0
2026-06-05,Friday,R2,6:00 PM,2,30,21,7,2,50,1,0
2026-06-05,Friday,R3,6:00 PM,2,46,32,11,3,50,1,0
2026-06-05,Friday,R4,6:00 PM,2,19,14,4,1,50,1,0
2026-06-05,Friday,R5,6:00 PM,2,34,25,5,4,50,1,0
2026-06-05,Friday,R6,6:00 PM,2,41,27,10,4,50,1,0
2026-06-05,Friday,R7,6:00 PM,2,30,21,8,1,50,1,0
2026-06-05,Friday,R8,6:00 PM,2,45,33,8,4,50,1,0
2026-06-05,Friday,R9,6:00 PM,2,20,14,4,2,50,1,0
2026-06-05,Friday,R10,6:00 PM,2,34,26,6,2,50,1,0
2026-06-06,Saturday,R1,7:00 AM,1,22,18,3,1,50,1,1
2026-06-06,Saturday,R2,7:00 AM,1,23,16,4,3,50,1,1
2026-06-06,Saturday,R3,7:00 AM,1,35,25,8,2,50,1,1
2026-06-06,Saturday,R4,7:00 AM,1,18,14,3,1,50,1,1
2026-06-06,Saturday,R5,7:00 AM,1,31,21,7,3,50,1,1
2026-06-06,Saturday,R6,7:00 AM,1,27,18,6,3,50,1,1
2026-06-06,Saturday,R7,7:00 AM,1,16,9,5,2,50,1,1
2026-06-06,Saturday,R8,7:00 AM,1,35,22,9,4,50,1,1
2026-06-06,Saturday,R9,7:00 AM,1,15,12,2,1,50,1,1
2026-06-06,Saturday,R10,7:00 AM,1,26,18,6,2,50,1,1
2026-06-06,Saturday,R1,11:00 AM,1,14,11,2,1,50,1,1
2026-06-06,Saturday,R2,11:00 AM,1,13,9,3,1,50,1,1
2026-06-06,Saturday,R3,11:00 AM,1,21,14,5,2,50,1,1
2026-06-06,Saturday,R4,11:00 AM,1,4,3,1,0,50,1,1
2026-06-06,Saturday,R5,11:00 AM,1,14,11,2,1,50,1,1
2026-06-06,Saturday,R6,11:00 AM,1,19,13,4,2,50,1,1
2026-06-06,Saturday,R7,11:00 AM,1,10,7,2,1,50,1,1
2026-06-06,Saturday,R8,11:00 AM,1,19,14,4,1,50,1,1
2026-06-06,Saturday,R9,11:00 AM,1,6,4,1,1,50,1,1
2026-06-06,Saturday,R10,11:00 AM,1,13,8,4,1,50,1,1
2026-06-06,Saturday,R1,1:00 PM,2,20,14,4,2,50,1,1
2026-06-06,Saturday,R2,1:00 PM,2,17,11,5,1,50,1,1
2026-06-06,Saturday,R3,1:00 PM,2,28,19,7,2,50,1,1
2026-06-06,Saturday,R4,1:00 PM,2,16,11,3,2,50,1,1
2026-06-06,Saturday,R5,1:00 PM,2,26,19,5,2,50,1,1
2026-06-06,Saturday,R6,1:00 PM,2,28,18,8,2,50,1,1
2026-06-06,Saturday,R7,1:00 PM,2,14,10,3,1,50,1,1
2026-06-06,Saturday,R8,1:00 PM,2,27,20,5,2,50,1,1
2026-06-06,Saturday,R9,1:00 PM,2,11,7,3,1,50,1,1
2026-06-06,Saturday,R10,1:00 PM,2,19,13,5,1,50,1,1
2026-06-06,Saturday,R1,4:00 PM,2,17,12,4,1,50,1,1
2026-06-06,Saturday,R2,4:00 PM,2,15,11,3,1,50,1,1
2026-06-06,Saturday,R3,4:00 PM,2,24,14,8,2,50,1,1
2026-06-06,Saturday,R4,4:00 PM,2,9,6,2,1,50,1,1
2026-06-06,Saturday,R5,4:00 PM,2,15,9,4,2,50,1,1
2026-06-06,Saturday,R6,4:00 PM,2,18,13,3,2,50,1,1
2026-06-06,Saturday,R7,4:00 PM,2,11,7,3,1,50,1,1
2026-06-06,Saturday,R8,4:00 PM,2,21,12,6,3,50,1,1
2026-06-06,Saturday,R9,4:00 PM,2,7,5,1,1,50,1,1
2026-06-06,Saturday,R10,4:00 PM,2,20,12,5,3,50,1,1
2026-06-06,Saturday,R1,6:00 PM,2,12,9,2,1,50,1,1
2026-06-06,Saturday,R2,6:00 PM,2,8,5,2,1,50,1,1
2026-06-06,Saturday,R3,6:00 PM,2,14,10,3,1,50,1,1
2026-06-06,Saturday,R4,6:00 PM,2,11,6,4,1,50,1,1
2026-06-06,Saturday,R5,6:00 PM,2,10,6,3,1,50,1,1
2026-06-06,Saturday,R6,6:00 PM,2,19,13,5,1,50,1,1
2026-06-06,Saturday,R7,6:00 PM,2,11,7,3,1,50,1,1
2026-06-06,Saturday,R8,6:00 PM,2,19,12,5,2,50,1,1
2026-06-06,Saturday,R9,6:00 PM,2,11,7,3,1,50,1,1
2026-06-06,Saturday,R10,6:00 PM,2,13,8,4,1,50,1,1
2026-06-07,Sunday,R1,7:00 AM,1,26,19,5,2,50,1,1
2026-06-07,Sunday,R2,7:00 AM,1,24,16,6,2,50,1,1
2026-06-07,Sunday,R3,7:00 AM,1,29,19,7,3,50,1,1
2026-06-07,Sunday,R4,7:00 AM,1,22,15,5,2,50,1,1
2026-06-07,Sunday,R5,7:00 AM,1,25,16,7,2,50,1,1
2026-06-07,Sunday,R6,7:00 AM,1,30,19,8,3,50,1,1
2026-06-07,Sunday,R7,7:00 AM,1,17,11,4,2,50,1,1
2026-06-07,Sunday,R8,7:00 AM,1,34,24,8,2,50,1,1
2026-06-07,Sunday,R9,7:00 AM,1,17,14,2,1,50,1,1
2026-06-07,Sunday,R10,7:00 AM,1,28,18,8,2,50,1,1
2026-06-07,Sunday,R1,11:00 AM,1,12,7,4,1,50,1,1
2026-06-07,Sunday,R2,11:00 AM,1,5,4,1,0,50,1,1
2026-06-07,Sunday,R3,11:00 AM,1,15,10,4,1,50,1,1
2026-06-07,Sunday,R4,11:00 AM,1,7,5,1,1,50,1,1
2026-06-07,Sunday,R5,11:00 AM,1,15,10,3,2,50,1,1
2026-06-07,Sunday,R6,11:00 AM,1,13,10,2,1,50,1,1
2026-06-07,Sunday,R7,11:00 AM,1,10,7,2,1,50,1,1
2026-06-07,Sunday,R8,11:00 AM,1,21,16,3,2,50,1,1
2026-06-07,Sunday,R9,11:00 AM,1,7,4,2,1,50,1,1
2026-06-07,Sunday,R10,11:00 AM,1,16,11,4,1,50,1,1
2026-06-07,Sunday,R1,1:00 PM,2,23,14,7,2,50,1,1
2026-06-07,Sunday,R2,1:00 PM,2,19,13,4,2,50,1,1
2026-06-07,Sunday,R3,1:00 PM,2,25,15,8,2,50,1,1
2026-06-07,Sunday,R4,1:00 PM,2,9,6,2,1,50,1,1
2026-06-07,Sunday,R5,1:00 PM,2,22,16,4,2,50,1,1
2026-06-07,Sunday,R6,1:00 PM,2,18,13,4,1,50,1,1
2026-06-07,Sunday,R7,1:00 PM,2,10,6,3,1,50,1,1
2026-06-07,Sunday,R8,1:00 PM,2,31,24,5,2,50,1,1
2026-06-07,Sunday,R9,1:00 PM,2,11,8,2,1,50,1,1
2026-06-07,Sunday,R10,1:00 PM,2,24,17,5,2,50,1,1
2026-06-07,Sunday,R1,4:00 PM,2,18,15,2,1,50,1,1
2026-06-07,Sunday,R2,4:00 PM,2,12,9,2,1,50,1,1
2026-06-07,Sunday,R3,4:00 PM,2,29,20,7,2,50,1,1
2026-06-07,Sunday,R4,4:00 PM,2,13,8,4,1,50,1,1
2026-06-07,Sunday,R5,4:00 PM,2,17,12,3,2,50,1,1
2026-06-07,Sunday,R6,4:00 PM,2,21,13,6,2,50,1,1
2026-06-07,Sunday,R7,4:00 PM,2,16,11,3,2,50,1,1
2026-06-07,Sunday,R8,4:00 PM,2,26,16,8,2,50,1,1
2026-06-07,Sunday,R9,4:00 PM,2,15,11,3,1,50,1,1
2026-06-07,Sunday,R10,4:00 PM,2,17,12,3,2,50,1,1
2026-06-07,Sunday,R1,6:00 PM,2,14,10,3,1,50,1,1
2026-06-07,Sunday,R2,6:00 PM,2,16,10,5,1,50,1,1
2026-06-07,Sunday,R3,6:00 PM,2,16,10,4,2,50,1,1
2026-06-07,Sunday,R4,6:00 PM,2,4,3,1,0,50,1,1
2026-06-07,Sunday,R5,6:00 PM,2,13,9,3,1,50,1,1
2026-06-07,Sunday,R6,6:00 PM,2,18,14,3,1,50,1,1
2026-06-07,Sunday,R7,6:00 PM,2,9,6,2,1,50,1,1
2026-06-07,Sunday,R8,6:00 PM,2,16,11,4,1,50,1,1
2026-06-07,Sunday,R9,6:00 PM,2,6,3,2,1,50,1,1
2026-06-07,Sunday,R10,6:00 PM,2,8,5,2,1,50,1,1
2026-06-08,Monday,R1,7:00 AM,1,68,46,16,6,50,1,0
2026-06-08,Monday,R2,7:00 AM,1,59,44,11,4,50,1,0
2026-06-08,Monday,R3,7:00 AM,1,95,60,26,9,50,2,0
2026-06-08,Monday,R4,7:00 AM,1,44,32,11,1,50,1,0
2026-06-08,Monday,R5,7:00 AM,1,74,59,10,5,50,2,0
2026-06-08,Monday,R6,7:00 AM,1,75,55,12,8,50,2,0
2026-06-08,Monday,R7,7:00 AM,1,50,34,12,4,50,1,0
2026-06-08,Monday,R8,7:00 AM,1,109,80,24,5,50,2,0
2026-06-08,Monday,R9,7:00 AM,1,41,31,8,2,50,1,0
2026-06-08,Monday,R10,7:00 AM,1,73,44,22,7,50,1,0
2026-06-08,Monday,R1,11:00 AM,1,38,27,8,3,50,1,0
2026-06-08,Monday,R2,11:00 AM,1,38,26,9,3,50,1,0
2026-06-08,Monday,R3,11:00 AM,1,57,40,13,4,50,1,0
2026-06-08,Monday,R4,11:00 AM,1,24,17,5,2,50,1,0
2026-06-08,Monday,R5,11:00 AM,1,40,27,9,4,50,1,0
2026-06-08,Monday,R6,11:00 AM,1,45,34,10,1,50,1,0
2026-06-08,Monday,R7,11:00 AM,1,31,21,7,3,50,1,0
2026-06-08,Monday,R8,11:00 AM,1,44,27,14,3,50,1,0
2026-06-08,Monday,R9,11:00 AM,1,24,18,4,2,50,1,0
2026-06-08,Monday,R10,11:00 AM,1,38,26,7,5,50,1,0
2026-06-08,Monday,R1,1:00 PM,2,58,39,13,6,50,1,0
2026-06-08,Monday,R2,1:00 PM,2,49,34,11,4,50,1,0
2026-06-08,Monday,R3,1:00 PM,2,93,65,20,8,50,2,0
2026-06-08,Monday,R4,1:00 PM,2,40,25,11,4,50,1,0
2026-06-08,Monday,R5,1:00 PM,2,59,42,10,7,50,1,0
2026-06-08,Monday,R6,1:00 PM,2,61,43,14,4,50,1,0
2026-06-08,Monday,R7,1:00 PM,2,42,28,10,4,50,1,0
2026-06-08,Monday,R8,1:00 PM,2,89,54,27,8,50,2,0
2026-06-08,Monday,R9,1:00 PM,2,30,19,8,3,50,1,0
2026-06-08,Monday,R10,1:00 PM,2,56,37,14,5,50,1,0
2026-06-08,Monday,R1,4:00 PM,2,49,31,14,4,50,1,0
2026-06-08,Monday,R2,4:00 PM,2,41,29,9,3,50,1,0
2026-06-08,Monday,R3,4:00 PM,2,61,45,9,7,50,1,0
2026-06-08,Monday,R4,4:00 PM,2,29,23,5,1,50,1,0
2026-06-08,Monday,R5,4:00 PM,2,45,33,7,5,50,1,0
2026-06-08,Monday,R6,4:00 PM,2,62,42,12,8,50,1,0
2026-06-08,Monday,R7,4:00 PM,2,39,30,8,1,50,1,0
2026-06-08,Monday,R8,4:00 PM,2,87,71,13,3,50,2,0
2026-06-08,Monday,R9,4:00 PM,2,30,17,10,3,50,1,0
2026-06-08,Monday,R10,4:00 PM,2,56,36,14,6,50,1,0
2026-06-08,Monday,R1,6:00 PM,2,37,25,9,3,50,1,0
2026-06-08,Monday,R2,6:00 PM,2,28,21,5,2,50,1,0
2026-06-08,Monday,R3,6:00 PM,2,39,29,8,2,50,1,0
2026-06-08,Monday,R4,6:00 PM,2,18,12,4,2,50,1,0
2026-06-08,Monday,R5,6:00 PM,2,35,28,5,2,50,1,0
2026-06-08,Monday,R6,6:00 PM,2,42,32,7,3,50,1,0
2026-06-08,Monday,R7,6:00 PM,2,27,20,5,2,50,1,0
2026-06-08,Monday,R8,6:00 PM,2,45,32,9,4,50,1,0
2026-06-08,Monday,R9,6:00 PM,2,13,9,3,1,50,1,0
2026-06-08,Monday,R10,6:00 PM,2,38,25,9,4,50,1,0
2026-06-09,Tuesday,R1,7:00 AM,1,73,53,14,6,50,2,0
2026-06-09,Tuesday,R2,7:00 AM,1,61,42,14,5,50,1,0
2026-06-09,Tuesday,R3,7:00 AM,1,90,69,17,4,50,2,0
2026-06-09,Tuesday,R4,7:00 AM,1,51,40,8,3,50,1,0
2026-06-09,Tuesday,R5,7:00 AM,1,64,42,17,5,50,1,0
2026-06-09,Tuesday,R6,7:00 AM,1,90,65,17,8,50,2,0
2026-06-09,Tuesday,R7,7:00 AM,1,49,31,16,2,50,1,0
2026-06-09,Tuesday,R8,7:00 AM,1,108,71,27,10,50,2,0
2026-06-09,Tuesday,R9,7:00 AM,1,37,26,8,3,50,1,0
2026-06-09,Tuesday,R10,7:00 AM,1,75,45,20,10,50,1,0
2026-06-09,Tuesday,R1,11:00 AM,1,38,29,6,3,50,1,0
2026-06-09,Tuesday,R2,11:00 AM,1,40,28,7,5,50,1,0
2026-06-09,Tuesday,R3,11:00 AM,1,59,42,11,6,50,1,0
2026-06-09,Tuesday,R4,11:00 AM,1,30,22,6,2,50,1,0
2026-06-09,Tuesday,R5,11:00 AM,1,36,28,6,2,50,1,0
2026-06-09,Tuesday,R6,11:00 AM,1,41,30,9,2,50,1,0
2026-06-09,Tuesday,R7,11:00 AM,1,29,22,4,3,50,1,0
2026-06-09,Tuesday,R8,11:00 AM,1,62,49,7,6,50,1,0
2026-06-09,Tuesday,R9,11:00 AM,1,25,18,4,3,50,1,0
2026-06-09,Tuesday,R10,11:00 AM,1,43,32,8,3,50,1,0
2026-06-09,Tuesday,R1,1:00 PM,2,62,42,14,6,50,1,0
2026-06-09,Tuesday,R2,1:00 PM,2,44,32,10,2,50,1,0
2026-06-09,Tuesday,R3,1:00 PM,2,77,59,13,5,50,2,0
2026-06-09,Tuesday,R4,1:00 PM,2,41,26,11,4,50,1,0
2026-06-09,Tuesday,R5,1:00 PM,2,51,35,10,6,50,1,0
2026-06-09,Tuesday,R6,1:00 PM,2,68,39,23,6,50,1,0
2026-06-09,Tuesday,R7,1:00 PM,2,43,30,9,4,50,1,0
2026-06-09,Tuesday,R8,1:00 PM,2,85,54,22,9,50,2,0
2026-06-09,Tuesday,R9,1:00 PM,2,29,24,4,1,50,1,0
2026-06-09,Tuesday,R10,1:00 PM,2,65,52,11,2,50,2,0
2026-06-09,Tuesday,R1,4:00 PM,2,52,30,18,4,50,1,0
2026-06-09,Tuesday,R2,4:00 PM,2,43,30,10,3,50,1,0
2026-06-09,Tuesday,R3,4:00 PM,2,71,50,15,6,50,1,0
2026-06-09,Tuesday,R4,4:00 PM,2,32,23,6,3,50,1,0
2026-06-09,Tuesday,R5,4:00 PM,2,47,34,9,4,50,1,0
2026-06-09,Tuesday,R6,4:00 PM,2,53,37,12,4,50,1,0
2026-06-09,Tuesday,R7,4:00 PM,2,40,27,10,3,50,1,0
2026-06-09,Tuesday,R8,4:00 PM,2,78,48,23,7,50,1,0
2026-06-09,Tuesday,R9,4:00 PM,2,27,22,4,1,50,1,0
2026-06-09,Tuesday,R10,4:00 PM,2,52,38,10,4,50,1,0
2026-06-09,Tuesday,R1,6:00 PM,2,35,23,9,3,50,1,0
2026-06-09,Tuesday,R2,6:00 PM,2,29,22,6,1,50,1,0
2026-06-09,Tuesday,R3,6:00 PM,2,42,31,9,2,50,1,0
2026-06-09,Tuesday,R4,6:00 PM,2,23,13,7,3,50,1,0
2026-06-09,Tuesday,R5,6:00 PM,2,32,20,9,3,50,1,0
2026-06-09,Tuesday,R6,6:00 PM,2,38,28,7,3,50,1,0
2026-06-09,Tuesday,R7,6:00 PM,2,24,17,5,2,50,1,0
2026-06-09,Tuesday,R8,6:00 PM,2,50,33,12,5,50,1,0
2026-06-09,Tuesday,R9,6:00 PM,2,21,17,3,1,50,1,0
2026-06-09,Tuesday,R10,6:00 PM,2,39,30,6,3,50,1,0
2026-06-10,Wednesday,R1,7:00 AM,1,65,51,8,6,50,2,0
2026-06-10,Wednesday,R2,7:00 AM,1,62,48,12,2,50,1,0
2026-06-10,Wednesday,R3,7:00 AM,1,91,65,22,4,50,2,0
2026-06-10,Wednesday,R4,7:00 AM,1,46,32,10,4,50,1,0
2026-06-10,Wednesday,R5,7:00 AM,1,69,49,12,8,50,1,0
2026-06-10,Wednesday,R6,7:00 AM,1,81,58,18,5,50,2,0
2026-06-10,Wednesday,R7,7:00 AM,1,50,37,9,4,50,1,0
2026-06-10,Wednesday,R8,7:00 AM,1,119,96,18,5,50,2,0
2026-06-10,Wednesday,R9,7:00 AM,1,42,30,9,3,50,1,0
2026-06-10,Wednesday,R10,7:00 AM,1,82,56,16,10,50,2,0
2026-06-10,Wednesday,R1,11:00 AM,1,42,28,8,6,50,1,0
2026-06-10,Wednesday,R2,11:00 AM,1,30,19,8,3,50,1,0
2026-06-10,Wednesday,R3,11:00 AM,1,58,36,17,5,50,1,0
2026-06-10,Wednesday,R4,11:00 AM,1,22,16,5,1,50,1,0
2026-06-10,Wednesday,R5,11:00 AM,1,43,30,10,3,50,1,0
2026-06-10,Wednesday,R6,11:00 AM,1,46,36,7,3,50,1,0
2026-06-10,Wednesday,R7,11:00 AM,1,32,24,6,2,50,1,0
2026-06-10,Wednesday,R8,11:00 AM,1,60,37,17,6,50,1,0
2026-06-10,Wednesday,R9,11:00 AM,1,24,19,4,1,50,1,0
2026-06-10,Wednesday,R10,11:00 AM,1,47,34,10,3,50,1,0
2026-06-10,Wednesday,R1,1:00 PM,2,65,43,16,6,50,1,0
2026-06-10,Wednesday,R2,1:00 PM,2,56,39,11,6,50,1,0
2026-06-10,Wednesday,R3,1:00 PM,2,78,51,18,9,50,2,0
2026-06-10,Wednesday,R4,1:00 PM,2,38,25,9,4,50,1,0
2026-06-10,Wednesday,R5,1:00 PM,2,54,41,10,3,50,1,0
2026-06-10,Wednesday,R6,1:00 PM,2,57,36,18,3,50,1,0
2026-06-10,Wednesday,R7,1:00 PM,2,42,29,9,4,50,1,0
2026-06-10,Wednesday,R8,1:00 PM,2,92,62,24,6,50,2,0
2026-06-10,Wednesday,R9,1:00 PM,2,31,22,7,2,50,1,0
2026-06-10,Wednesday,R10,1:00 PM,2,70,46,17,7,50,1,0
2026-06-10,Wednesday,R1,4:00 PM,2,53,34,15,4,50,1,0
2026-06-10,Wednesday,R2,4:00 PM,2,36,25,9,2,50,1,0
2026-06-10,Wednesday,R3,4:00 PM,2,64,41,16,7,50,1,0
2026-06-10,Wednesday,R4,4:00 PM,2,32,20,8,4,50,1,0
2026-06-10,Wednesday,R5,4:00 PM,2,49,27,17,5,50,1,0
2026-06-10,Wednesday,R6,4:00 PM,2,49,32,13,4,50,1,0
2026-06-10,Wednesday,R7,4:00 PM,2,40,27,10,3,50,1,0
2026-06-10,Wednesday,R8,4:00 PM,2,66,48,14,4,50,1,0
2026-06-10,Wednesday,R9,4:00 PM,2,25,16,6,3,50,1,0
2026-06-10,Wednesday,R10,4:00 PM,2,55,41,9,5,50,1,0
2026-06-10,Wednesday,R1,6:00 PM,2,38,28,7,3,50,1,0
2026-06-10,Wednesday,R2,6:00 PM,2,28,20,5,3,50,1,0
2026-06-10,Wednesday,R3,6:00 PM,2,45,31,11,3,50,1,0
2026-06-10,Wednesday,R4,6:00 PM,2,20,14,5,1,50,1,0
2026-06-10,Wednesday,R5,6:00 PM,2,38,27,8,3,50,1,0
2026-06-10,Wednesday,R6,6:00 PM,2,42,34,6,2,50,1,0
2026-06-10,Wednesday,R7,6:00 PM,2,20,13,6,1,50,1,0
2026-06-10,Wednesday,R8,6:00 PM,2,61,44,12,5,50,1,0
2026-06-10,Wednesday,R9,6:00 PM,2,23,13,7,3,50,1,0
2026-06-10,Wednesday,R10,6:00 PM,2,40,25,11,4,50,1,0
2026-06-11,Thursday,R1,7:00 AM,1,76,56,15,5,50,2,0
2026-06-11,Thursday,R2,7:00 AM,1,58,42,12,4,50,1,0
2026-06-11,Thursday,R3,7:00 AM,1,100,65,27,8,50,2,0
2026-06-11,Thursday,R4,7:00 AM,1,50,38,8,4,50,1,0
2026-06-11,Thursday,R5,7:00 AM,1,64,51,8,5,50,2,0
2026-06-11,Thursday,R6,7:00 AM,1,81,49,24,8,50,1,0
2026-06-11,Thursday,R7,7:00 AM,1,48,28,15,5,50,1,0
2026-06-11,Thursday,R8,7:00 AM,1,110,81,23,6,50,2,0
2026-06-11,Thursday,R9,7:00 AM,1,37,22,10,5,50,1,0
2026-06-11,Thursday,R10,7:00 AM,1,85,64,17,4,50,2,0
2026-06-11,Thursday,R1,11:00 AM,1,40,31,5,4,50,1,0
2026-06-11,Thursday,R2,11:00 AM,1,31,24,6,1,50,1,0
2026-06-11,Thursday,R3,11:00 AM,1,54,41,10,3,50,1,0
2026-06-11,Thursday,R4,11:00 AM,1,16,11,3,2,50,1,0
2026-06-11,Thursday,R5,11:00 AM,1,42,31,8,3,50,1,0
2026-06-11,Thursday,R6,11:00 AM,1,47,35,8,4,50,1,0
2026-06-11,Thursday,R7,11:00 AM,1,31,20,9,2,50,1,0
2026-06-11,Thursday,R8,11:00 AM,1,57,44,10,3,50,1,0
2026-06-11,Thursday,R9,11:00 AM,1,20,13,5,2,50,1,0
2026-06-11,Thursday,R10,11:00 AM,1,39,25,11,3,50,1,0
2026-06-11,Thursday,R1,1:00 PM,2,59,46,11,2,50,1,0
2026-06-11,Thursday,R2,1:00 PM,2,51,34,13,4,50,1,0
2026-06-11,Thursday,R3,1:00 PM,2,78,56,19,3,50,2,0
2026-06-11,Thursday,R4,1:00 PM,2,35,24,9,2,50,1,0
2026-06-11,Thursday,R5,1:00 PM,2,57,43,9,5,50,1,0
2026-06-11,Thursday,R6,1:00 PM,2,67,51,9,7,50,2,0
2026-06-11,Thursday,R7,1:00 PM,2,40,30,7,3,50,1,0
2026-06-11,Thursday,R8,1:00 PM,2,94,70,16,8,50,2,0
2026-06-11,Thursday,R9,1:00 PM,2,32,21,8,3,50,1,0
2026-06-11,Thursday,R10,1:00 PM,2,60,44,11,5,50,1,0
2026-06-11,Thursday,R1,4:00 PM,2,46,38,4,4,50,1,0
2026-06-11,Thursday,R2,4:00 PM,2,44,38,4,2,50,1,0
2026-06-11,Thursday,R3,4:00 PM,2,70,41,23,6,50,1,0
2026-06-11,Thursday,R4,4:00 PM,2,29,20,6,3,50,1,0
2026-06-11,Thursday,R5,4:00 PM,2,45,34,8,3,50,1,0
2026-06-11,Thursday,R6,4:00 PM,2,53,35,12,6,50,1,0
2026-06-11,Thursday,R7,4:00 PM,2,37,26,8,3,50,1,0
2026-06-11,Thursday,R8,4:00 PM,2,64,42,17,5,50,1,0
2026-06-11,Thursday,R9,4:00 PM,2,26,14,10,2,50,1,0
2026-06-11,Thursday,R10,4:00 PM,2,50,35,10,5,50,1,0
2026-06-11,Thursday,R1,6:00 PM,2,35,26,5,4,50,1,0
2026-06-11,Thursday,R2,6:00 PM,2,26,15,8,3,50,1,0
2026-06-11,Thursday,R3,6:00 PM,2,44,28,12,4,50,1,0
2026-06-11,Thursday,R4,6:00 PM,2,24,17,6,1,50,1,0
2026-06-11,Thursday,R5,6:00 PM,2,31,21,8,2,50,1,0
2026-06-11,Thursday,R6,6:00 PM,2,38,28,7,3,50,1,0
2026-06-11,Thursday,R7,6:00 PM,2,31,24,5,2,50,1,0
2026-06-11,Thursday,R8,6:00 PM,2,56,39,12,5,50,1,0
2026-06-11,Thursday,R9,6:00 PM,2,15,10,4,1,50,1,0
2026-06-11,Thursday,R10,6:00 PM,2,39,22,11,6,50,1,0
2026-06-12,Friday,R1,7:00 AM,1,75,51,18,6,50,2,0
2026-06-12,Friday,R2,7:00 AM,1,56,39,13,4,50,1,0
2026-06-12,Friday,R3,7:00 AM,1,96,64,27,5,50,2,0
2026-06-12,Friday,R4,7:00 AM,1,49,31,14,4,50,1,0
2026-06-12,Friday,R5,7:00 AM,1,56,39,11,6,50,1,0
2026-06-12,Friday,R6,7:00 AM,1,82,62,14,6,50,2,0
2026-06-12,Friday,R7,7:00 AM,1,55,37,14,4,50,1,0
2026-06-12,Friday,R8,7:00 AM,1,102,76,20,6,50,2,0
2026-06-12,Friday,R9,7:00 AM,1,43,29,9,5,50,1,0
2026-06-12,Friday,R10,7:00 AM,1,85,56,23,6,50,2,0
2026-06-12,Friday,R1,11:00 AM,1,41,30,9,2,50,1,0
2026-06-12,Friday,R2,11:00 AM,1,33,24,5,4,50,1,0
2026-06-12,Friday,R3,11:00 AM,1,50,34,12,4,50,1,0
2026-06-12,Friday,R4,11:00 AM,1,24,16,6,2,50,1,0
2026-06-12,Friday,R5,11:00 AM,1,40,31,6,3,50,1,0
2026-06-12,Friday,R6,11:00 AM,1,52,40,9,3,50,1,0
2026-06-12,Friday,R7,11:00 AM,1,30,20,7,3,50,1,0
2026-06-12,Friday,R8,11:00 AM,1,60,39,15,6,50,1,0
2026-06-12,Friday,R9,11:00 AM,1,22,15,5,2,50,1,0
2026-06-12,Friday,R10,11:00 AM,1,48,35,10,3,50,1,0
2026-06-12,Friday,R1,1:00 PM,2,64,48,14,2,50,1,0
2026-06-12,Friday,R2,1:00 PM,2,51,37,10,4,50,1,0
2026-06-12,Friday,R3,1:00 PM,2,80,54,18,8,50,2,0
2026-06-12,Friday,R4,1:00 PM,2,36,24,9,3,50,1,0
2026-06-12,Friday,R5,1:00 PM,2,59,41,15,3,50,1,0
2026-06-12,Friday,R6,1:00 PM,2,73,52,14,7,50,2,0
2026-06-12,Friday,R7,1:00 PM,2,44,27,14,3,50,1,0
2026-06-12,Friday,R8,1:00 PM,2,84,60,18,6,50,2,0
2026-06-12,Friday,R9,1:00 PM,2,34,27,5,2,50,1,0
2026-06-12,Friday,R10,1:00 PM,2,57,35,15,7,50,1,0
2026-06-12,Friday,R1,4:00 PM,2,50,35,11,4,50,1,0
2026-06-12,Friday,R2,4:00 PM,2,44,32,8,4,50,1,0
2026-06-12,Friday,R3,4:00 PM,2,72,48,18,6,50,1,0
2026-06-12,Friday,R4,4:00 PM,2,35,29,3,3,50,1,0
2026-06-12,Friday,R5,4:00 PM,2,45,35,6,4,50,1,0
2026-06-12,Friday,R6,4:00 PM,2,64,43,14,7,50,1,0
2026-06-12,Friday,R7,4:00 PM,2,41,24,12,5,50,1,0
2026-06-12,Friday,R8,4:00 PM,2,78,58,17,3,50,2,0
2026-06-12,Friday,R9,4:00 PM,2,26,18,5,3,50,1,0
2026-06-12,Friday,R10,4:00 PM,2,52,35,12,5,50,1,0
2026-06-12,Friday,R1,6:00 PM,2,35,22,11,2,50,1,0
2026-06-12,Friday,R2,6:00 PM,2,28,22,5,1,50,1,0
2026-06-12,Friday,R3,6:00 PM,2,43,31,9,3,50,1,0
2026-06-12,Friday,R4,6:00 PM,2,20,15,3,2,50,1,0
2026-06-12,Friday,R5,6:00 PM,2,28,19,7,2,50,1,0
2026-06-12,Friday,R6,6:00 PM,2,35,26,7,2,50,1,0
2026-06-12,Friday,R7,6:00 PM,2,26,18,7,1,50,1,0
2026-06-12,Friday,R8,6:00 PM,2,51,35,11,5,50,1,0
2026-06-12,Friday,R9,6:00 PM,2,19,15,3,1,50,1,0
2026-06-12,Friday,R10,6:00 PM,2,34,22,9,3,50,1,0
2026-06-13,Saturday,R1,7:00 AM,1,31,22,7,2,50,1,1
2026-06-13,Saturday,R2,7:00 AM,1,16,13,2,1,50,1,1
2026-06-13,Saturday,R3,7:00 AM,1,34,25,8,1,50,1,1
2026-06-13,Saturday,R4,7:00 AM,1,18,12,4,2,50,1,1
2026-06-13,Saturday,R5,7:00 AM,1,29,19,8,2,50,1,1
2026-06-13,Saturday,R6,7:00 AM,1,26,21,3,2,50,1,1
2026-06-13,Saturday,R7,7:00 AM,1,18,14,3,1,50,1,1
2026-06-13,Saturday,R8,7:00 AM,1,37,27,8,2,50,1,1
2026-06-13,Saturday,R9,7:00 AM,1,14,10,3,1,50,1,1
2026-06-13,Saturday,R10,7:00 AM,1,31,22,7,2,50,1,1
2026-06-13,Saturday,R1,11:00 AM,1,16,10,4,2,50,1,1
2026-06-13,Saturday,R2,11:00 AM,1,12,9,2,1,50,1,1
2026-06-13,Saturday,R3,11:00 AM,1,15,11,3,1,50,1,1
2026-06-13,Saturday,R4,11:00 AM,1,8,6,2,0,50,1,1
2026-06-13,Saturday,R5,11:00 AM,1,11,8,2,1,50,1,1
2026-06-13,Saturday,R6,11:00 AM,1,13,8,4,1,50,1,1
2026-06-13,Saturday,R7,11:00 AM,1,13,9,3,1,50,1,1
2026-06-13,Saturday,R8,11:00 AM,1,26,19,4,3,50,1,1
2026-06-13,Saturday,R9,11:00 AM,1,10,7,2,1,50,1,1
2026-06-13,Saturday,R10,11:00 AM,1,14,10,3,1,50,1,1
2026-06-13,Saturday,R1,1:00 PM,2,20,13,5,2,50,1,1
2026-06-13,Saturday,R2,1:00 PM,2,11,8,3,0,50,1,1
2026-06-13,Saturday,R3,1:00 PM,2,30,20,8,2,50,1,1
2026-06-13,Saturday,R4,1:00 PM,2,12,9,2,1,50,1,1
2026-06-13,Saturday,R5,1:00 PM,2,19,12,5,2,50,1,1
2026-06-13,Saturday,R6,1:00 PM,2,28,21,5,2,50,1,1
2026-06-13,Saturday,R7,1:00 PM,2,10,7,2,1,50,1,1
2026-06-13,Saturday,R8,1:00 PM,2,35,27,6,2,50,1,1
2026-06-13,Saturday,R9,1:00 PM,2,11,7,3,1,50,1,1
2026-06-13,Saturday,R10,1:00 PM,2,23,16,5,2,50,1,1
2026-06-13,Saturday,R1,4:00 PM,2,19,14,4,1,50,1,1
2026-06-13,Saturday,R2,4:00 PM,2,14,10,3,1,50,1,1
2026-06-13,Saturday,R3,4:00 PM,2,22,13,7,2,50,1,1
2026-06-13,Saturday,R4,4:00 PM,2,10,6,3,1,50,1,1
2026-06-13,Saturday,R5,4:00 PM,2,20,13,5,2,50,1,1
2026-06-13,Saturday,R6,4:00 PM,2,21,17,3,1,50,1,1
2026-06-13,Saturday,R7,4:00 PM,2,9,6,2,1,50,1,1
2026-06-13,Saturday,R8,4:00 PM,2,32,21,8,3,50,1,1
2026-06-13,Saturday,R9,4:00 PM,2,4,3,1,0,50,1,1
2026-06-13,Saturday,R10,4:00 PM,2,17,12,4,1,50,1,1
2026-06-13,Saturday,R1,6:00 PM,2,6,4,2,0,50,1,1
2026-06-13,Saturday,R2,6:00 PM,2,10,6,3,1,50,1,1
2026-06-13,Saturday,R3,6:00 PM,2,8,5,2,1,50,1,1
2026-06-13,Saturday,R4,6:00 PM,2,13,10,2,1,50,1,1
2026-06-13,Saturday,R5,6:00 PM,2,10,7,2,1,50,1,1
2026-06-13,Saturday,R6,6:00 PM,2,9,6,2,1,50,1,1
2026-06-13,Saturday,R7,6:00 PM,2,12,8,3,1,50,1,1
2026-06-13,Saturday,R8,6:00 PM,2,16,11,4,1,50,1,1
2026-06-13,Saturday,R9,6:00 PM,2,8,5,2,1,50,1,1
2026-06-13,Saturday,R10,6:00 PM,2,13,8,4,1,50,1,1
2026-06-14,Sunday,R1,7:00 AM,1,20,13,6,1,50,1,1
2026-06-14,Sunday,R2,7:00 AM,1,18,13,3,2,50,1,1
2026-06-14,Sunday,R3,7:00 AM,1,27,14,10,3,50,1,1
2026-06-14,Sunday,R4,7:00 AM,1,16,12,3,1,50,1,1
2026-06-14,Sunday,R5,7:00 AM,1,25,17,6,2,50,1,1
2026-06-14,Sunday,R6,7:00 AM,1,29,21,6,2,50,1,1
2026-06-14,Sunday,R7,7:00 AM,1,18,11,5,2,50,1,1
2026-06-14,Sunday,R8,7:00 AM,1,28,19,7,2,50,1,1
2026-06-14,Sunday,R9,7:00 AM,1,13,9,3,1,50,1,1
2026-06-14,Sunday,R10,7:00 AM,1,29,21,5,3,50,1,1
2026-06-14,Sunday,R1,11:00 AM,1,11,8,2,1,50,1,1
2026-06-14,Sunday,R2,11:00 AM,1,14,9,4,1,50,1,1
2026-06-14,Sunday,R3,11:00 AM,1,20,14,5,1,50,1,1
2026-06-14,Sunday,R4,11:00 AM,1,10,6,3,1,50,1,1
2026-06-14,Sunday,R5,11:00 AM,1,17,11,4,2,50,1,1
2026-06-14,Sunday,R6,11:00 AM,1,19,14,4,1,50,1,1
2026-06-14,Sunday,R7,11:00 AM,1,10,7,2,1,50,1,1
2026-06-14,Sunday,R8,11:00 AM,1,20,15,4,1,50,1,1
2026-06-14,Sunday,R9,11:00 AM,1,2,2,0,0,50,1,1
2026-06-14,Sunday,R10,11:00 AM,1,12,8,3,1,50,1,1
2026-06-14,Sunday,R1,1:00 PM,2,16,12,3,1,50,1,1
2026-06-14,Sunday,R2,1:00 PM,2,14,9,4,1,50,1,1
2026-06-14,Sunday,R3,1:00 PM,2,26,21,3,2,50,1,1
2026-06-14,Sunday,R4,1:00 PM,2,9,6,2,1,50,1,1
2026-06-14,Sunday,R5,1:00 PM,2,24,19,4,1,50,1,1
2026-06-14,Sunday,R6,1:00 PM,2,24,14,7,3,50,1,1
2026-06-14,Sunday,R7,1:00 PM,2,16,11,3,2,50,1,1
2026-06-14,Sunday,R8,1:00 PM,2,27,17,7,3,50,1,1
2026-06-14,Sunday,R9,1:00 PM,2,14,8,5,1,50,1,1
2026-06-14,Sunday,R10,1:00 PM,2,20,15,4,1,50,1,1
2026-06-14,Sunday,R1,4:00 PM,2,16,12,3,1,50,1,1
2026-06-14,Sunday,R2,4:00 PM,2,15,10,3,2,50,1,1
2026-06-14,Sunday,R3,4:00 PM,2,23,16,5,2,50,1,1
2026-06-14,Sunday,R4,4:00 PM,2,11,7,3,1,50,1,1
2026-06-14,Sunday,R5,4:00 PM,2,15,11,3,1,50,1,1
2026-06-14,Sunday,R6,4:00 PM,2,18,12,4,2,50,1,1
2026-06-14,Sunday,R7,4:00 PM,2,14,10,3,1,50,1,1
2026-06-14,Sunday,R8,4:00 PM,2,25,17,6,2,50,1,1
2026-06-14,Sunday,R9,4:00 PM,2,10,8,2,0,50,1,1
2026-06-14,Sunday,R10,4:00 PM,2,18,11,5,2,50,1,1
2026-06-14,Sunday,R1,6:00 PM,2,15,10,4,1,50,1,1
2026-06-14,Sunday,R2,6:00 PM,2,10,7,2,1,50,1,1
2026-06-14,Sunday,R3,6:00 PM,2,18,12,5,1,50,1,1
2026-06-14,Sunday,R4,6:00 PM,2,6,4,1,1,50,1,1
2026-06-14,Sunday,R5,6:00 PM,2,7,6,1,0,50,1,1
2026-06-14,Sunday,R6,6:00 PM,2,10,7,2,1,50,1,1
2026-06-14,Sunday,R7,6:00 PM,2,7,4,2,1,50,1,1
2026-06-14,Sunday,R8,6:00 PM,2,19,13,5,1,50,1,1
2026-06-14,Sunday,R9,6:00 PM,2,10,7,2,1,50,1,1
2026-06-14,Sunday,R10,6:00 PM,2,10,8,1,1,50,1,1
2026-06-15,Monday,R1,7:00 AM,1,74,57,13,4,50,2,0
2026-06-15,Monday,R2,7:00 AM,1,63,45,10,8,50,1,0
2026-06-15,Monday,R3,7:00 AM,1,88,60,22,6,50,2,0
2026-06-15,Monday,R4,7:00 AM,1,47,34,9,4,50,1,0
2026-06-15,Monday,R5,7:00 AM,1,68,49,12,7,50,1,0
2026-06-15,Monday,R6,7:00 AM,1,79,59,16,4,50,2,0
2026-06-15,Monday,R7,7:00 AM,1,41,26,9,6,50,1,0
2026-06-15,Monday,R8,7:00 AM,1,112,79,25,8,50,2,0
2026-06-15,Monday,R9,7:00 AM,1,38,27,9,2,50,1,0
2026-06-15,Monday,R10,7:00 AM,1,83,54,21,8,50,2,0
2026-06-15,Monday,R1,11:00 AM,1,41,28,9,4,50,1,0
2026-06-15,Monday,R2,11:00 AM,1,34,25,7,2,50,1,0
2026-06-15,Monday,R3,11:00 AM,1,53,34,16,3,50,1,0
2026-06-15,Monday,R4,11:00 AM,1,20,13,5,2,50,1,0
2026-06-15,Monday,R5,11:00 AM,1,38,26,9,3,50,1,0
2026-06-15,Monday,R6,11:00 AM,1,50,40,7,3,50,1,0
2026-06-15,Monday,R7,11:00 AM,1,28,22,4,2,50,1,0
2026-06-15,Monday,R8,11:00 AM,1,65,45,14,6,50,1,0
2026-06-15,Monday,R9,11:00 AM,1,17,13,3,1,50,1,0
2026-06-15,Monday,R10,11:00 AM,1,41,25,12,4,50,1,0
2026-06-15,Monday,R1,1:00 PM,2,54,36,13,5,50,1,0
2026-06-15,Monday,R2,1:00 PM,2,52,33,16,3,50,1,0
2026-06-15,Monday,R3,1:00 PM,2,73,57,11,5,50,2,0
2026-06-15,Monday,R4,1:00 PM,2,38,25,10,3,50,1,0
2026-06-15,Monday,R5,1:00 PM,2,54,39,12,3,50,1,0
2026-06-15,Monday,R6,1:00 PM,2,78,60,11,7,50,2,0
2026-06-15,Monday,R7,1:00 PM,2,50,35,11,4,50,1,0
2026-06-15,Monday,R8,1:00 PM,2,84,56,18,10,50,2,0
2026-06-15,Monday,R9,1:00 PM,2,25,17,7,1,50,1,0
2026-06-15,Monday,R10,1:00 PM,2,61,43,12,6,50,1,0
2026-06-15,Monday,R1,4:00 PM,2,44,27,11,6,50,1,0
2026-06-15,Monday,R2,4:00 PM,2,36,26,8,2,50,1,0
2026-06-15,Monday,R3,4:00 PM,2,69,50,15,4,50,1,0
2026-06-15,Monday,R4,4:00 PM,2,33,21,10,2,50,1,0
2026-06-15,Monday,R5,4:00 PM,2,50,39,8,3,50,1,0
2026-06-15,Monday,R6,4:00 PM,2,60,37,18,5,50,1,0
2026-06-15,Monday,R7,4:00 PM,2,35,25,8,2,50,1,0
2026-06-15,Monday,R8,4:00 PM,2,77,52,20,5,50,2,0
2026-06-15,Monday,R9,4:00 PM,2,25,17,6,2,50,1,0
2026-06-15,Monday,R10,4:00 PM,2,53,32,17,4,50,1,0
2026-06-15,Monday,R1,6:00 PM,2,33,24,6,3,50,1,0
2026-06-15,Monday,R2,6:00 PM,2,27,19,5,3,50,1,0
2026-06-15,Monday,R3,6:00 PM,2,51,39,10,2,50,1,0
2026-06-15,Monday,R4,6:00 PM,2,25,18,5,2,50,1,0
2026-06-15,Monday,R5,6:00 PM,2,27,19,7,1,50,1,0
2026-06-15,Monday,R6,6:00 PM,2,42,31,9,2,50,1,0
2026-06-15,Monday,R7,6:00 PM,2,24,16,6,2,50,1,0
2026-06-15,Monday,R8,6:00 PM,2,53,34,17,2,50,1,0
2026-06-15,Monday,R9,6:00 PM,2,23,17,5,1,50,1,0
2026-06-15,Monday,R10,6:00 PM,2,32,22,7,3,50,1,0
2026-06-16,Tuesday,R1,7:00 AM,1,71,47,21,3,50,1,0
2026-06-16,Tuesday,R2,7:00 AM,1,58,44,9,5,50,1,0
2026-06-16,Tuesday,R3,7:00 AM,1,102,79,20,3,50,2,0
2026-06-16,Tuesday,R4,7:00 AM,1,46,31,11,4,50,1,0
2026-06-16,Tuesday,R5,7:00 AM,1,75,56,12,7,50,2,0
2026-06-16,Tuesday,R6,7:00 AM,1,90,70,12,8,50,2,0
2026-06-16,Tuesday,R7,7:00 AM,1,50,35,11,4,50,1,0
2026-06-16,Tuesday,R8,7:00 AM,1,101,74,19,8,50,2,0
2026-06-16,Tuesday,R9,7:00 AM,1,35,26,6,3,50,1,0
2026-06-16,Tuesday,R10,7:00 AM,1,69,46,17,6,50,1,0
2026-06-16,Tuesday,R1,11:00 AM,1,34,24,6,4,50,1,0
2026-06-16,Tuesday,R2,11:00 AM,1,29,20,6,3,50,1,0
2026-06-16,Tuesday,R3,11:00 AM,1,56,40,12,4,50,1,0
2026-06-16,Tuesday,R4,11:00 AM,1,29,17,9,3,50,1,0
2026-06-16,Tuesday,R5,11:00 AM,1,38,29,7,2,50,1,0
2026-06-16,Tuesday,R6,11:00 AM,1,47,31,11,5,50,1,0
2026-06-16,Tuesday,R7,11:00 AM,1,31,24,4,3,50,1,0
2026-06-16,Tuesday,R8,11:00 AM,1,53,37,11,5,50,1,0
2026-06-16,Tuesday,R9,11:00 AM,1,27,14,10,3,50,1,0
2026-06-16,Tuesday,R10,11:00 AM,1,41,27,10,4,50,1,0
2026-06-16,Tuesday,R1,1:00 PM,2,58,35,18,5,50,1,0
2026-06-16,Tuesday,R2,1:00 PM,2,49,33,12,4,50,1,0
2026-06-16,Tuesday,R3,1:00 PM,2,83,62,16,5,50,2,0
2026-06-16,Tuesday,R4,1:00 PM,2,34,23,8,3,50,1,0
2026-06-16,Tuesday,R5,1:00 PM,2,58,35,18,5,50,1,0
2026-06-16,Tuesday,R6,1:00 PM,2,71,54,12,5,50,2,0
2026-06-16,Tuesday,R7,1:00 PM,2,45,30,12,3,50,1,0
2026-06-16,Tuesday,R8,1:00 PM,2,86,68,12,6,50,2,0
2026-06-16,Tuesday,R9,1:00 PM,2,34,23,8,3,50,1,0
2026-06-16,Tuesday,R10,1:00 PM,2,63,45,14,4,50,1,0
2026-06-16,Tuesday,R1,4:00 PM,2,53,35,13,5,50,1,0
2026-06-16,Tuesday,R2,4:00 PM,2,39,31,4,4,50,1,0
2026-06-16,Tuesday,R3,4:00 PM,2,64,47,11,6,50,1,0
2026-06-16,Tuesday,R4,4:00 PM,2,30,19,8,3,50,1,0
2026-06-16,Tuesday,R5,4:00 PM,2,50,36,8,6,50,1,0
2026-06-16,Tuesday,R6,4:00 PM,2,59,42,12,5,50,1,0
2026-06-16,Tuesday,R7,4:00 PM,2,31,22,7,2,50,1,0
2026-06-16,Tuesday,R8,4:00 PM,2,66,50,9,7,50,1,0
2026-06-16,Tuesday,R9,4:00 PM,2,25,16,7,2,50,1,0
2026-06-16,Tuesday,R10,4:00 PM,2,46,33,8,5,50,1,0
2026-06-16,Tuesday,R1,6:00 PM,2,34,24,7,3,50,1,0
2026-06-16,Tuesday,R2,6:00 PM,2,29,18,8,3,50,1,0
2026-06-16,Tuesday,R3,6:00 PM,2,44,34,7,3,50,1,0
2026-06-16,Tuesday,R4,6:00 PM,2,22,17,4,1,50,1,0
2026-06-16,Tuesday,R5,6:00 PM,2,34,24,7,3,50,1,0
2026-06-16,Tuesday,R6,6:00 PM,2,37,27,8,2,50,1,0
2026-06-16,Tuesday,R7,6:00 PM,2,28,19,8,1,50,1,0
2026-06-16,Tuesday,R8,6:00 PM,2,47,37,7,3,50,1,0
2026-06-16,Tuesday,R9,6:00 PM,2,18,14,3,1,50,1,0
2026-06-16,Tuesday,R10,6:00 PM,2,33,22,8,3,50,1,0
2026-06-17,Wednesday,R1,7:00 AM,1,68,47,16,5,50,1,0
2026-06-17,Wednesday,R2,7:00 AM,1,57,34,17,6,50,1,0
2026-06-17,Wednesday,R3,7:00 AM,1,85,54,22,9,50,2,0
2026-06-17,Wednesday,R4,7:00 AM,1,41,25,11,5,50,1,0
2026-06-17,Wednesday,R5,7:00 AM,1,62,44,11,7,50,1,0
2026-06-17,Wednesday,R6,7:00 AM,1,84,56,21,7,50,2,0
2026-06-17,Wednesday,R7,7:00 AM,1,54,40,8,6,50,1,0
2026-06-17,Wednesday,R8,7:00 AM,1,115,82,24,9,50,2,0
2026-06-17,Wednesday,R9,7:00 AM,1,33,22,8,3,50,1,0
2026-06-17,Wednesday,R10,7:00 AM,1,76,50,21,5,50,1,0
2026-06-17,Wednesday,R1,11:00 AM,1,41,31,7,3,50,1,0
2026-06-17,Wednesday,R2,11:00 AM,1,31,22,7,2,50,1,0
2026-06-17,Wednesday,R3,11:00 AM,1,52,34,14,4,50,1,0
2026-06-17,Wednesday,R4,11:00 AM,1,20,12,6,2,50,1,0
2026-06-17,Wednesday,R5,11:00 AM,1,34,23,9,2,50,1,0
2026-06-17,Wednesday,R6,11:00 AM,1,46,32,11,3,50,1,0
2026-06-17,Wednesday,R7,11:00 AM,1,26,20,5,1,50,1,0
2026-06-17,Wednesday,R8,11:00 AM,1,54,39,12,3,50,1,0
2026-06-17,Wednesday,R9,11:00 AM,1,23,14,7,2,50,1,0
2026-06-17,Wednesday,R10,11:00 AM,1,43,28,11,4,50,1,0
2026-06-17,Wednesday,R1,1:00 PM,2,59,39,15,5,50,1,0
2026-06-17,Wednesday,R2,1:00 PM,2,43,28,11,4,50,1,0
2026-06-17,Wednesday,R3,1:00 PM,2,73,50,16,7,50,1,0
2026-06-17,Wednesday,R4,1:00 PM,2,36,21,10,5,50,1,0
2026-06-17,Wednesday,R5,1:00 PM,2,52,39,8,5,50,1,0
2026-06-17,Wednesday,R6,1:00 PM,2,71,48,15,8,50,1,0
2026-06-17,Wednesday,R7,1:00 PM,2,38,26,10,2,50,1,0
2026-06-17,Wednesday,R8,1:00 PM,2,98,61,31,6,50,2,0
2026-06-17,Wednesday,R9,1:00 PM,2,30,20,8,2,50,1,0
2026-06-17,Wednesday,R10,1:00 PM,2,62,46,14,2,50,1,0
2026-06-17,Wednesday,R1,4:00 PM,2,50,38,9,3,50,1,0
2026-06-17,Wednesday,R2,4:00 PM,2,45,33,7,5,50,1,0
2026-06-17,Wednesday,R3,4:00 PM,2,65,46,13,6,50,1,0
2026-06-17,Wednesday,R4,4:00 PM,2,33,22,8,3,50,1,0
2026-06-17,Wednesday,R5,4:00 PM,2,46,35,9,2,50,1,0
2026-06-17,Wednesday,R6,4:00 PM,2,54,28,20,6,50,1,0
2026-06-17,Wednesday,R7,4:00 PM,2,32,24,5,3,50,1,0
2026-06-17,Wednesday,R8,4:00 PM,2,77,52,19,6,50,2,0
2026-06-17,Wednesday,R9,4:00 PM,2,26,18,6,2,50,1,0
2026-06-17,Wednesday,R10,4:00 PM,2,44,32,9,3,50,1,0
2026-06-17,Wednesday,R1,6:00 PM,2,35,19,13,3,50,1,0
2026-06-17,Wednesday,R2,6:00 PM,2,27,18,7,2,50,1,0
2026-06-17,Wednesday,R3,6:00 PM,2,47,29,12,6,50,1,0
2026-06-17,Wednesday,R4,6:00 PM,2,18,13,4,1,50,1,0
2026-06-17,Wednesday,R5,6:00 PM,2,34,26,6,2,50,1,0
2026-06-17,Wednesday,R6,6:00 PM,2,38,24,10,4,50,1,0
2026-06-17,Wednesday,R7,6:00 PM,2,21,15,5,1,50,1,0
2026-06-17,Wednesday,R8,6:00 PM,2,45,33,9,3,50,1,0
2026-06-17,Wednesday,R9,6:00 PM,2,26,19,6,1,50,1,0
2026-06-17,Wednesday,R10,6:00 PM,2,35,21,9,5,50,1,0
2026-06-18,Thursday,R1,7:00 AM,1,63,47,8,8,50,1,0
2026-06-18,Thursday,R2,7:00 AM,1,60,43,11,6,50,1,0
2026-06-18,Thursday,R3,7:00 AM,1,75,51,17,7,50,2,0
2026-06-18,Thursday,R4,7:00 AM,1,48,36,8,4,50,1,0
2026-06-18,Thursday,R5,7:00 AM,1,63,44,15,4,50,1,0
2026-06-18,Thursday,R6,7:00 AM,1,79,58,13,8,50,2,0
2026-06-18,Thursday,R7,7:00 AM,1,56,39,12,5,50,1,0
2026-06-18,Thursday,R8,7:00 AM,1,93,67,19,7,50,2,0
2026-06-18,Thursday,R9,7:00 AM,1,46,33,8,5,50,1,0
2026-06-18,Thursday,R10,7:00 AM,1,82,53,19,10,50,2,0
2026-06-18,Thursday,R1,11:00 AM,1,41,28,10,3,50,1,0
2026-06-18,Thursday,R2,11:00 AM,1,36,24,10,2,50,1,0
2026-06-18,Thursday,R3,11:00 AM,1,47,34,10,3,50,1,0
2026-06-18,Thursday,R4,11:00 AM,1,25,16,7,2,50,1,0
2026-06-18,Thursday,R5,11:00 AM,1,37,25,8,4,50,1,0
2026-06-18,Thursday,R6,11:00 AM,1,37,27,7,3,50,1,0
2026-06-18,Thursday,R7,11:00 AM,1,32,25,6,1,50,1,0
2026-06-18,Thursday,R8,11:00 AM,1,61,47,11,3,50,1,0
2026-06-18,Thursday,R9,11:00 AM,1,19,14,4,1,50,1,0
2026-06-18,Thursday,R10,11:00 AM,1,34,21,9,4,50,1,0
2026-06-18,Thursday,R1,1:00 PM,2,62,47,10,5,50,1,0
2026-06-18,Thursday,R2,1:00 PM,2,48,31,12,5,50,1,0
2026-06-18,Thursday,R3,1:00 PM,2,73,50,16,7,50,1,0
2026-06-18,Thursday,R4,1:00 PM,2,41,27,10,4,50,1,0
2026-06-18,Thursday,R5,1:00 PM,2,56,35,16,5,50,1,0
2026-06-18,Thursday,R6,1:00 PM,2,63,39,18,6,50,1,0
2026-06-18,Thursday,R7,1:00 PM,2,41,29,8,4,50,1,0
2026-06-18,Thursday,R8,1:00 PM,2,89,61,20,8,50,2,0
2026-06-18,Thursday,R9,1:00 PM,2,36,23,10,3,50,1,0
2026-06-18,Thursday,R10,1:00 PM,2,67,50,11,6,50,1,0
2026-06-18,Thursday,R1,4:00 PM,2,58,43,12,3,50,1,0
2026-06-18,Thursday,R2,4:00 PM,2,38,30,6,2,50,1,0
2026-06-18,Thursday,R3,4:00 PM,2,65,50,10,5,50,1,0
2026-06-18,Thursday,R4,4:00 PM,2,34,24,6,4,50,1,0
2026-06-18,Thursday,R5,4:00 PM,2,50,33,14,3,50,1,0
2026-06-18,Thursday,R6,4:00 PM,2,61,45,10,6,50,1,0
2026-06-18,Thursday,R7,4:00 PM,2,37,26,9,2,50,1,0
2026-06-18,Thursday,R8,4:00 PM,2,68,47,17,4,50,1,0
2026-06-18,Thursday,R9,4:00 PM,2,28,21,4,3,50,1,0
2026-06-18,Thursday,R10,4:00 PM,2,48,31,12,5,50,1,0
2026-06-18,Thursday,R1,6:00 PM,2,32,21,8,3,50,1,0
2026-06-18,Thursday,R2,6:00 PM,2,26,21,4,1,50,1,0
2026-06-18,Thursday,R3,6:00 PM,2,47,36,7,4,50,1,0
2026-06-18,Thursday,R4,6:00 PM,2,21,14,5,2,50,1,0
2026-06-18,Thursday,R5,6:00 PM,2,32,21,8,3,50,1,0
2026-06-18,Thursday,R6,6:00 PM,2,40,28,10,2,50,1,0
2026-06-18,Thursday,R7,6:00 PM,2,27,19,7,1,50,1,0
2026-06-18,Thursday,R8,6:00 PM,2,49,34,11,4,50,1,0
2026-06-18,Thursday,R9,6:00 PM,2,19,11,6,2,50,1,0
2026-06-18,Thursday,R10,6:00 PM,2,33,21,8,4,50,1,0
2026-06-19,Friday,R1,7:00 AM,1,74,44,20,10,50,1,0
2026-06-19,Friday,R2,7:00 AM,1,63,41,15,7,50,1,0
2026-06-19,Friday,R3,7:00 AM,1,96,68,21,7,50,2,0
2026-06-19,Friday,R4,7:00 AM,1,51,36,9,6,50,1,0
2026-06-19,Friday,R5,7:00 AM,1,71,54,11,6,50,2,0
2026-06-19,Friday,R6,7:00 AM,1,68,44,17,7,50,1,0
2026-06-19,Friday,R7,7:00 AM,1,50,33,11,6,50,1,0
2026-06-19,Friday,R8,7:00 AM,1,101,72,17,12,50,2,0
2026-06-19,Friday,R9,7:00 AM,1,44,29,10,5,50,1,0
2026-06-19,Friday,R10,7:00 AM,1,84,63,15,6,50,2,0
2026-06-19,Friday,R1,11:00 AM,1,43,26,13,4,50,1,0
2026-06-19,Friday,R2,11:00 AM,1,29,18,9,2,50,1,0
2026-06-19,Friday,R3,11:00 AM,1,51,33,12,6,50,1,0
2026-06-19,Friday,R4,11:00 AM,1,27,18,7,2,50,1,0
2026-06-19,Friday,R5,11:00 AM,1,38,28,9,1,50,1,0
2026-06-19,Friday,R6,11:00 AM,1,44,32,10,2,50,1,0
2026-06-19,Friday,R7,11:00 AM,1,30,20,6,4,50,1,0
2026-06-19,Friday,R8,11:00 AM,1,65,47,13,5,50,1,0
2026-06-19,Friday,R9,11:00 AM,1,21,15,4,2,50,1,0
2026-06-19,Friday,R10,11:00 AM,1,39,29,6,4,50,1,0
2026-06-19,Friday,R1,1:00 PM,2,62,45,11,6,50,1,0
2026-06-19,Friday,R2,1:00 PM,2,45,30,10,5,50,1,0
2026-06-19,Friday,R3,1:00 PM,2,78,54,19,5,50,2,0
2026-06-19,Friday,R4,1:00 PM,2,36,26,8,2,50,1,0
2026-06-19,Friday,R5,1:00 PM,2,55,43,8,4,50,1,0
2026-06-19,Friday,R6,1:00 PM,2,66,47,14,5,50,1,0
2026-06-19,Friday,R7,1:00 PM,2,42,28,10,4,50,1,0
2026-06-19,Friday,R8,1:00 PM,2,82,65,13,4,50,2,0
2026-06-19,Friday,R9,1:00 PM,2,30,22,6,2,50,1,0
2026-06-19,Friday,R10,1:00 PM,2,56,40,11,5,50,1,0
2026-06-19,Friday,R1,4:00 PM,2,53,39,10,4,50,1,0
2026-06-19,Friday,R2,4:00 PM,2,38,28,8,2,50,1,0
2026-06-19,Friday,R3,4:00 PM,2,70,56,9,5,50,2,0
2026-06-19,Friday,R4,4:00 PM,2,32,20,7,5,50,1,0
2026-06-19,Friday,R5,4:00 PM,2,49,37,8,4,50,1,0
2026-06-19,Friday,R6,4:00 PM,2,49,35,11,3,50,1,0
2026-06-19,Friday,R7,4:00 PM,2,39,28,8,3,50,1,0
2026-06-19,Friday,R8,4:00 PM,2,70,44,21,5,50,1,0
2026-06-19,Friday,R9,4:00 PM,2,32,21,8,3,50,1,0
2026-06-19,Friday,R10,4:00 PM,2,55,40,13,2,50,1,0
2026-06-19,Friday,R1,6:00 PM,2,34,22,9,3,50,1,0
2026-06-19,Friday,R2,6:00 PM,2,24,16,5,3,50,1,0
2026-06-19,Friday,R3,6:00 PM,2,50,34,11,5,50,1,0
2026-06-19,Friday,R4,6:00 PM,2,21,17,3,1,50,1,0
2026-06-19,Friday,R5,6:00 PM,2,37,26,8,3,50,1,0
2026-06-19,Friday,R6,6:00 PM,2,38,21,12,5,50,1,0
2026-06-19,Friday,R7,6:00 PM,2,32,22,7,3,50,1,0
2026-06-19,Friday,R8,6:00 PM,2,44,29,13,2,50,1,0
2026-06-19,Friday,R9,6:00 PM,2,19,15,3,1,50,1,0
2026-06-19,Friday,R10,6:00 PM,2,34,26,6,2,50,1,0
2026-06-20,Saturday,R1,7:00 AM,1,24,17,6,1,50,1,1
2026-06-20,Saturday,R2,7:00 AM,1,21,14,6,1,50,1,1
2026-06-20,Saturday,R3,7:00 AM,1,31,22,6,3,50,1,1
2026-06-20,Saturday,R4,7:00 AM,1,16,12,3,1,50,1,1
2026-06-20,Saturday,R5,7:00 AM,1,20,13,5,2,50,1,1
2026-06-20,Saturday,R6,7:00 AM,1,28,21,5,2,50,1,1
2026-06-20,Saturday,R7,7:00 AM,1,20,13,6,1,50,1,1
2026-06-20,Saturday,R8,7:00 AM,1,38,32,4,2,50,1,1
2026-06-20,Saturday,R9,7:00 AM,1,13,10,2,1,50,1,1
2026-06-20,Saturday,R10,7:00 AM,1,25,17,6,2,50,1,1
2026-06-20,Saturday,R1,11:00 AM,1,7,6,1,0,50,1,1
2026-06-20,Saturday,R2,11:00 AM,1,13,11,1,1,50,1,1
2026-06-20,Saturday,R3,11:00 AM,1,17,11,5,1,50,1,1
2026-06-20,Saturday,R4,11:00 AM,1,10,8,2,0,50,1,1
2026-06-20,Saturday,R5,11:00 AM,1,15,11,3,1,50,1,1
2026-06-20,Saturday,R6,11:00 AM,1,28,22,3,3,50,1,1
2026-06-20,Saturday,R7,11:00 AM,1,9,6,2,1,50,1,1
2026-06-20,Saturday,R8,11:00 AM,1,19,13,4,2,50,1,1
2026-06-20,Saturday,R9,11:00 AM,1,3,2,1,0,50,1,1
2026-06-20,Saturday,R10,11:00 AM,1,11,8,2,1,50,1,1
2026-06-20,Saturday,R1,1:00 PM,2,19,13,5,1,50,1,1
2026-06-20,Saturday,R2,1:00 PM,2,19,12,5,2,50,1,1
2026-06-20,Saturday,R3,1:00 PM,2,27,18,7,2,50,1,1
2026-06-20,Saturday,R4,1:00 PM,2,17,12,3,2,50,1,1
2026-06-20,Saturday,R5,1:00 PM,2,19,13,4,2,50,1,1
2026-06-20,Saturday,R6,1:00 PM,2,24,17,5,2,50,1,1
2026-06-20,Saturday,R7,1:00 PM,2,20,13,5,2,50,1,1
2026-06-20,Saturday,R8,1:00 PM,2,29,21,5,3,50,1,1
2026-06-20,Saturday,R9,1:00 PM,2,14,9,4,1,50,1,1
2026-06-20,Saturday,R10,1:00 PM,2,21,17,3,1,50,1,1
2026-06-20,Saturday,R1,4:00 PM,2,21,15,4,2,50,1,1
2026-06-20,Saturday,R2,4:00 PM,2,14,10,3,1,50,1,1
2026-06-20,Saturday,R3,4:00 PM,2,24,20,2,2,50,1,1
2026-06-20,Saturday,R4,4:00 PM,2,6,3,2,1,50,1,1
2026-06-20,Saturday,R5,4:00 PM,2,18,12,5,1,50,1,1
2026-06-20,Saturday,R6,4:00 PM,2,25,16,7,2,50,1,1
2026-06-20,Saturday,R7,4:00 PM,2,16,12,3,1,50,1,1
2026-06-20,Saturday,R8,4:00 PM,2,24,18,5,1,50,1,1
2026-06-20,Saturday,R9,4:00 PM,2,13,9,3,1,50,1,1
2026-06-20,Saturday,R10,4:00 PM,2,17,14,2,1,50,1,1
2026-06-20,Saturday,R1,6:00 PM,2,6,5,1,0,50,1,1
2026-06-20,Saturday,R2,6:00 PM,2,16,11,4,1,50,1,1
2026-06-20,Saturday,R3,6:00 PM,2,20,14,4,2,50,1,1
2026-06-20,Saturday,R4,6:00 PM,2,8,5,2,1,50,1,1
2026-06-20,Saturday,R5,6:00 PM,2,14,10,3,1,50,1,1
2026-06-20,Saturday,R6,6:00 PM,2,11,8,2,1,50,1,1
2026-06-20,Saturday,R7,6:00 PM,2,5,2,2,1,50,1,1
2026-06-20,Saturday,R8,6:00 PM,2,19,14,4,1,50,1,1
2026-06-20,Saturday,R9,6:00 PM,2,4,3,1,0,50,1,1
2026-06-20,Saturday,R10,6:00 PM,2,9,6,2,1,50,1,1
2026-06-21,Sunday,R1,7:00 AM,1,19,15,3,1,50,1,1
2026-06-21,Sunday,R2,7:00 AM,1,26,19,6,1,50,1,1
2026-06-21,Sunday,R3,7:00 AM,1,35,26,5,4,50,1,1
2026-06-21,Sunday,R4,7:00 AM,1,14,9,3,2,50,1,1
2026-06-21,Sunday,R5,7:00 AM,1,20,16,3,1,50,1,1
2026-06-21,Sunday,R6,7:00 AM,1,32,26,5,1,50,1,1
2026-06-21,Sunday,R7,7:00 AM,1,17,11,4,2,50,1,1
2026-06-21,Sunday,R8,7:00 AM,1,35,24,7,4,50,1,1
2026-06-21,Sunday,R9,7:00 AM,1,8,5,2,1,50,1,1
2026-06-21,Sunday,R10,7:00 AM,1,28,21,5,2,50,1,1
2026-06-21,Sunday,R1,11:00 AM,1,6,4,1,1,50,1,1
2026-06-21,Sunday,R2,11:00 AM,1,8,5,2,1,50,1,1
2026-06-21,Sunday,R3,11:00 AM,1,17,12,4,1,50,1,1
2026-06-21,Sunday,R4,11:00 AM,1,8,5,2,1,50,1,1
2026-06-21,Sunday,R5,11:00 AM,1,11,7,3,1,50,1,1
2026-06-21,Sunday,R6,11:00 AM,1,10,6,3,1,50,1,1
2026-06-21,Sunday,R7,11:00 AM,1,11,7,3,1,50,1,1
2026-06-21,Sunday,R8,11:00 AM,1,18,13,4,1,50,1,1
2026-06-21,Sunday,R9,11:00 AM,1,13,10,2,1,50,1,1
2026-06-21,Sunday,R10,11:00 AM,1,15,12,2,1,50,1,1
2026-06-21,Sunday,R1,1:00 PM,2,22,16,4,2,50,1,1
2026-06-21,Sunday,R2,1:00 PM,2,15,12,2,1,50,1,1
2026-06-21,Sunday,R3,1:00 PM,2,33,23,7,3,50,1,1
2026-06-21,Sunday,R4,1:00 PM,2,15,11,2,2,50,1,1
2026-06-21,Sunday,R5,1:00 PM,2,20,13,6,1,50,1,1
2026-06-21,Sunday,R6,1:00 PM,2,29,18,8,3,50,1,1
2026-06-21,Sunday,R7,1:00 PM,2,16,11,3,2,50,1,1
2026-06-21,Sunday,R8,1:00 PM,2,31,25,4,2,50,1,1
2026-06-21,Sunday,R9,1:00 PM,2,10,7,2,1,50,1,1
2026-06-21,Sunday,R10,1:00 PM,2,25,20,3,2,50,1,1
2026-06-21,Sunday,R1,4:00 PM,2,12,8,3,1,50,1,1
2026-06-21,Sunday,R2,4:00 PM,2,15,10,3,2,50,1,1
2026-06-21,Sunday,R3,4:00 PM,2,26,18,6,2,50,1,1
2026-06-21,Sunday,R4,4:00 PM,2,13,10,2,1,50,1,1
2026-06-21,Sunday,R5,4:00 PM,2,22,15,6,1,50,1,1
2026-06-21,Sunday,R6,4:00 PM,2,21,16,3,2,50,1,1
2026-06-21,Sunday,R7,4:00 PM,2,14,11,2,1,50,1,1
2026-06-21,Sunday,R8,4:00 PM,2,25,19,5,1,50,1,1
2026-06-21,Sunday,R9,4:00 PM,2,10,7,2,1,50,1,1
2026-06-21,Sunday,R10,4:00 PM,2,16,10,4,2,50,1,1
2026-06-21,Sunday,R1,6:00 PM,2,11,8,2,1,50,1,1
2026-06-21,Sunday,R2,6:00 PM,2,9,6,2,1,50,1,1
2026-06-21,Sunday,R3,6:00 PM,2,10,6,3,1,50,1,1
2026-06-21,Sunday,R4,6:00 PM,2,6,5,1,0,50,1,1
2026-06-21,Sunday,R5,6:00 PM,2,6,4,2,0,50,1,1
2026-06-21,Sunday,R6,6:00 PM,2,15,10,4,1,50,1,1
2026-06-21,Sunday,R7,6:00 PM,2,10,7,2,1,50,1,1
2026-06-21,Sunday,R8,6:00 PM,2,11,8,2,1,50,1,1
2026-06-21,Sunday,R9,6:00 PM,2,8,6,2,0,50,1,1
2026-06-21,Sunday,R10,6:00 PM,2,11,8,2,1,50,1,1
2026-06-22,Monday,R1,7:00 AM,1,77,59,16,2,50,2,0
2026-06-22,Monday,R2,7:00 AM,1,56,45,9,2,50,1,0
2026-06-22,Monday,R3,7:00 AM,1,86,57,19,10,50,2,0
2026-06-22,Monday,R4,7:00 AM,1,46,33,9,4,50,1,0
2026-06-22,Monday,R5,7:00 AM,1,66,51,12,3,50,2,0
2026-06-22,Monday,R6,7:00 AM,1,71,51,14,6,50,2,0
2026-06-22,Monday,R7,7:00 AM,1,52,39,10,3,50,1,0
2026-06-22,Monday,R8,7:00 AM,1,110,82,17,11,50,2,0
2026-06-22,Monday,R9,7:00 AM,1,35,27,6,2,50,1,0
2026-06-22,Monday,R10,7:00 AM,1,73,46,20,7,50,1,0
2026-06-22,Monday,R1,11:00 AM,1,43,30,11,2,50,1,0
2026-06-22,Monday,R2,11:00 AM,1,31,21,6,4,50,1,0
2026-06-22,Monday,R3,11:00 AM,1,47,30,12,5,50,1,0
2026-06-22,Monday,R4,11:00 AM,1,30,21,6,3,50,1,0
2026-06-22,Monday,R5,11:00 AM,1,44,34,8,2,50,1,0
2026-06-22,Monday,R6,11:00 AM,1,38,27,10,1,50,1,0
2026-06-22,Monday,R7,11:00 AM,1,27,18,7,2,50,1,0
2026-06-22,Monday,R8,11:00 AM,1,60,39,14,7,50,1,0
2026-06-22,Monday,R9,11:00 AM,1,18,14,3,1,50,1,0
2026-06-22,Monday,R10,11:00 AM,1,45,29,12,4,50,1,0
2026-06-22,Monday,R1,1:00 PM,2,65,47,10,8,50,1,0
2026-06-22,Monday,R2,1:00 PM,2,53,32,14,7,50,1,0
2026-06-22,Monday,R3,1:00 PM,2,68,51,13,4,50,2,0
2026-06-22,Monday,R4,1:00 PM,2,39,28,7,4,50,1,0
2026-06-22,Monday,R5,1:00 PM,2,62,41,16,5,50,1,0
2026-06-22,Monday,R6,1:00 PM,2,62,44,11,7,50,1,0
2026-06-22,Monday,R7,1:00 PM,2,45,32,10,3,50,1,0
2026-06-22,Monday,R8,1:00 PM,2,72,51,12,9,50,2,0
2026-06-22,Monday,R9,1:00 PM,2,27,18,6,3,50,1,0
2026-06-22,Monday,R10,1:00 PM,2,56,37,13,6,50,1,0
2026-06-22,Monday,R1,4:00 PM,2,50,30,18,2,50,1,0
2026-06-22,Monday,R2,4:00 PM,2,44,31,9,4,50,1,0
2026-06-22,Monday,R3,4:00 PM,2,69,50,13,6,50,1,0
2026-06-22,Monday,R4,4:00 PM,2,26,17,7,2,50,1,0
2026-06-22,Monday,R5,4:00 PM,2,50,32,14,4,50,1,0
2026-06-22,Monday,R6,4:00 PM,2,58,44,10,4,50,1,0
2026-06-22,Monday,R7,4:00 PM,2,40,25,12,3,50,1,0
2026-06-22,Monday,R8,4:00 PM,2,74,53,13,8,50,2,0
2026-06-22,Monday,R9,4:00 PM,2,29,18,9,2,50,1,0
2026-06-22,Monday,R10,4:00 PM,2,52,35,12,5,50,1,0
2026-06-22,Monday,R1,6:00 PM,2,34,25,6,3,50,1,0
2026-06-22,Monday,R2,6:00 PM,2,30,22,5,3,50,1,0
2026-06-22,Monday,R3,6:00 PM,2,50,35,11,4,50,1,0
2026-06-22,Monday,R4,6:00 PM,2,23,17,4,2,50,1,0
2026-06-22,Monday,R5,6:00 PM,2,26,18,7,1,50,1,0
2026-06-22,Monday,R6,6:00 PM,2,44,32,9,3,50,1,0
2026-06-22,Monday,R7,6:00 PM,2,23,15,5,3,50,1,0
2026-06-22,Monday,R8,6:00 PM,2,40,25,11,4,50,1,0
2026-06-22,Monday,R9,6:00 PM,2,15,11,2,2,50,1,0
2026-06-22,Monday,R10,6:00 PM,2,34,24,6,4,50,1,0
2026-06-23,Tuesday,R1,7:00 AM,1,74,55,13,6,50,2,0
2026-06-23,Tuesday,R2,7:00 AM,1,53,32,15,6,50,1,0
2026-06-23,Tuesday,R3,7:00 AM,1,99,63,24,12,50,2,0
2026-06-23,Tuesday,R4,7:00 AM,1,45,34,7,4,50,1,0
2026-06-23,Tuesday,R5,7:00 AM,1,79,60,13,6,50,2,0
2026-06-23,Tuesday,R6,7:00 AM,1,85,62,18,5,50,2,0
2026-06-23,Tuesday,R7,7:00 AM,1,57,33,19,5,50,1,0
2026-06-23,Tuesday,R8,7:00 AM,1,97,75,14,8,50,2,0
2026-06-23,Tuesday,R9,7:00 AM,1,41,28,10,3,50,1,0
2026-06-23,Tuesday,R10,7:00 AM,1,72,53,12,7,50,2,0
2026-06-23,Tuesday,R1,11:00 AM,1,42,31,6,5,50,1,0
2026-06-23,Tuesday,R2,11:00 AM,1,34,22,10,2,50,1,0
2026-06-23,Tuesday,R3,11:00 AM,1,47,33,10,4,50,1,0
2026-06-23,Tuesday,R4,11:00 AM,1,30,20,8,2,50,1,0
2026-06-23,Tuesday,R5,11:00 AM,1,34,22,10,2,50,1,0
2026-06-23,Tuesday,R6,11:00 AM,1,51,35,10,6,50,1,0
2026-06-23,Tuesday,R7,11:00 AM,1,31,22,7,2,50,1,0
2026-06-23,Tuesday,R8,11:00 AM,1,56,37,14,5,50,1,0
2026-06-23,Tuesday,R9,11:00 AM,1,19,13,4,2,50,1,0
2026-06-23,Tuesday,R10,11:00 AM,1,35,24,9,2,50,1,0
2026-06-23,Tuesday,R1,1:00 PM,2,54,45,7,2,50,1,0
2026-06-23,Tuesday,R2,1:00 PM,2,42,29,8,5,50,1,0
2026-06-23,Tuesday,R3,1:00 PM,2,75,51,17,7,50,2,0
2026-06-23,Tuesday,R4,1:00 PM,2,37,27,8,2,50,1,0
2026-06-23,Tuesday,R5,1:00 PM,2,62,41,19,2,50,1,0
2026-06-23,Tuesday,R6,1:00 PM,2,62,46,13,3,50,1,0
2026-06-23,Tuesday,R7,1:00 PM,2,44,30,8,6,50,1,0
2026-06-23,Tuesday,R8,1:00 PM,2,94,62,22,10,50,2,0
2026-06-23,Tuesday,R9,1:00 PM,2,34,25,7,2,50,1,0
2026-06-23,Tuesday,R10,1:00 PM,2,63,41,17,5,50,1,0
2026-06-23,Tuesday,R1,4:00 PM,2,44,33,8,3,50,1,0
2026-06-23,Tuesday,R2,4:00 PM,2,40,25,13,2,50,1,0
2026-06-23,Tuesday,R3,4:00 PM,2,69,40,20,9,50,1,0
2026-06-23,Tuesday,R4,4:00 PM,2,30,20,7,3,50,1,0
2026-06-23,Tuesday,R5,4:00 PM,2,48,34,10,4,50,1,0
2026-06-23,Tuesday,R6,4:00 PM,2,46,30,12,4,50,1,0
2026-06-23,Tuesday,R7,4:00 PM,2,36,22,12,2,50,1,0
2026-06-23,Tuesday,R8,4:00 PM,2,71,44,23,4,50,1,0
2026-06-23,Tuesday,R9,4:00 PM,2,25,17,5,3,50,1,0
2026-06-23,Tuesday,R10,4:00 PM,2,54,42,8,4,50,1,0
2026-06-23,Tuesday,R1,6:00 PM,2,33,23,7,3,50,1,0
2026-06-23,Tuesday,R2,6:00 PM,2,29,22,4,3,50,1,0
2026-06-23,Tuesday,R3,6:00 PM,2,47,29,14,4,50,1,0
2026-06-23,Tuesday,R4,6:00 PM,2,25,16,6,3,50,1,0
2026-06-23,Tuesday,R5,6:00 PM,2,34,22,7,5,50,1,0
2026-06-23,Tuesday,R6,6:00 PM,2,42,30,10,2,50,1,0
2026-06-23,Tuesday,R7,6:00 PM,2,21,14,5,2,50,1,0
2026-06-23,Tuesday,R8,6:00 PM,2,48,31,11,6,50,1,0
2026-06-23,Tuesday,R9,6:00 PM,2,20,15,3,2,50,1,0
2026-06-23,Tuesday,R10,6:00 PM,2,34,25,7,2,50,1,0
2026-06-24,Wednesday,R1,7:00 AM,1,69,53,11,5,50,2,0
2026-06-24,Wednesday,R2,7:00 AM,1,55,44,4,7,50,1,0
2026-06-24,Wednesday,R3,7:00 AM,1,103,74,21,8,50,2,0
2026-06-24,Wednesday,R4,7:00 AM,1,41,24,12,5,50,1,0
2026-06-24,Wednesday,R5,7:00 AM,1,69,44,19,6,50,1,0
2026-06-24,Wednesday,R6,7:00 AM,1,73,52,15,6,50,2,0
2026-06-24,Wednesday,R7,7:00 AM,1,50,36,10,4,50,1,0
2026-06-24,Wednesday,R8,7:00 AM,1,104,75,23,6,50,2,0
2026-06-24,Wednesday,R9,7:00 AM,1,36,26,6,4,50,1,0
2026-06-24,Wednesday,R10,7:00 AM,1,63,39,17,7,50,1,0
2026-06-24,Wednesday,R1,11:00 AM,1,39,32,4,3,50,1,0
2026-06-24,Wednesday,R2,11:00 AM,1,32,25,5,2,50,1,0
2026-06-24,Wednesday,R3,11:00 AM,1,59,41,15,3,50,1,0
2026-06-24,Wednesday,R4,11:00 AM,1,20,15,4,1,50,1,0
2026-06-24,Wednesday,R5,11:00 AM,1,39,27,8,4,50,1,0
2026-06-24,Wednesday,R6,11:00 AM,1,52,34,14,4,50,1,0
2026-06-24,Wednesday,R7,11:00 AM,1,28,19,6,3,50,1,0
2026-06-24,Wednesday,R8,11:00 AM,1,55,39,12,4,50,1,0
2026-06-24,Wednesday,R9,11:00 AM,1,19,14,3,2,50,1,0
2026-06-24,Wednesday,R10,11:00 AM,1,42,29,10,3,50,1,0
2026-06-24,Wednesday,R1,1:00 PM,2,65,46,11,8,50,1,0
2026-06-24,Wednesday,R2,1:00 PM,2,41,27,10,4,50,1,0
2026-06-24,Wednesday,R3,1:00 PM,2,73,47,18,8,50,1,0
2026-06-24,Wednesday,R4,1:00 PM,2,30,22,7,1,50,1,0
2026-06-24,Wednesday,R5,1:00 PM,2,51,33,15,3,50,1,0
2026-06-24,Wednesday,R6,1:00 PM,2,61,40,13,8,50,1,0
2026-06-24,Wednesday,R7,1:00 PM,2,36,26,6,4,50,1,0
2026-06-24,Wednesday,R8,1:00 PM,2,99,73,21,5,50,2,0
2026-06-24,Wednesday,R9,1:00 PM,2,37,22,11,4,50,1,0
2026-06-24,Wednesday,R10,1:00 PM,2,58,41,13,4,50,1,0
2026-06-24,Wednesday,R1,4:00 PM,2,52,32,15,5,50,1,0
2026-06-24,Wednesday,R2,4:00 PM,2,37,23,11,3,50,1,0
2026-06-24,Wednesday,R3,4:00 PM,2,70,45,21,4,50,1,0
2026-06-24,Wednesday,R4,4:00 PM,2,31,24,6,1,50,1,0
2026-06-24,Wednesday,R5,4:00 PM,2,49,30,17,2,50,1,0
2026-06-24,Wednesday,R6,4:00 PM,2,57,38,14,5,50,1,0
2026-06-24,Wednesday,R7,4:00 PM,2,36,27,6,3,50,1,0
2026-06-24,Wednesday,R8,4:00 PM,2,69,53,8,8,50,2,0
2026-06-24,Wednesday,R9,4:00 PM,2,29,21,6,2,50,1,0
2026-06-24,Wednesday,R10,4:00 PM,2,58,39,13,6,50,1,0
2026-06-24,Wednesday,R1,6:00 PM,2,34,21,10,3,50,1,0
2026-06-24,Wednesday,R2,6:00 PM,2,28,22,4,2,50,1,0
2026-06-24,Wednesday,R3,6:00 PM,2,43,32,8,3,50,1,0
2026-06-24,Wednesday,R4,6:00 PM,2,18,10,6,2,50,1,0
2026-06-24,Wednesday,R5,6:00 PM,2,38,29,6,3,50,1,0
2026-06-24,Wednesday,R6,6:00 PM,2,35,27,6,2,50,1,0
2026-06-24,Wednesday,R7,6:00 PM,2,29,20,6,3,50,1,0
2026-06-24,Wednesday,R8,6:00 PM,2,53,33,18,2,50,1,0
2026-06-24,Wednesday,R9,6:00 PM,2,22,15,6,1,50,1,0
2026-06-24,Wednesday,R10,6:00 PM,2,40,28,9,3,50,1,0
2026-06-25,Thursday,R1,7:00 AM,1,67,46,12,9,50,1,0
2026-06-25,Thursday,R2,7:00 AM,1,58,40,15,3,50,1,0
2026-06-25,Thursday,R3,7:00 AM,1,89,61,24,4,50,2,0
2026-06-25,Thursday,R4,7:00 AM,1,44,30,10,4,50,1,0
2026-06-25,Thursday,R5,7:00 AM,1,67,44,16,7,50,1,0
2026-06-25,Thursday,R6,7:00 AM,1,87,66,15,6,50,2,0
2026-06-25,Thursday,R7,7:00 AM,1,57,39,15,3,50,1,0
2026-06-25,Thursday,R8,7:00 AM,1,108,86,13,9,50,2,0
2026-06-25,Thursday,R9,7:00 AM,1,44,33,8,3,50,1,0
2026-06-25,Thursday,R10,7:00 AM,1,81,64,12,5,50,2,0
2026-06-25,Thursday,R1,11:00 AM,1,41,30,8,3,50,1,0
2026-06-25,Thursday,R2,11:00 AM,1,34,23,8,3,50,1,0
2026-06-25,Thursday,R3,11:00 AM,1,51,35,12,4,50,1,0
2026-06-25,Thursday,R4,11:00 AM,1,26,19,5,2,50,1,0
2026-06-25,Thursday,R5,11:00 AM,1,34,25,7,2,50,1,0
2026-06-25,Thursday,R6,11:00 AM,1,41,28,10,3,50,1,0
2026-06-25,Thursday,R7,11:00 AM,1,31,22,6,3,50,1,0
2026-06-25,Thursday,R8,11:00 AM,1,60,41,15,4,50,1,0
2026-06-25,Thursday,R9,11:00 AM,1,21,14,5,2,50,1,0
2026-06-25,Thursday,R10,11:00 AM,1,35,22,8,5,50,1,0
2026-06-25,Thursday,R1,1:00 PM,2,57,42,10,5,50,1,0
2026-06-25,Thursday,R2,1:00 PM,2,49,33,14,2,50,1,0
2026-06-25,Thursday,R3,1:00 PM,2,82,56,20,6,50,2,0
2026-06-25,Thursday,R4,1:00 PM,2,38,24,10,4,50,1,0
2026-06-25,Thursday,R5,1:00 PM,2,51,34,13,4,50,1,0
2026-06-25,Thursday,R6,1:00 PM,2,68,48,15,5,50,1,0
2026-06-25,Thursday,R7,1:00 PM,2,47,35,10,2,50,1,0
2026-06-25,Thursday,R8,1:00 PM,2,83,55,19,9,50,2,0
2026-06-25,Thursday,R9,1:00 PM,2,33,22,6,5,50,1,0
2026-06-25,Thursday,R10,1:00 PM,2,64,41,18,5,50,1,0
2026-06-25,Thursday,R1,4:00 PM,2,53,33,14,6,50,1,0
2026-06-25,Thursday,R2,4:00 PM,2,44,29,12,3,50,1,0
2026-06-25,Thursday,R3,4:00 PM,2,63,41,15,7,50,1,0
2026-06-25,Thursday,R4,4:00 PM,2,31,19,8,4,50,1,0
2026-06-25,Thursday,R5,4:00 PM,2,44,33,8,3,50,1,0
2026-06-25,Thursday,R6,4:00 PM,2,59,41,11,7,50,1,0
2026-06-25,Thursday,R7,4:00 PM,2,38,28,8,2,50,1,0
2026-06-25,Thursday,R8,4:00 PM,2,66,49,15,2,50,1,0
2026-06-25,Thursday,R9,4:00 PM,2,30,20,6,4,50,1,0
2026-06-25,Thursday,R10,4:00 PM,2,63,45,13,5,50,1,0
2026-06-25,Thursday,R1,6:00 PM,2,38,25,12,1,50,1,0
2026-06-25,Thursday,R2,6:00 PM,2,22,16,4,2,50,1,0
2026-06-25,Thursday,R3,6:00 PM,2,47,32,13,2,50,1,0
2026-06-25,Thursday,R4,6:00 PM,2,15,10,4,1,50,1,0
2026-06-25,Thursday,R5,6:00 PM,2,27,18,6,3,50,1,0
2026-06-25,Thursday,R6,6:00 PM,2,39,28,8,3,50,1,0
2026-06-25,Thursday,R7,6:00 PM,2,24,19,4,1,50,1,0
2026-06-25,Thursday,R8,6:00 PM,2,53,36,13,4,50,1,0
2026-06-25,Thursday,R9,6:00 PM,2,15,12,3,0,50,1,0
2026-06-25,Thursday,R10,6:00 PM,2,37,24,11,2,50,1,0
2026-06-26,Friday,R1,7:00 AM,1,69,45,16,8,50,1,0
2026-06-26,Friday,R2,7:00 AM,1,56,44,10,2,50,1,0
2026-06-26,Friday,R3,7:00 AM,1,96,57,31,8,50,2,0
2026-06-26,Friday,R4,7:00 AM,1,45,30,11,4,50,1,0
2026-06-26,Friday,R5,7:00 AM,1,64,42,17,5,50,1,0
2026-06-26,Friday,R6,7:00 AM,1,82,59,14,9,50,2,0
2026-06-26,Friday,R7,7:00 AM,1,55,38,11,6,50,1,0
2026-06-26,Friday,R8,7:00 AM,1,101,77,18,6,50,2,0
2026-06-26,Friday,R9,7:00 AM,1,33,24,8,1,50,1,0
2026-06-26,Friday,R10,7:00 AM,1,69,56,8,5,50,2,0
2026-06-26,Friday,R1,11:00 AM,1,39,29,8,2,50,1,0
2026-06-26,Friday,R2,11:00 AM,1,28,19,7,2,50,1,0
2026-06-26,Friday,R3,11:00 AM,1,54,40,9,5,50,1,0
2026-06-26,Friday,R4,11:00 AM,1,29,20,7,2,50,1,0
2026-06-26,Friday,R5,11:00 AM,1,38,27,8,3,50,1,0
2026-06-26,Friday,R6,11:00 AM,1,44,31,9,4,50,1,0
2026-06-26,Friday,R7,11:00 AM,1,26,21,4,1,50,1,0
2026-06-26,Friday,R8,11:00 AM,1,50,38,8,4,50,1,0
2026-06-26,Friday,R9,11:00 AM,1,18,13,4,1,50,1,0
2026-06-26,Friday,R10,11:00 AM,1,35,22,9,4,50,1,0
2026-06-26,Friday,R1,1:00 PM,2,54,38,13,3,50,1,0
2026-06-26,Friday,R2,1:00 PM,2,48,38,8,2,50,1,0
2026-06-26,Friday,R3,1:00 PM,2,76,55,16,5,50,2,0
2026-06-26,Friday,R4,1:00 PM,2,33,23,7,3,50,1,0
2026-06-26,Friday,R5,1:00 PM,2,56,39,13,4,50,1,0
2026-06-26,Friday,R6,1:00 PM,2,74,55,12,7,50,2,0
2026-06-26,Friday,R7,1:00 PM,2,47,32,11,4,50,1,0
2026-06-26,Friday,R8,1:00 PM,2,82,56,22,4,50,2,0
2026-06-26,Friday,R9,1:00 PM,2,28,19,6,3,50,1,0
2026-06-26,Friday,R10,1:00 PM,2,64,48,11,5,50,1,0
2026-06-26,Friday,R1,4:00 PM,2,48,34,9,5,50,1,0
2026-06-26,Friday,R2,4:00 PM,2,36,21,11,4,50,1,0
2026-06-26,Friday,R3,4:00 PM,2,72,53,14,5,50,2,0
2026-06-26,Friday,R4,4:00 PM,2,27,20,5,2,50,1,0
2026-06-26,Friday,R5,4:00 PM,2,53,40,9,4,50,1,0
2026-06-26,Friday,R6,4:00 PM,2,57,43,9,5,50,1,0
2026-06-26,Friday,R7,4:00 PM,2,34,25,7,2,50,1,0
2026-06-26,Friday,R8,4:00 PM,2,69,49,15,5,50,1,0
2026-06-26,Friday,R9,4:00 PM,2,25,18,5,2,50,1,0
2026-06-26,Friday,R10,4:00 PM,2,60,40,14,6,50,1,0
2026-06-26,Friday,R1,6:00 PM,2,30,21,7,2,50,1,0
2026-06-26,Friday,R2,6:00 PM,2,23,16,4,3,50,1,0
2026-06-26,Friday,R3,6:00 PM,2,49,36,11,2,50,1,0
2026-06-26,Friday,R4,6:00 PM,2,21,14,5,2,50,1,0
2026-06-26,Friday,R5,6:00 PM,2,27,20,5,2,50,1,0
2026-06-26,Friday,R6,6:00 PM,2,41,33,5,3,50,1,0
2026-06-26,Friday,R7,6:00 PM,2,25,16,7,2,50,1,0
2026-06-26,Friday,R8,6:00 PM,2,53,41,10,2,50,1,0
2026-06-26,Friday,R9,6:00 PM,2,17,10,5,2,50,1,0
2026-06-26,Friday,R10,6:00 PM,2,39,27,9,3,50,1,0
2026-06-27,Saturday,R1,7:00 AM,1,24,16,5,3,50,1,1
2026-06-27,Saturday,R2,7:00 AM,1,17,11,5,1,50,1,1
2026-06-27,Saturday,R3,7:00 AM,1,37,27,6,4,50,1,1
2026-06-27,Saturday,R4,7:00 AM,1,14,11,2,1,50,1,1
2026-06-27,Saturday,R5,7:00 AM,1,27,21,5,1,50,1,1
2026-06-27,Saturday,R6,7:00 AM,1,28,19,6,3,50,1,1
2026-06-27,Saturday,R7,7:00 AM,1,21,13,5,3,50,1,1
2026-06-27,Saturday,R8,7:00 AM,1,37,29,7,1,50,1,1
2026-06-27,Saturday,R9,7:00 AM,1,13,9,3,1,50,1,1
2026-06-27,Saturday,R10,7:00 AM,1,28,21,5,2,50,1,1
2026-06-27,Saturday,R1,11:00 AM,1,16,9,5,2,50,1,1
2026-06-27,Saturday,R2,11:00 AM,1,13,9,3,1,50,1,1
2026-06-27,Saturday,R3,11:00 AM,1,22,17,3,2,50,1,1
2026-06-27,Saturday,R4,11:00 AM,1,6,4,1,1,50,1,1
2026-06-27,Saturday,R5,11:00 AM,1,11,9,1,1,50,1,1
2026-06-27,Saturday,R6,11:00 AM,1,19,12,5,2,50,1,1
2026-06-27,Saturday,R7,11:00 AM,1,9,7,1,1,50,1,1
2026-06-27,Saturday,R8,11:00 AM,1,18,10,6,2,50,1,1
2026-06-27,Saturday,R9,11:00 AM,1,6,5,1,0,50,1,1
2026-06-27,Saturday,R10,11:00 AM,1,14,9,4,1,50,1,1
2026-06-27,Saturday,R1,1:00 PM,2,18,11,6,1,50,1,1
2026-06-27,Saturday,R2,1:00 PM,2,19,13,4,2,50,1,1
2026-06-27,Saturday,R3,1:00 PM,2,28,20,4,4,50,1,1
2026-06-27,Saturday,R4,1:00 PM,2,17,13,3,1,50,1,1
2026-06-27,Saturday,R5,1:00 PM,2,21,14,5,2,50,1,1
2026-06-27,Saturday,R6,1:00 PM,2,24,15,6,3,50,1,1
2026-06-27,Saturday,R7,1:00 PM,2,17,12,3,2,50,1,1
2026-06-27,Saturday,R8,1:00 PM,2,35,20,13,2,50,1,1
2026-06-27,Saturday,R9,1:00 PM,2,12,10,1,1,50,1,1
2026-06-27,Saturday,R10,1:00 PM,2,20,13,6,1,50,1,1
2026-06-27,Saturday,R1,4:00 PM,2,13,10,3,0,50,1,1
2026-06-27,Saturday,R2,4:00 PM,2,16,13,2,1,50,1,1
2026-06-27,Saturday,R3,4:00 PM,2,17,12,3,2,50,1,1
2026-06-27,Saturday,R4,4:00 PM,2,12,9,2,1,50,1,1
2026-06-27,Saturday,R5,4:00 PM,2,17,12,4,1,50,1,1
2026-06-27,Saturday,R6,4:00 PM,2,22,19,2,1,50,1,1
2026-06-27,Saturday,R7,4:00 PM,2,11,7,3,1,50,1,1
2026-06-27,Saturday,R8,4:00 PM,2,22,16,4,2,50,1,1
2026-06-27,Saturday,R9,4:00 PM,2,9,6,2,1,50,1,1
2026-06-27,Saturday,R10,4:00 PM,2,21,15,4,2,50,1,1
2026-06-27,Saturday,R1,6:00 PM,2,19,15,3,1,50,1,1
2026-06-27,Saturday,R2,6:00 PM,2,12,9,2,1,50,1,1
2026-06-27,Saturday,R3,6:00 PM,2,14,9,3,2,50,1,1
2026-06-27,Saturday,R4,6:00 PM,2,10,7,3,0,50,1,1
2026-06-27,Saturday,R5,6:00 PM,2,8,7,1,0,50,1,1
2026-06-27,Saturday,R6,6:00 PM,2,17,12,4,1,50,1,1
2026-06-27,Saturday,R7,6:00 PM,2,9,6,2,1,50,1,1
2026-06-27,Saturday,R8,6:00 PM,2,20,15,3,2,50,1,1
2026-06-27,Saturday,R9,6:00 PM,2,9,6,2,1,50,1,1
2026-06-27,Saturday,R10,6:00 PM,2,21,14,5,2,50,1,1
2026-06-28,Sunday,R1,7:00 AM,1,23,16,5,2,50,1,1
2026-06-28,Sunday,R2,7:00 AM,1,21,15,4,2,50,1,1
2026-06-28,Sunday,R3,7:00 AM,1,38,25,9,4,50,1,1
2026-06-28,Sunday,R4,7:00 AM,1,15,10,4,1,50,1,1
2026-06-28,Sunday,R5,7:00 AM,1,21,15,5,1,50,1,1
2026-06-28,Sunday,R6,7:00 AM,1,27,19,6,2,50,1,1
2026-06-28,Sunday,R7,7:00 AM,1,15,10,4,1,50,1,1
2026-06-28,Sunday,R8,7:00 AM,1,35,27,5,3,50,1,1
2026-06-28,Sunday,R9,7:00 AM,1,12,8,3,1,50,1,1
2026-06-28,Sunday,R10,7:00 AM,1,21,15,4,2,50,1,1
2026-06-28,Sunday,R1,11:00 AM,1,16,11,3,2,50,1,1
2026-06-28,Sunday,R2,11:00 AM,1,5,4,1,0,50,1,1
2026-06-28,Sunday,R3,11:00 AM,1,21,14,5,2,50,1,1
2026-06-28,Sunday,R4,11:00 AM,1,8,6,1,1,50,1,1
2026-06-28,Sunday,R5,11:00 AM,1,13,9,3,1,50,1,1
2026-06-28,Sunday,R6,11:00 AM,1,13,9,3,1,50,1,1
2026-06-28,Sunday,R7,11:00 AM,1,10,8,2,0,50,1,1
2026-06-28,Sunday,R8,11:00 AM,1,18,11,5,2,50,1,1
2026-06-28,Sunday,R9,11:00 AM,1,7,4,2,1,50,1,1
2026-06-28,Sunday,R10,11:00 AM,1,19,13,4,2,50,1,1
2026-06-28,Sunday,R1,1:00 PM,2,24,17,4,3,50,1,1
2026-06-28,Sunday,R2,1:00 PM,2,12,7,4,1,50,1,1
2026-06-28,Sunday,R3,1:00 PM,2,27,22,3,2,50,1,1
2026-06-28,Sunday,R4,1:00 PM,2,10,7,2,1,50,1,1
2026-06-28,Sunday,R5,1:00 PM,2,22,15,5,2,50,1,1
2026-06-28,Sunday,R6,1:00 PM,2,20,14,4,2,50,1,1
2026-06-28,Sunday,R7,1:00 PM,2,13,8,4,1,50,1,1
2026-06-28,Sunday,R8,1:00 PM,2,30,19,8,3,50,1,1
2026-06-28,Sunday,R9,1:00 PM,2,11,8,2,1,50,1,1
2026-06-28,Sunday,R10,1:00 PM,2,23,15,6,2,50,1,1
2026-06-28,Sunday,R1,4:00 PM,2,19,11,6,2,50,1,1
2026-06-28,Sunday,R2,4:00 PM,2,15,13,2,0,50,1,1
2026-06-28,Sunday,R3,4:00 PM,2,24,17,5,2,50,1,1
2026-06-28,Sunday,R4,4:00 PM,2,12,8,3,1,50,1,1
2026-06-28,Sunday,R5,4:00 PM,2,17,12,3,2,50,1,1
2026-06-28,Sunday,R6,4:00 PM,2,19,13,5,1,50,1,1
2026-06-28,Sunday,R7,4:00 PM,2,11,8,2,1,50,1,1
2026-06-28,Sunday,R8,4:00 PM,2,27,20,6,1,50,1,1
2026-06-28,Sunday,R9,4:00 PM,2,8,5,2,1,50,1,1
2026-06-28,Sunday,R10,4:00 PM,2,18,12,5,1,50,1,1
2026-06-28,Sunday,R1,6:00 PM,2,7,6,1,0,50,1,1
2026-06-28,Sunday,R2,6:00 PM,2,7,5,1,1,50,1,1
2026-06-28,Sunday,R3,6:00 PM,2,16,10,4,2,50,1,1
2026-06-28,Sunday,R4,6:00 PM,2,7,5,2,0,50,1,1
2026-06-28,Sunday,R5,6:00 PM,2,9,6,2,1,50,1,1
2026-06-28,Sunday,R6,6:00 PM,2,15,9,5,1,50,1,1
2026-06-28,Sunday,R7,6:00 PM,2,7,4,2,1,50,1,1
2026-06-28,Sunday,R8,6:00 PM,2,18,12,5,1,50,1,1
2026-06-28,Sunday,R9,6:00 PM,2,0,0,0,0,50,0,1
2026-06-28,Sunday,R10,6:00 PM,2,8,6,1,1,50,1,1
2026-06-29,Monday,R1,7:00 AM,1,73,57,12,4,50,2,0
2026-06-29,Monday,R2,7:00 AM,1,54,39,12,3,50,1,0
2026-06-29,Monday,R3,7:00 AM,1,99,85,8,6,50,2,0
2026-06-29,Monday,R4,7:00 AM,1,41,30,8,3,50,1,0
2026-06-29,Monday,R5,7:00 AM,1,72,57,9,6,50,2,0
2026-06-29,Monday,R6,7:00 AM,1,86,53,27,6,50,2,0
2026-06-29,Monday,R7,7:00 AM,1,53,44,7,2,50,1,0
2026-06-29,Monday,R8,7:00 AM,1,112,75,25,12,50,2,0
2026-06-29,Monday,R9,7:00 AM,1,34,22,8,4,50,1,0
2026-06-29,Monday,R10,7:00 AM,1,79,55,18,6,50,2,0
2026-06-29,Monday,R1,11:00 AM,1,35,23,10,2,50,1,0
2026-06-29,Monday,R2,11:00 AM,1,33,26,5,2,50,1,0
2026-06-29,Monday,R3,11:00 AM,1,58,39,12,7,50,1,0
2026-06-29,Monday,R4,11:00 AM,1,25,19,3,3,50,1,0
2026-06-29,Monday,R5,11:00 AM,1,36,24,9,3,50,1,0
2026-06-29,Monday,R6,11:00 AM,1,40,26,9,5,50,1,0
2026-06-29,Monday,R7,11:00 AM,1,30,20,7,3,50,1,0
2026-06-29,Monday,R8,11:00 AM,1,59,42,14,3,50,1,0
2026-06-29,Monday,R9,11:00 AM,1,22,15,6,1,50,1,0
2026-06-29,Monday,R10,11:00 AM,1,47,34,10,3,50,1,0
2026-06-29,Monday,R1,1:00 PM,2,64,45,13,6,50,1,0
2026-06-29,Monday,R2,1:00 PM,2,46,32,10,4,50,1,0
2026-06-29,Monday,R3,1:00 PM,2,80,66,10,4,50,2,0
2026-06-29,Monday,R4,1:00 PM,2,40,28,9,3,50,1,0
2026-06-29,Monday,R5,1:00 PM,2,50,40,8,2,50,1,0
2026-06-29,Monday,R6,1:00 PM,2,67,50,13,4,50,1,0
2026-06-29,Monday,R7,1:00 PM,2,42,26,10,6,50,1,0
2026-06-29,Monday,R8,1:00 PM,2,76,47,21,8,50,1,0
2026-06-29,Monday,R9,1:00 PM,2,29,20,7,2,50,1,0
2026-06-29,Monday,R10,1:00 PM,2,63,38,19,6,50,1,0
2026-06-29,Monday,R1,4:00 PM,2,52,40,10,2,50,1,0
2026-06-29,Monday,R2,4:00 PM,2,40,27,11,2,50,1,0
2026-06-29,Monday,R3,4:00 PM,2,61,44,14,3,50,1,0
2026-06-29,Monday,R4,4:00 PM,2,29,22,6,1,50,1,0
2026-06-29,Monday,R5,4:00 PM,2,44,31,11,2,50,1,0
2026-06-29,Monday,R6,4:00 PM,2,50,36,9,5,50,1,0
2026-06-29,Monday,R7,4:00 PM,2,36,26,7,3,50,1,0
2026-06-29,Monday,R8,4:00 PM,2,63,42,15,6,50,1,0
2026-06-29,Monday,R9,4:00 PM,2,25,17,7,1,50,1,0
2026-06-29,Monday,R10,4:00 PM,2,58,41,13,4,50,1,0
2026-06-29,Monday,R1,6:00 PM,2,35,23,8,4,50,1,0
2026-06-29,Monday,R2,6:00 PM,2,25,17,5,3,50,1,0
2026-06-29,Monday,R3,6:00 PM,2,43,27,11,5,50,1,0
2026-06-29,Monday,R4,6:00 PM,2,20,14,5,1,50,1,0
2026-06-29,Monday,R5,6:00 PM,2,35,24,8,3,50,1,0
2026-06-29,Monday,R6,6:00 PM,2,37,29,5,3,50,1,0
2026-06-29,Monday,R7,6:00 PM,2,19,13,4,2,50,1,0
2026-06-29,Monday,R8,6:00 PM,2,51,30,16,5,50,1,0
2026-06-29,Monday,R9,6:00 PM,2,16,11,4,1,50,1,0
2026-06-29,Monday,R10,6:00 PM,2,32,24,6,2,50,1,0
2026-06-30,Tuesday,R1,7:00 AM,1,60,43,13,4,50,1,0
2026-06-30,Tuesday,R2,7:00 AM,1,50,33,12,5,50,1,0
2026-06-30,Tuesday,R3,7:00 AM,1,97,68,20,9,50,2,0
2026-06-30,Tuesday,R4,7:00 AM,1,47,33,11,3,50,1,0
2026-06-30,Tuesday,R5,7:00 AM,1,70,45,20,5,50,1,0
2026-06-30,Tuesday,R6,7:00 AM,1,96,69,19,8,50,2,0
2026-06-30,Tuesday,R7,7:00 AM,1,49,36,11,2,50,1,0
2026-06-30,Tuesday,R8,7:00 AM,1,100,75,17,8,50,2,0
2026-06-30,Tuesday,R9,7:00 AM,1,41,30,10,1,50,1,0
2026-06-30,Tuesday,R10,7:00 AM,1,88,62,21,5,50,2,0
2026-06-30,Tuesday,R1,11:00 AM,1,40,28,9,3,50,1,0
2026-06-30,Tuesday,R2,11:00 AM,1,32,24,6,2,50,1,0
2026-06-30,Tuesday,R3,11:00 AM,1,49,38,7,4,50,1,0
2026-06-30,Tuesday,R4,11:00 AM,1,27,17,7,3,50,1,0
2026-06-30,Tuesday,R5,11:00 AM,1,38,27,7,4,50,1,0
2026-06-30,Tuesday,R6,11:00 AM,1,40,31,7,2,50,1,0
2026-06-30,Tuesday,R7,11:00 AM,1,32,20,9,3,50,1,0
2026-06-30,Tuesday,R8,11:00 AM,1,63,46,11,6,50,1,0
2026-06-30,Tuesday,R9,11:00 AM,1,21,13,6,2,50,1,0
2026-06-30,Tuesday,R10,11:00 AM,1,41,27,10,4,50,1,0
2026-06-30,Tuesday,R1,1:00 PM,2,56,41,12,3,50,1,0
2026-06-30,Tuesday,R2,1:00 PM,2,38,25,9,4,50,1,0
2026-06-30,Tuesday,R3,1:00 PM,2,80,64,10,6,50,2,0
2026-06-30,Tuesday,R4,1:00 PM,2,30,19,9,2,50,1,0
2026-06-30,Tuesday,R5,1:00 PM,2,61,41,16,4,50,1,0
2026-06-30,Tuesday,R6,1:00 PM,2,61,43,14,4,50,1,0
2026-06-30,Tuesday,R7,1:00 PM,2,43,33,8,2,50,1,0
2026-06-30,Tuesday,R8,1:00 PM,2,71,50,16,5,50,1,0
2026-06-30,Tuesday,R9,1:00 PM,2,30,19,8,3,50,1,0
2026-06-30,Tuesday,R10,1:00 PM,2,61,43,12,6,50,1,0
2026-06-30,Tuesday,R1,4:00 PM,2,45,31,10,4,50,1,0
2026-06-30,Tuesday,R2,4:00 PM,2,43,35,5,3,50,1,0
2026-06-30,Tuesday,R3,4:00 PM,2,62,42,14,6,50,1,0
2026-06-30,Tuesday,R4,4:00 PM,2,36,27,7,2,50,1,0
2026-06-30,Tuesday,R5,4:00 PM,2,52,34,12,6,50,1,0
2026-06-30,Tuesday,R6,4:00 PM,2,59,46,10,3,50,1,0
2026-06-30,Tuesday,R7,4:00 PM,2,32,20,8,4,50,1,0
2026-06-30,Tuesday,R8,4:00 PM,2,84,53,22,9,50,2,0
2026-06-30,Tuesday,R9,4:00 PM,2,25,18,4,3,50,1,0
2026-06-30,Tuesday,R10,4:00 PM,2,55,38,12,5,50,1,0
2026-06-30,Tuesday,R1,6:00 PM,2,36,22,10,4,50,1,0
2026-06-30,Tuesday,R2,6:00 PM,2,29,18,8,3,50,1,0
2026-06-30,Tuesday,R3,6:00 PM,2,44,31,11,2,50,1,0
2026-06-30,Tuesday,R4,6:00 PM,2,25,19,4,2,50,1,0
2026-06-30,Tuesday,R5,6:00 PM,2,30,21,7,2,50,1,0
2026-06-30,Tuesday,R6,6:00 PM,2,34,24,8,2,50,1,0
2026-06-30,Tuesday,R7,6:00 PM,2,28,19,6,3,50,1,0
2026-06-30,Tuesday,R8,6:00 PM,2,47,35,9,3,50,1,0
2026-06-30,Tuesday,R9,6:00 PM,2,21,14,6,1,50,1,0
2026-06-30,Tuesday,R10,6:00 PM,2,40,34,4,2,50,1,0
2026-07-01,Wednesday,R1,7:00 AM,1,66,53,10,3,50,2,0
2026-07-01,Wednesday,R2,7:00 AM,1,60,42,13,5,50,1,0
2026-07-01,Wednesday,R3,7:00 AM,1,100,67,23,10,50,2,0
2026-07-01,Wednesday,R4,7:00 AM,1,45,33,7,5,50,1,0
2026-07-01,Wednesday,R5,7:00 AM,1,65,49,11,5,50,1,0
2026-07-01,Wednesday,R6,7:00 AM,1,76,54,15,7,50,2,0
2026-07-01,Wednesday,R7,7:00 AM,1,53,40,9,4,50,1,0
2026-07-01,Wednesday,R8,7:00 AM,1,114,71,28,15,50,2,0
2026-07-01,Wednesday,R9,7:00 AM,1,42,28,12,2,50,1,0
2026-07-01,Wednesday,R10,7:00 AM,1,81,58,18,5,50,2,0
2026-07-01,Wednesday,R1,11:00 AM,1,40,25,11,4,50,1,0
2026-07-01,Wednesday,R2,11:00 AM,1,29,20,7,2,50,1,0
2026-07-01,Wednesday,R3,11:00 AM,1,53,38,11,4,50,1,0
2026-07-01,Wednesday,R4,11:00 AM,1,27,19,5,3,50,1,0
2026-07-01,Wednesday,R5,11:00 AM,1,32,23,6,3,50,1,0
2026-07-01,Wednesday,R6,11:00 AM,1,47,33,10,4,50,1,0
2026-07-01,Wednesday,R7,11:00 AM,1,30,21,6,3,50,1,0
2026-07-01,Wednesday,R8,11:00 AM,1,62,43,16,3,50,1,0
2026-07-01,Wednesday,R9,11:00 AM,1,21,16,4,1,50,1,0
2026-07-01,Wednesday,R10,11:00 AM,1,43,31,8,4,50,1,0
2026-07-01,Wednesday,R1,1:00 PM,2,54,34,17,3,50,1,0
2026-07-01,Wednesday,R2,1:00 PM,2,48,33,12,3,50,1,0
2026-07-01,Wednesday,R3,1:00 PM,2,83,60,13,10,50,2,0
2026-07-01,Wednesday,R4,1:00 PM,2,37,27,7,3,50,1,0
2026-07-01,Wednesday,R5,1:00 PM,2,59,44,11,4,50,1,0
2026-07-01,Wednesday,R6,1:00 PM,2,66,47,11,8,50,1,0
2026-07-01,Wednesday,R7,1:00 PM,2,41,27,11,3,50,1,0
2026-07-01,Wednesday,R8,1:00 PM,2,79,54,17,8,50,2,0
2026-07-01,Wednesday,R9,1:00 PM,2,31,19,9,3,50,1,0
2026-07-01,Wednesday,R10,1:00 PM,2,67,50,13,4,50,1,0
2026-07-01,Wednesday,R1,4:00 PM,2,48,33,11,4,50,1,0
2026-07-01,Wednesday,R2,4:00 PM,2,34,24,7,3,50,1,0
2026-07-01,Wednesday,R3,4:00 PM,2,65,41,18,6,50,1,0
2026-07-01,Wednesday,R4,4:00 PM,2,35,24,7,4,50,1,0
2026-07-01,Wednesday,R5,4:00 PM,2,54,36,15,3,50,1,0
2026-07-01,Wednesday,R6,4:00 PM,2,56,40,11,5,50,1,0
2026-07-01,Wednesday,R7,4:00 PM,2,38,28,7,3,50,1,0
2026-07-01,Wednesday,R8,4:00 PM,2,62,40,18,4,50,1,0
2026-07-01,Wednesday,R9,4:00 PM,2,27,18,6,3,50,1,0
2026-07-01,Wednesday,R10,4:00 PM,2,41,29,9,3,50,1,0
2026-07-01,Wednesday,R1,6:00 PM,2,33,21,10,2,50,1,0
2026-07-01,Wednesday,R2,6:00 PM,2,30,20,7,3,50,1,0
2026-07-01,Wednesday,R3,6:00 PM,2,43,30,8,5,50,1,0
2026-07-01,Wednesday,R4,6:00 PM,2,23,18,3,2,50,1,0
2026-07-01,Wednesday,R5,6:00 PM,2,34,23,9,2,50,1,0
2026-07-01,Wednesday,R6,6:00 PM,2,30,22,7,1,50,1,0
2026-07-01,Wednesday,R7,6:00 PM,2,19,15,2,2,50,1,0
2026-07-01,Wednesday,R8,6:00 PM,2,51,34,11,6,50,1,0
2026-07-01,Wednesday,R9,6:00 PM,2,20,13,6,1,50,1,0
2026-07-01,Wednesday,R10,6:00 PM,2,36,28,5,3,50,1,0
2026-07-02,Thursday,R1,7:00 AM,1,71,47,18,6,50,1,0
2026-07-02,Thursday,R2,7:00 AM,1,61,37,16,8,50,1,0
2026-07-02,Thursday,R3,7:00 AM,1,93,69,16,8,50,2,0
2026-07-02,Thursday,R4,7:00 AM,1,42,27,12,3,50,1,0
2026-07-02,Thursday,R5,7:00 AM,1,65,46,13,6,50,1,0
2026-07-02,Thursday,R6,7:00 AM,1,81,56,15,10,50,2,0
2026-07-02,Thursday,R7,7:00 AM,1,48,32,11,5,50,1,0
2026-07-02,Thursday,R8,7:00 AM,1,91,64,22,5,50,2,0
2026-07-02,Thursday,R9,7:00 AM,1,41,30,7,4,50,1,0
2026-07-02,Thursday,R10,7:00 AM,1,83,54,22,7,50,2,0
2026-07-02,Thursday,R1,11:00 AM,1,39,27,7,5,50,1,0
2026-07-02,Thursday,R2,11:00 AM,1,30,22,5,3,50,1,0
2026-07-02,Thursday,R3,11:00 AM,1,49,39,8,2,50,1,0
2026-07-02,Thursday,R4,11:00 AM,1,23,16,5,2,50,1,0
2026-07-02,Thursday,R5,11:00 AM,1,40,27,10,3,50,1,0
2026-07-02,Thursday,R6,11:00 AM,1,44,28,11,5,50,1,0
2026-07-02,Thursday,R7,11:00 AM,1,29,21,6,2,50,1,0
2026-07-02,Thursday,R8,11:00 AM,1,51,33,13,5,50,1,0
2026-07-02,Thursday,R9,11:00 AM,1,23,15,5,3,50,1,0
2026-07-02,Thursday,R10,11:00 AM,1,40,26,11,3,50,1,0
2026-07-02,Thursday,R1,1:00 PM,2,56,37,14,5,50,1,0
2026-07-02,Thursday,R2,1:00 PM,2,49,34,11,4,50,1,0
2026-07-02,Thursday,R3,1:00 PM,2,93,58,26,9,50,2,0
2026-07-02,Thursday,R4,1:00 PM,2,37,24,10,3,50,1,0
2026-07-02,Thursday,R5,1:00 PM,2,56,41,11,4,50,1,0
2026-07-02,Thursday,R6,1:00 PM,2,50,35,12,3,50,1,0
2026-07-02,Thursday,R7,1:00 PM,2,48,35,11,2,50,1,0
2026-07-02,Thursday,R8,1:00 PM,2,86,64,14,8,50,2,0
2026-07-02,Thursday,R9,1:00 PM,2,32,21,9,2,50,1,0
2026-07-02,Thursday,R10,1:00 PM,2,62,47,9,6,50,1,0
2026-07-02,Thursday,R1,4:00 PM,2,52,35,13,4,50,1,0
2026-07-02,Thursday,R2,4:00 PM,2,42,26,13,3,50,1,0
2026-07-02,Thursday,R3,4:00 PM,2,67,52,11,4,50,2,0
2026-07-02,Thursday,R4,4:00 PM,2,32,21,9,2,50,1,0
2026-07-02,Thursday,R5,4:00 PM,2,47,35,9,3,50,1,0
2026-07-02,Thursday,R6,4:00 PM,2,59,43,9,7,50,1,0
2026-07-02,Thursday,R7,4:00 PM,2,34,23,9,2,50,1,0
2026-07-02,Thursday,R8,4:00 PM,2,77,50,20,7,50,1,0
2026-07-02,Thursday,R9,4:00 PM,2,24,17,6,1,50,1,0
2026-07-02,Thursday,R10,4:00 PM,2,52,33,14,5,50,1,0
2026-07-02,Thursday,R1,6:00 PM,2,35,26,6,3,50,1,0
2026-07-02,Thursday,R2,6:00 PM,2,28,22,3,3,50,1,0
2026-07-02,Thursday,R3,6:00 PM,2,46,31,13,2,50,1,0
2026-07-02,Thursday,R4,6:00 PM,2,12,8,3,1,50,1,0
2026-07-02,Thursday,R5,6:00 PM,2,28,19,5,4,50,1,0
2026-07-02,Thursday,R6,6:00 PM,2,38,26,10,2,50,1,0
2026-07-02,Thursday,R7,6:00 PM,2,19,14,4,1,50,1,0
2026-07-02,Thursday,R8,6:00 PM,2,49,35,10,4,50,1,0
2026-07-02,Thursday,R9,6:00 PM,2,18,13,3,2,50,1,0
2026-07-02,Thursday,R10,6:00 PM,2,31,24,4,3,50,1,0
2026-07-03,Friday,R1,7:00 AM,1,75,56,16,3,50,2,0
2026-07-03,Friday,R2,7:00 AM,1,55,42,11,2,50,1,0
2026-07-03,Friday,R3,7:00 AM,1,89,57,22,10,50,2,0
2026-07-03,Friday,R4,7:00 AM,1,43,31,11,1,50,1,0
2026-07-03,Friday,R5,7:00 AM,1,72,53,13,6,50,2,0
2026-07-03,Friday,R6,7:00 AM,1,80,52,23,5,50,2,0
2026-07-03,Friday,R7,7:00 AM,1,55,40,11,4,50,1,0
2026-07-03,Friday,R8,7:00 AM,1,103,77,18,8,50,2,0
2026-07-03,Friday,R9,7:00 AM,1,38,26,9,3,50,1,0
2026-07-03,Friday,R10,7:00 AM,1,81,55,22,4,50,2,0
2026-07-03,Friday,R1,11:00 AM,1,42,31,7,4,50,1,0
2026-07-03,Friday,R2,11:00 AM,1,34,27,4,3,50,1,0
2026-07-03,Friday,R3,11:00 AM,1,50,35,9,6,50,1,0
2026-07-03,Friday,R4,11:00 AM,1,23,17,4,2,50,1,0
2026-07-03,Friday,R5,11:00 AM,1,39,27,8,4,50,1,0
2026-07-03,Friday,R6,11:00 AM,1,47,39,5,3,50,1,0
2026-07-03,Friday,R7,11:00 AM,1,27,19,7,1,50,1,0
2026-07-03,Friday,R8,11:00 AM,1,70,47,17,6,50,1,0
2026-07-03,Friday,R9,11:00 AM,1,24,14,8,2,50,1,0
2026-07-03,Friday,R10,11:00 AM,1,45,32,10,3,50,1,0
2026-07-03,Friday,R1,1:00 PM,2,57,43,10,4,50,1,0
2026-07-03,Friday,R2,1:00 PM,2,42,31,9,2,50,1,0
2026-07-03,Friday,R3,1:00 PM,2,79,55,17,7,50,2,0
2026-07-03,Friday,R4,1:00 PM,2,35,18,13,4,50,1,0
2026-07-03,Friday,R5,1:00 PM,2,50,35,12,3,50,1,0
2026-07-03,Friday,R6,1:00 PM,2,62,47,9,6,50,1,0
2026-07-03,Friday,R7,1:00 PM,2,40,25,11,4,50,1,0
2026-07-03,Friday,R8,1:00 PM,2,96,70,17,9,50,2,0
2026-07-03,Friday,R9,1:00 PM,2,33,25,6,2,50,1,0
2026-07-03,Friday,R10,1:00 PM,2,70,47,16,7,50,1,0
2026-07-03,Friday,R1,4:00 PM,2,47,37,7,3,50,1,0
2026-07-03,Friday,R2,4:00 PM,2,40,30,7,3,50,1,0
2026-07-03,Friday,R3,4:00 PM,2,58,42,10,6,50,1,0
2026-07-03,Friday,R4,4:00 PM,2,33,24,7,2,50,1,0
2026-07-03,Friday,R5,4:00 PM,2,44,31,9,4,50,1,0
2026-07-03,Friday,R6,4:00 PM,2,62,47,12,3,50,1,0
2026-07-03,Friday,R7,4:00 PM,2,37,28,7,2,50,1,0
2026-07-03,Friday,R8,4:00 PM,2,81,53,21,7,50,2,0
2026-07-03,Friday,R9,4:00 PM,2,23,16,5,2,50,1,0
2026-07-03,Friday,R10,4:00 PM,2,52,31,15,6,50,1,0
2026-07-03,Friday,R1,6:00 PM,2,40,27,9,4,50,1,0
2026-07-03,Friday,R2,6:00 PM,2,32,22,8,2,50,1,0
2026-07-03,Friday,R3,6:00 PM,2,44,32,10,2,50,1,0
2026-07-03,Friday,R4,6:00 PM,2,21,14,6,1,50,1,0
2026-07-03,Friday,R5,6:00 PM,2,37,24,10,3,50,1,0
2026-07-03,Friday,R6,6:00 PM,2,41,27,9,5,50,1,0
2026-07-03,Friday,R7,6:00 PM,2,28,21,4,3,50,1,0
2026-07-03,Friday,R8,6:00 PM,2,50,36,11,3,50,1,0
2026-07-03,Friday,R9,6:00 PM,2,23,16,6,1,50,1,0
2026-07-03,Friday,R10,6:00 PM,2,32,23,6,3,50,1,0
2026-07-04,Saturday,R1,7:00 AM,1,26,16,7,3,50,1,1
2026-07-04,Saturday,R2,7:00 AM,1,23,17,5,1,50,1,1
2026-07-04,Saturday,R3,7:00 AM,1,33,21,9,3,50,1,1
2026-07-04,Saturday,R4,7:00 AM,1,17,13,3,1,50,1,1
2026-07-04,Saturday,R5,7:00 AM,1,23,17,5,1,50,1,1
2026-07-04,Saturday,R6,7:00 AM,1,28,20,5,3,50,1,1
2026-07-04,Saturday,R7,7:00 AM,1,17,10,5,2,50,1,1
2026-07-04,Saturday,R8,7:00 AM,1,37,30,6,1,50,1,1
2026-07-04,Saturday,R9,7:00 AM,1,9,7,1,1,50,1,1
2026-07-04,Saturday,R10,7:00 AM,1,27,20,6,1,50,1,1
2026-07-04,Saturday,R1,11:00 AM,1,10,6,3,1,50,1,1
2026-07-04,Saturday,R2,11:00 AM,1,11,7,3,1,50,1,1
2026-07-04,Saturday,R3,11:00 AM,1,18,12,4,2,50,1,1
2026-07-04,Saturday,R4,11:00 AM,1,16,12,2,2,50,1,1
2026-07-04,Saturday,R5,11:00 AM,1,13,9,3,1,50,1,1
2026-07-04,Saturday,R6,11:00 AM,1,16,10,4,2,50,1,1
2026-07-04,Saturday,R7,11:00 AM,1,12,9,2,1,50,1,1
2026-07-04,Saturday,R8,11:00 AM,1,19,16,2,1,50,1,1
2026-07-04,Saturday,R9,11:00 AM,1,10,7,2,1,50,1,1
2026-07-04,Saturday,R10,11:00 AM,1,16,12,3,1,50,1,1
2026-07-04,Saturday,R1,1:00 PM,2,25,17,6,2,50,1,1
2026-07-04,Saturday,R2,1:00 PM,2,16,11,4,1,50,1,1
2026-07-04,Saturday,R3,1:00 PM,2,21,12,7,2,50,1,1
2026-07-04,Saturday,R4,1:00 PM,2,14,10,3,1,50,1,1
2026-07-04,Saturday,R5,1:00 PM,2,19,13,3,3,50,1,1
2026-07-04,Saturday,R6,1:00 PM,2,20,16,3,1,50,1,1
2026-07-04,Saturday,R7,1:00 PM,2,19,14,4,1,50,1,1
2026-07-04,Saturday,R8,1:00 PM,2,34,22,9,3,50,1,1
2026-07-04,Saturday,R9,1:00 PM,2,13,7,4,2,50,1,1
2026-07-04,Saturday,R10,1:00 PM,2,20,12,6,2,50,1,1
2026-07-04,Saturday,R1,4:00 PM,2,19,15,3,1,50,1,1
2026-07-04,Saturday,R2,4:00 PM,2,12,8,3,1,50,1,1
2026-07-04,Saturday,R3,4:00 PM,2,17,11,4,2,50,1,1
2026-07-04,Saturday,R4,4:00 PM,2,10,6,3,1,50,1,1
2026-07-04,Saturday,R5,4:00 PM,2,18,13,4,1,50,1,1
2026-07-04,Saturday,R6,4:00 PM,2,17,12,4,1,50,1,1
2026-07-04,Saturday,R7,4:00 PM,2,12,9,2,1,50,1,1
2026-07-04,Saturday,R8,4:00 PM,2,29,22,6,1,50,1,1
2026-07-04,Saturday,R9,4:00 PM,2,12,8,3,1,50,1,1
2026-07-04,Saturday,R10,4:00 PM,2,23,16,5,2,50,1,1
2026-07-04,Saturday,R1,6:00 PM,2,9,6,2,1,50,1,1
2026-07-04,Saturday,R2,6:00 PM,2,5,4,1,0,50,1,1
2026-07-04,Saturday,R3,6:00 PM,2,16,11,4,1,50,1,1
2026-07-04,Saturday,R4,6:00 PM,2,12,9,2,1,50,1,1
2026-07-04,Saturday,R5,6:00 PM,2,12,9,2,1,50,1,1
2026-07-04,Saturday,R6,6:00 PM,2,21,14,5,2,50,1,1
2026-07-04,Saturday,R7,6:00 PM,2,9,7,2,0,50,1,1
2026-07-04,Saturday,R8,6:00 PM,2,16,12,2,2,50,1,1
2026-07-04,Saturday,R9,6:00 PM,2,6,4,1,1,50,1,1
2026-07-04,Saturday,R10,6:00 PM,2,9,6,2,1,50,1,1
2026-07-05,Sunday,R1,7:00 AM,1,28,19,7,2,50,1,1
2026-07-05,Sunday,R2,7:00 AM,1,21,14,5,2,50,1,1
2026-07-05,Sunday,R3,7:00 AM,1,30,21,7,2,50,1,1
2026-07-05,Sunday,R4,7:00 AM,1,16,11,3,2,50,1,1
2026-07-05,Sunday,R5,7:00 AM,1,24,18,4,2,50,1,1
2026-07-05,Sunday,R6,7:00 AM,1,30,19,9,2,50,1,1
2026-07-05,Sunday,R7,7:00 AM,1,13,9,3,1,50,1,1
2026-07-05,Sunday,R8,7:00 AM,1,35,25,7,3,50,1,1
2026-07-05,Sunday,R9,7:00 AM,1,15,11,3,1,50,1,1
2026-07-05,Sunday,R10,7:00 AM,1,27,19,6,2,50,1,1
2026-07-05,Sunday,R1,11:00 AM,1,15,10,4,1,50,1,1
2026-07-05,Sunday,R2,11:00 AM,1,13,10,2,1,50,1,1
2026-07-05,Sunday,R3,11:00 AM,1,20,14,5,1,50,1,1
2026-07-05,Sunday,R4,11:00 AM,1,7,5,1,1,50,1,1
2026-07-05,Sunday,R5,11:00 AM,1,16,11,3,2,50,1,1
2026-07-05,Sunday,R6,11:00 AM,1,16,12,3,1,50,1,1
2026-07-05,Sunday,R7,11:00 AM,1,12,7,3,2,50,1,1
2026-07-05,Sunday,R8,11:00 AM,1,18,13,4,1,50,1,1
2026-07-05,Sunday,R9,11:00 AM,1,5,4,1,0,50,1,1
2026-07-05,Sunday,R10,11:00 AM,1,23,17,5,1,50,1,1
2026-07-05,Sunday,R1,1:00 PM,2,21,17,2,2,50,1,1
2026-07-05,Sunday,R2,1:00 PM,2,17,11,4,2,50,1,1
2026-07-05,Sunday,R3,1:00 PM,2,26,18,6,2,50,1,1
2026-07-05,Sunday,R4,1:00 PM,2,10,8,2,0,50,1,1
2026-07-05,Sunday,R5,1:00 PM,2,18,13,3,2,50,1,1
2026-07-05,Sunday,R6,1:00 PM,2,29,24,4,1,50,1,1
2026-07-05,Sunday,R7,1:00 PM,2,15,11,3,1,50,1,1
2026-07-05,Sunday,R8,1:00 PM,2,29,20,6,3,50,1,1
2026-07-05,Sunday,R9,1:00 PM,2,14,11,2,1,50,1,1
2026-07-05,Sunday,R10,1:00 PM,2,22,15,4,3,50,1,1
2026-07-05,Sunday,R1,4:00 PM,2,16,11,3,2,50,1,1
2026-07-05,Sunday,R2,4:00 PM,2,12,9,2,1,50,1,1
2026-07-05,Sunday,R3,4:00 PM,2,26,19,5,2,50,1,1
2026-07-05,Sunday,R4,4:00 PM,2,14,10,3,1,50,1,1
2026-07-05,Sunday,R5,4:00 PM,2,17,11,4,2,50,1,1
2026-07-05,Sunday,R6,4:00 PM,2,23,15,6,2,50,1,1
2026-07-05,Sunday,R7,4:00 PM,2,10,7,2,1,50,1,1
2026-07-05,Sunday,R8,4:00 PM,2,22,15,5,2,50,1,1
2026-07-05,Sunday,R9,4:00 PM,2,10,7,2,1,50,1,1
2026-07-05,Sunday,R10,4:00 PM,2,17,13,3,1,50,1,1
2026-07-05,Sunday,R1,6:00 PM,2,17,12,4,1,50,1,1
2026-07-05,Sunday,R2,6:00 PM,2,7,4,3,0,50,1,1
2026-07-05,Sunday,R3,6:00 PM,2,15,10,4,1,50,1,1
2026-07-05,Sunday,R4,6:00 PM,2,10,6,3,1,50,1,1
2026-07-05,Sunday,R5,6:00 PM,2,8,5,2,1,50,1,1
2026-07-05,Sunday,R6,6:00 PM,2,20,15,3,2,50,1,1
2026-07-05,Sunday,R7,6:00 PM,2,9,6,2,1,50,1,1
2026-07-05,Sunday,R8,6:00 PM,2,15,10,4,1,50,1,1
2026-07-05,Sunday,R9,6:00 PM,2,9,6,2,1,50,1,1
2026-07-05,Sunday,R10,6:00 PM,2,8,5,2,1,50,1,1
2026-07-06,Monday,R1,7:00 AM,1,66,48,13,5,50,1,0
2026-07-06,Monday,R2,7:00 AM,1,51,39,9,3,50,1,0
2026-07-06,Monday,R3,7:00 AM,1,92,71,17,4,50,2,0
2026-07-06,Monday,R4,7:00 AM,1,52,34,15,3,50,1,0
2026-07-06,Monday,R5,7:00 AM,1,69,44,17,8,50,1,0
2026-07-06,Monday,R6,7:00 AM,1,77,51,21,5,50,2,0
2026-07-06,Monday,R7,7:00 AM,1,46,29,12,5,50,1,0
2026-07-06,Monday,R8,7:00 AM,1,127,95,20,12,50,2,0
2026-07-06,Monday,R9,7:00 AM,1,37,25,10,2,50,1,0
2026-07-06,Monday,R10,7:00 AM,1,68,50,12,6,50,1,0
2026-07-06,Monday,R1,11:00 AM,1,38,24,10,4,50,1,0
2026-07-06,Monday,R2,11:00 AM,1,34,21,10,3,50,1,0
2026-07-06,Monday,R3,11:00 AM,1,47,30,14,3,50,1,0
2026-07-06,Monday,R4,11:00 AM,1,27,17,8,2,50,1,0
2026-07-06,Monday,R5,11:00 AM,1,33,23,6,4,50,1,0
2026-07-06,Monday,R6,11:00 AM,1,44,30,10,4,50,1,0
2026-07-06,Monday,R7,11:00 AM,1,31,22,7,2,50,1,0
2026-07-06,Monday,R8,11:00 AM,1,56,36,15,5,50,1,0
2026-07-06,Monday,R9,11:00 AM,1,20,13,5,2,50,1,0
2026-07-06,Monday,R10,11:00 AM,1,39,30,7,2,50,1,0
2026-07-06,Monday,R1,1:00 PM,2,58,39,16,3,50,1,0
2026-07-06,Monday,R2,1:00 PM,2,48,35,9,4,50,1,0
2026-07-06,Monday,R3,1:00 PM,2,68,49,14,5,50,1,0
2026-07-06,Monday,R4,1:00 PM,2,39,28,9,2,50,1,0
2026-07-06,Monday,R5,1:00 PM,2,61,42,14,5,50,1,0
2026-07-06,Monday,R6,1:00 PM,2,67,48,13,6,50,1,0
2026-07-06,Monday,R7,1:00 PM,2,44,35,6,3,50,1,0
2026-07-06,Monday,R8,1:00 PM,2,84,55,20,9,50,2,0
2026-07-06,Monday,R9,1:00 PM,2,29,21,6,2,50,1,0
2026-07-06,Monday,R10,1:00 PM,2,58,40,12,6,50,1,0
2026-07-06,Monday,R1,4:00 PM,2,46,33,11,2,50,1,0
2026-07-06,Monday,R2,4:00 PM,2,39,26,8,5,50,1,0
2026-07-06,Monday,R3,4:00 PM,2,65,56,7,2,50,2,0
2026-07-06,Monday,R4,4:00 PM,2,32,21,8,3,50,1,0
2026-07-06,Monday,R5,4:00 PM,2,48,32,13,3,50,1,0
2026-07-06,Monday,R6,4:00 PM,2,62,49,9,4,50,1,0
2026-07-06,Monday,R7,4:00 PM,2,31,23,6,2,50,1,0
2026-07-06,Monday,R8,4:00 PM,2,74,53,17,4,50,2,0
2026-07-06,Monday,R9,4:00 PM,2,26,19,4,3,50,1,0
2026-07-06,Monday,R10,4:00 PM,2,52,36,10,6,50,1,0
2026-07-06,Monday,R1,6:00 PM,2,31,24,5,2,50,1,0
2026-07-06,Monday,R2,6:00 PM,2,28,18,7,3,50,1,0
2026-07-06,Monday,R3,6:00 PM,2,55,44,6,5,50,1,0
2026-07-06,Monday,R4,6:00 PM,2,20,15,4,1,50,1,0
2026-07-06,Monday,R5,6:00 PM,2,30,18,9,3,50,1,0
2026-07-06,Monday,R6,6:00 PM,2,39,26,11,2,50,1,0
2026-07-06,Monday,R7,6:00 PM,2,21,18,2,1,50,1,0
2026-07-06,Monday,R8,6:00 PM,2,51,36,11,4,50,1,0
2026-07-06,Monday,R9,6:00 PM,2,14,9,4,1,50,1,0
2026-07-06,Monday,R10,6:00 PM,2,39,31,5,3,50,1,0
2026-07-07,Tuesday,R1,7:00 AM,1,65,46,13,6,50,1,0
2026-07-07,Tuesday,R2,7:00 AM,1,58,43,10,5,50,1,0
2026-07-07,Tuesday,R3,7:00 AM,1,83,54,23,6,50,2,0
2026-07-07,Tuesday,R4,7:00 AM,1,49,37,9,3,50,1,0
2026-07-07,Tuesday,R5,7:00 AM,1,64,43,17,4,50,1,0
2026-07-07,Tuesday,R6,7:00 AM,1,86,66,17,3,50,2,0
2026-07-07,Tuesday,R7,7:00 AM,1,50,38,8,4,50,1,0
2026-07-07,Tuesday,R8,7:00 AM,1,95,63,25,7,50,2,0
2026-07-07,Tuesday,R9,7:00 AM,1,37,24,9,4,50,1,0
2026-07-07,Tuesday,R10,7:00 AM,1,76,59,14,3,50,2,0
2026-07-07,Tuesday,R1,11:00 AM,1,37,27,7,3,50,1,0
2026-07-07,Tuesday,R2,11:00 AM,1,31,21,8,2,50,1,0
2026-07-07,Tuesday,R3,11:00 AM,1,52,32,15,5,50,1,0
2026-07-07,Tuesday,R4,11:00 AM,1,25,18,5,2,50,1,0
2026-07-07,Tuesday,R5,11:00 AM,1,35,25,7,3,50,1,0
2026-07-07,Tuesday,R6,11:00 AM,1,44,32,7,5,50,1,0
2026-07-07,Tuesday,R7,11:00 AM,1,30,24,4,2,50,1,0
2026-07-07,Tuesday,R8,11:00 AM,1,58,37,18,3,50,1,0
2026-07-07,Tuesday,R9,11:00 AM,1,24,15,7,2,50,1,0
2026-07-07,Tuesday,R10,11:00 AM,1,41,31,7,3,50,1,0
2026-07-07,Tuesday,R1,1:00 PM,2,59,38,15,6,50,1,0
2026-07-07,Tuesday,R2,1:00 PM,2,45,36,5,4,50,1,0
2026-07-07,Tuesday,R3,1:00 PM,2,80,55,19,6,50,2,0
2026-07-07,Tuesday,R4,1:00 PM,2,37,23,11,3,50,1,0
2026-07-07,Tuesday,R5,1:00 PM,2,54,39,11,4,50,1,0
2026-07-07,Tuesday,R6,1:00 PM,2,76,54,16,6,50,2,0
2026-07-07,Tuesday,R7,1:00 PM,2,41,25,11,5,50,1,0
2026-07-07,Tuesday,R8,1:00 PM,2,89,62,20,7,50,2,0
2026-07-07,Tuesday,R9,1:00 PM,2,24,16,6,2,50,1,0
2026-07-07,Tuesday,R10,1:00 PM,2,64,47,12,5,50,1,0
2026-07-07,Tuesday,R1,4:00 PM,2,49,33,13,3,50,1,0
2026-07-07,Tuesday,R2,4:00 PM,2,47,34,11,2,50,1,0
2026-07-07,Tuesday,R3,4:00 PM,2,66,52,12,2,50,2,0
2026-07-07,Tuesday,R4,4:00 PM,2,36,24,9,3,50,1,0
2026-07-07,Tuesday,R5,4:00 PM,2,48,38,7,3,50,1,0
2026-07-07,Tuesday,R6,4:00 PM,2,61,49,10,2,50,1,0
2026-07-07,Tuesday,R7,4:00 PM,2,36,25,8,3,50,1,0
2026-07-07,Tuesday,R8,4:00 PM,2,78,51,20,7,50,2,0
2026-07-07,Tuesday,R9,4:00 PM,2,30,23,4,3,50,1,0
2026-07-07,Tuesday,R10,4:00 PM,2,56,45,9,2,50,1,0
2026-07-07,Tuesday,R1,6:00 PM,2,32,23,6,3,50,1,0
2026-07-07,Tuesday,R2,6:00 PM,2,26,19,5,2,50,1,0
2026-07-07,Tuesday,R3,6:00 PM,2,50,35,11,4,50,1,0
2026-07-07,Tuesday,R4,6:00 PM,2,21,14,6,1,50,1,0
2026-07-07,Tuesday,R5,6:00 PM,2,37,25,9,3,50,1,0
2026-07-07,Tuesday,R6,6:00 PM,2,47,36,8,3,50,1,0
2026-07-07,Tuesday,R7,6:00 PM,2,21,12,6,3,50,1,0
2026-07-07,Tuesday,R8,6:00 PM,2,57,37,16,4,50,1,0
2026-07-07,Tuesday,R9,6:00 PM,2,17,13,2,2,50,1,0
2026-07-07,Tuesday,R10,6:00 PM,2,38,27,7,4,50,1,0
2026-07-08,Wednesday,R1,7:00 AM,1,66,45,16,5,50,1,0
2026-07-08,Wednesday,R2,7:00 AM,1,61,45,13,3,50,1,0
2026-07-08,Wednesday,R3,7:00 AM,1,96,62,26,8,50,2,0
2026-07-08,Wednesday,R4,7:00 AM,1,48,36,8,4,50,1,0
2026-07-08,Wednesday,R5,7:00 AM,1,65,43,17,5,50,1,0
2026-07-08,Wednesday,R6,7:00 AM,1,87,55,24,8,50,2,0
2026-07-08,Wednesday,R7,7:00 AM,1,53,40,9,4,50,1,0
2026-07-08,Wednesday,R8,7:00 AM,1,101,74,20,7,50,2,0
2026-07-08,Wednesday,R9,7:00 AM,1,35,29,4,2,50,1,0
2026-07-08,Wednesday,R10,7:00 AM,1,77,59,12,6,50,2,0
2026-07-08,Wednesday,R1,11:00 AM,1,46,28,12,6,50,1,0
2026-07-08,Wednesday,R2,11:00 AM,1,33,22,9,2,50,1,0
2026-07-08,Wednesday,R3,11:00 AM,1,50,41,4,5,50,1,0
2026-07-08,Wednesday,R4,11:00 AM,1,29,21,6,2,50,1,0
2026-07-08,Wednesday,R5,11:00 AM,1,35,23,8,4,50,1,0
2026-07-08,Wednesday,R6,11:00 AM,1,39,27,9,3,50,1,0
2026-07-08,Wednesday,R7,11:00 AM,1,29,20,7,2,50,1,0
2026-07-08,Wednesday,R8,11:00 AM,1,57,39,12,6,50,1,0
2026-07-08,Wednesday,R9,11:00 AM,1,22,16,5,1,50,1,0
2026-07-08,Wednesday,R10,11:00 AM,1,41,27,11,3,50,1,0
2026-07-08,Wednesday,R1,1:00 PM,2,62,36,19,7,50,1,0
2026-07-08,Wednesday,R2,1:00 PM,2,48,38,9,1,50,1,0
2026-07-08,Wednesday,R3,1:00 PM,2,77,54,16,7,50,2,0
2026-07-08,Wednesday,R4,1:00 PM,2,36,28,7,1,50,1,0
2026-07-08,Wednesday,R5,1:00 PM,2,52,33,13,6,50,1,0
2026-07-08,Wednesday,R6,1:00 PM,2,67,44,16,7,50,1,0
2026-07-08,Wednesday,R7,1:00 PM,2,40,28,10,2,50,1,0
2026-07-08,Wednesday,R8,1:00 PM,2,92,63,21,8,50,2,0
2026-07-08,Wednesday,R9,1:00 PM,2,29,18,7,4,50,1,0
2026-07-08,Wednesday,R10,1:00 PM,2,57,40,12,5,50,1,0
2026-07-08,Wednesday,R1,4:00 PM,2,54,42,10,2,50,1,0
2026-07-08,Wednesday,R2,4:00 PM,2,45,31,12,2,50,1,0
2026-07-08,Wednesday,R3,4:00 PM,2,63,37,19,7,50,1,0
2026-07-08,Wednesday,R4,4:00 PM,2,34,24,7,3,50,1,0
2026-07-08,Wednesday,R5,4:00 PM,2,47,31,13,3,50,1,0
2026-07-08,Wednesday,R6,4:00 PM,2,54,35,15,4,50,1,0
2026-07-08,Wednesday,R7,4:00 PM,2,41,30,8,3,50,1,0
2026-07-08,Wednesday,R8,4:00 PM,2,68,50,15,3,50,1,0
2026-07-08,Wednesday,R9,4:00 PM,2,25,19,4,2,50,1,0
2026-07-08,Wednesday,R10,4:00 PM,2,56,43,7,6,50,1,0
2026-07-08,Wednesday,R1,6:00 PM,2,42,30,9,3,50,1,0
2026-07-08,Wednesday,R2,6:00 PM,2,36,27,6,3,50,1,0
2026-07-08,Wednesday,R3,6:00 PM,2,46,29,13,4,50,1,0
2026-07-08,Wednesday,R4,6:00 PM,2,20,16,3,1,50,1,0
2026-07-08,Wednesday,R5,6:00 PM,2,30,21,7,2,50,1,0
2026-07-08,Wednesday,R6,6:00 PM,2,35,23,10,2,50,1,0
2026-07-08,Wednesday,R7,6:00 PM,2,21,15,4,2,50,1,0
2026-07-08,Wednesday,R8,6:00 PM,2,43,31,10,2,50,1,0
2026-07-08,Wednesday,R9,6:00 PM,2,23,15,6,2,50,1,0
2026-07-08,Wednesday,R10,6:00 PM,2,34,24,7,3,50,1,0
2026-07-09,Thursday,R1,7:00 AM,1,72,51,15,6,50,2,0
2026-07-09,Thursday,R2,7:00 AM,1,55,42,11,2,50,1,0
2026-07-09,Thursday,R3,7:00 AM,1,102,72,24,6,50,2,0
2026-07-09,Thursday,R4,7:00 AM,1,52,37,12,3,50,1,0
2026-07-09,Thursday,R5,7:00 AM,1,73,48,18,7,50,1,0
2026-07-09,Thursday,R6,7:00 AM,1,79,54,19,6,50,2,0
2026-07-09,Thursday,R7,7:00 AM,1,54,43,7,4,50,1,0
2026-07-09,Thursday,R8,7:00 AM,1,119,89,22,8,50,2,0
2026-07-09,Thursday,R9,7:00 AM,1,37,30,6,1,50,1,0
2026-07-09,Thursday,R10,7:00 AM,1,75,52,17,6,50,2,0
2026-07-09,Thursday,R1,11:00 AM,1,39,26,9,4,50,1,0
2026-07-09,Thursday,R2,11:00 AM,1,31,23,6,2,50,1,0
2026-07-09,Thursday,R3,11:00 AM,1,55,35,16,4,50,1,0
2026-07-09,Thursday,R4,11:00 AM,1,25,18,6,1,50,1,0
2026-07-09,Thursday,R5,11:00 AM,1,37,31,5,1,50,1,0
2026-07-09,Thursday,R6,11:00 AM,1,46,33,9,4,50,1,0
2026-07-09,Thursday,R7,11:00 AM,1,29,22,5,2,50,1,0
2026-07-09,Thursday,R8,11:00 AM,1,52,35,15,2,50,1,0
2026-07-09,Thursday,R9,11:00 AM,1,20,15,3,2,50,1,0
2026-07-09,Thursday,R10,11:00 AM,1,41,29,8,4,50,1,0
2026-07-09,Thursday,R1,1:00 PM,2,59,41,15,3,50,1,0
2026-07-09,Thursday,R2,1:00 PM,2,42,30,9,3,50,1,0
2026-07-09,Thursday,R3,1:00 PM,2,82,57,18,7,50,2,0
2026-07-09,Thursday,R4,1:00 PM,2,32,20,10,2,50,1,0
2026-07-09,Thursday,R5,1:00 PM,2,59,43,11,5,50,1,0
2026-07-09,Thursday,R6,1:00 PM,2,60,41,15,4,50,1,0
2026-07-09,Thursday,R7,1:00 PM,2,43,30,11,2,50,1,0
2026-07-09,Thursday,R8,1:00 PM,2,81,50,20,11,50,1,0
2026-07-09,Thursday,R9,1:00 PM,2,31,21,8,2,50,1,0
2026-07-09,Thursday,R10,1:00 PM,2,72,56,10,6,50,2,0
2026-07-09,Thursday,R1,4:00 PM,2,44,36,4,4,50,1,0
2026-07-09,Thursday,R2,4:00 PM,2,41,30,8,3,50,1,0
2026-07-09,Thursday,R3,4:00 PM,2,83,58,17,8,50,2,0
2026-07-09,Thursday,R4,4:00 PM,2,30,21,7,2,50,1,0
2026-07-09,Thursday,R5,4:00 PM,2,46,27,14,5,50,1,0
2026-07-09,Thursday,R6,4:00 PM,2,58,48,6,4,50,1,0
2026-07-09,Thursday,R7,4:00 PM,2,45,31,9,5,50,1,0
2026-07-09,Thursday,R8,4:00 PM,2,82,58,19,5,50,2,0
2026-07-09,Thursday,R9,4:00 PM,2,19,13,5,1,50,1,0
2026-07-09,Thursday,R10,4:00 PM,2,54,41,9,4,50,1,0
2026-07-09,Thursday,R1,6:00 PM,2,35,25,8,2,50,1,0
2026-07-09,Thursday,R2,6:00 PM,2,31,24,6,1,50,1,0
2026-07-09,Thursday,R3,6:00 PM,2,45,31,10,4,50,1,0
2026-07-09,Thursday,R4,6:00 PM,2,26,19,5,2,50,1,0
2026-07-09,Thursday,R5,6:00 PM,2,29,19,8,2,50,1,0
2026-07-09,Thursday,R6,6:00 PM,2,38,29,5,4,50,1,0
2026-07-09,Thursday,R7,6:00 PM,2,21,15,4,2,50,1,0
2026-07-09,Thursday,R8,6:00 PM,2,46,38,7,1,50,1,0
2026-07-09,Thursday,R9,6:00 PM,2,20,13,4,3,50,1,0
2026-07-09,Thursday,R10,6:00 PM,2,33,25,6,2,50,1,0
2026-07-10,Friday,R1,7:00 AM,1,73,52,14,7,50,2,0
2026-07-10,Friday,R2,7:00 AM,1,53,43,8,2,50,1,0
2026-07-10,Friday,R3,7:00 AM,1,78,57,15,6,50,2,0
2026-07-10,Friday,R4,7:00 AM,1,43,26,12,5,50,1,0
2026-07-10,Friday,R5,7:00 AM,1,66,53,9,4,50,2,0
2026-07-10,Friday,R6,7:00 AM,1,78,58,15,5,50,2,0
2026-07-10,Friday,R7,7:00 AM,1,49,36,10,3,50,1,0
2026-07-10,Friday,R8,7:00 AM,1,107,76,25,6,50,2,0
2026-07-10,Friday,R9,7:00 AM,1,42,33,7,2,50,1,0
2026-07-10,Friday,R10,7:00 AM,1,78,57,14,7,50,2,0
2026-07-10,Friday,R1,11:00 AM,1,32,20,9,3,50,1,0
2026-07-10,Friday,R2,11:00 AM,1,27,20,4,3,50,1,0
2026-07-10,Friday,R3,11:00 AM,1,49,39,9,1,50,1,0
2026-07-10,Friday,R4,11:00 AM,1,24,17,5,2,50,1,0
2026-07-10,Friday,R5,11:00 AM,1,33,25,5,3,50,1,0
2026-07-10,Friday,R6,11:00 AM,1,49,37,7,5,50,1,0
2026-07-10,Friday,R7,11:00 AM,1,29,19,8,2,50,1,0
2026-07-10,Friday,R8,11:00 AM,1,46,31,10,5,50,1,0
2026-07-10,Friday,R9,11:00 AM,1,18,13,4,1,50,1,0
2026-07-10,Friday,R10,11:00 AM,1,32,20,10,2,50,1,0
2026-07-10,Friday,R1,1:00 PM,2,61,41,13,7,50,1,0
2026-07-10,Friday,R2,1:00 PM,2,49,36,10,3,50,1,0
2026-07-10,Friday,R3,1:00 PM,2,83,65,10,8,50,2,0
2026-07-10,Friday,R4,1:00 PM,2,34,21,10,3,50,1,0
2026-07-10,Friday,R5,1:00 PM,2,59,44,13,2,50,1,0
2026-07-10,Friday,R6,1:00 PM,2,63,42,16,5,50,1,0
2026-07-10,Friday,R7,1:00 PM,2,47,33,11,3,50,1,0
2026-07-10,Friday,R8,1:00 PM,2,81,61,18,2,50,2,0
2026-07-10,Friday,R9,1:00 PM,2,36,23,9,4,50,1,0
2026-07-10,Friday,R10,1:00 PM,2,54,32,15,7,50,1,0
2026-07-10,Friday,R1,4:00 PM,2,45,29,12,4,50,1,0
2026-07-10,Friday,R2,4:00 PM,2,36,23,9,4,50,1,0
2026-07-10,Friday,R3,4:00 PM,2,63,43,18,2,50,1,0
2026-07-10,Friday,R4,4:00 PM,2,27,19,6,2,50,1,0
2026-07-10,Friday,R5,4:00 PM,2,45,29,12,4,50,1,0
2026-07-10,Friday,R6,4:00 PM,2,61,42,13,6,50,1,0
2026-07-10,Friday,R7,4:00 PM,2,35,22,11,2,50,1,0
2026-07-10,Friday,R8,4:00 PM,2,86,63,19,4,50,2,0
2026-07-10,Friday,R9,4:00 PM,2,31,21,7,3,50,1,0
2026-07-10,Friday,R10,4:00 PM,2,58,40,14,4,50,1,0
2026-07-10,Friday,R1,6:00 PM,2,37,25,8,4,50,1,0
2026-07-10,Friday,R2,6:00 PM,2,21,15,5,1,50,1,0
2026-07-10,Friday,R3,6:00 PM,2,52,35,13,4,50,1,0
2026-07-10,Friday,R4,6:00 PM,2,23,16,4,3,50,1,0
2026-07-10,Friday,R5,6:00 PM,2,39,25,9,5,50,1,0
2026-07-10,Friday,R6,6:00 PM,2,38,28,7,3,50,1,0
2026-07-10,Friday,R7,6:00 PM,2,26,19,5,2,50,1,0
2026-07-10,Friday,R8,6:00 PM,2,52,38,9,5,50,1,0
2026-07-10,Friday,R9,6:00 PM,2,21,14,5,2,50,1,0
2026-07-10,Friday,R10,6:00 PM,2,33,23,8,2,50,1,0
2026-07-11,Saturday,R1,7:00 AM,1,22,17,4,1,50,1,1
2026-07-11,Saturday,R2,7:00 AM,1,19,13,4,2,50,1,1
2026-07-11,Saturday,R3,7:00 AM,1,32,24,5,3,50,1,1
2026-07-11,Saturday,R4,7:00 AM,1,13,9,3,1,50,1,1
2026-07-11,Saturday,R5,7:00 AM,1,24,15,7,2,50,1,1
2026-07-11,Saturday,R6,7:00 AM,1,26,15,9,2,50,1,1
2026-07-11,Saturday,R7,7:00 AM,1,18,11,5,2,50,1,1
2026-07-11,Saturday,R8,7:00 AM,1,38,22,13,3,50,1,1
2026-07-11,Saturday,R9,7:00 AM,1,12,8,3,1,50,1,1
2026-07-11,Saturday,R10,7:00 AM,1,22,18,3,1,50,1,1
2026-07-11,Saturday,R1,11:00 AM,1,9,6,2,1,50,1,1
2026-07-11,Saturday,R2,11:00 AM,1,8,6,1,1,50,1,1
2026-07-11,Saturday,R3,11:00 AM,1,21,16,3,2,50,1,1
2026-07-11,Saturday,R4,11:00 AM,1,11,7,3,1,50,1,1
2026-07-11,Saturday,R5,11:00 AM,1,20,14,4,2,50,1,1
2026-07-11,Saturday,R6,11:00 AM,1,15,10,3,2,50,1,1
2026-07-11,Saturday,R7,11:00 AM,1,6,4,1,1,50,1,1
2026-07-11,Saturday,R8,11:00 AM,1,23,16,5,2,50,1,1
2026-07-11,Saturday,R9,11:00 AM,1,8,5,2,1,50,1,1
2026-07-11,Saturday,R10,11:00 AM,1,18,10,6,2,50,1,1
2026-07-11,Saturday,R1,1:00 PM,2,21,15,5,1,50,1,1
2026-07-11,Saturday,R2,1:00 PM,2,24,17,5,2,50,1,1
2026-07-11,Saturday,R3,1:00 PM,2,25,15,7,3,50,1,1
2026-07-11,Saturday,R4,1:00 PM,2,11,8,3,0,50,1,1
2026-07-11,Saturday,R5,1:00 PM,2,20,13,5,2,50,1,1
2026-07-11,Saturday,R6,1:00 PM,2,21,17,3,1,50,1,1
2026-07-11,Saturday,R7,1:00 PM,2,11,7,3,1,50,1,1
2026-07-11,Saturday,R8,1:00 PM,2,31,19,9,3,50,1,1
2026-07-11,Saturday,R9,1:00 PM,2,11,8,2,1,50,1,1
2026-07-11,Saturday,R10,1:00 PM,2,17,12,4,1,50,1,1
2026-07-11,Saturday,R1,4:00 PM,2,20,14,4,2,50,1,1
2026-07-11,Saturday,R2,4:00 PM,2,12,8,3,1,50,1,1
2026-07-11,Saturday,R3,4:00 PM,2,20,14,4,2,50,1,1
2026-07-11,Saturday,R4,4:00 PM,2,9,6,2,1,50,1,1
2026-07-11,Saturday,R5,4:00 PM,2,13,9,3,1,50,1,1
2026-07-11,Saturday,R6,4:00 PM,2,23,14,8,1,50,1,1
2026-07-11,Saturday,R7,4:00 PM,2,14,10,3,1,50,1,1
2026-07-11,Saturday,R8,4:00 PM,2,22,16,5,1,50,1,1
2026-07-11,Saturday,R9,4:00 PM,2,9,6,2,1,50,1,1
2026-07-11,Saturday,R10,4:00 PM,2,16,11,4,1,50,1,1
2026-07-11,Saturday,R1,6:00 PM,2,12,8,3,1,50,1,1
2026-07-11,Saturday,R2,6:00 PM,2,10,6,3,1,50,1,1
2026-07-11,Saturday,R3,6:00 PM,2,19,12,6,1,50,1,1
2026-07-11,Saturday,R4,6:00 PM,2,3,2,1,0,50,1,1
2026-07-11,Saturday,R5,6:00 PM,2,17,12,4,1,50,1,1
2026-07-11,Saturday,R6,6:00 PM,2,10,6,3,1,50,1,1
2026-07-11,Saturday,R7,6:00 PM,2,9,6,2,1,50,1,1
2026-07-11,Saturday,R8,6:00 PM,2,18,12,4,2,50,1,1
2026-07-11,Saturday,R9,6:00 PM,2,8,5,2,1,50,1,1
2026-07-11,Saturday,R10,6:00 PM,2,12,9,2,1,50,1,1
2026-07-12,Sunday,R1,7:00 AM,1,31,24,5,2,50,1,1
2026-07-12,Sunday,R2,7:00 AM,1,18,11,5,2,50,1,1
2026-07-12,Sunday,R3,7:00 AM,1,33,24,6,3,50,1,1
2026-07-12,Sunday,R4,7:00 AM,1,11,8,2,1,50,1,1
2026-07-12,Sunday,R5,7:00 AM,1,20,15,3,2,50,1,1
2026-07-12,Sunday,R6,7:00 AM,1,27,18,7,2,50,1,1
2026-07-12,Sunday,R7,7:00 AM,1,18,13,4,1,50,1,1
2026-07-12,Sunday,R8,7:00 AM,1,37,28,7,2,50,1,1
2026-07-12,Sunday,R9,7:00 AM,1,14,10,3,1,50,1,1
2026-07-12,Sunday,R10,7:00 AM,1,23,14,7,2,50,1,1
2026-07-12,Sunday,R1,11:00 AM,1,17,13,3,1,50,1,1
2026-07-12,Sunday,R2,11:00 AM,1,17,12,4,1,50,1,1
2026-07-12,Sunday,R3,11:00 AM,1,20,12,6,2,50,1,1
2026-07-12,Sunday,R4,11:00 AM,1,12,8,3,1,50,1,1
2026-07-12,Sunday,R5,11:00 AM,1,11,8,3,0,50,1,1
2026-07-12,Sunday,R6,11:00 AM,1,15,12,2,1,50,1,1
2026-07-12,Sunday,R7,11:00 AM,1,9,6,2,1,50,1,1
2026-07-12,Sunday,R8,11:00 AM,1,17,9,6,2,50,1,1
2026-07-12,Sunday,R9,11:00 AM,1,4,3,1,0,50,1,1
2026-07-12,Sunday,R10,11:00 AM,1,15,11,3,1,50,1,1
2026-07-12,Sunday,R1,1:00 PM,2,24,17,5,2,50,1,1
2026-07-12,Sunday,R2,1:00 PM,2,13,10,2,1,50,1,1
2026-07-12,Sunday,R3,1:00 PM,2,27,21,4,2,50,1,1
2026-07-12,Sunday,R4,1:00 PM,2,17,11,5,1,50,1,1
2026-07-12,Sunday,R5,1:00 PM,2,19,11,6,2,50,1,1
2026-07-12,Sunday,R6,1:00 PM,2,23,18,3,2,50,1,1
2026-07-12,Sunday,R7,1:00 PM,2,17,13,3,1,50,1,1
2026-07-12,Sunday,R8,1:00 PM,2,29,22,6,1,50,1,1
2026-07-12,Sunday,R9,1:00 PM,2,10,6,3,1,50,1,1
2026-07-12,Sunday,R10,1:00 PM,2,22,16,4,2,50,1,1
2026-07-12,Sunday,R1,4:00 PM,2,17,12,3,2,50,1,1
2026-07-12,Sunday,R2,4:00 PM,2,17,12,3,2,50,1,1
2026-07-12,Sunday,R3,4:00 PM,2,25,18,6,1,50,1,1
2026-07-12,Sunday,R4,4:00 PM,2,14,10,3,1,50,1,1
2026-07-12,Sunday,R5,4:00 PM,2,25,17,6,2,50,1,1
2026-07-12,Sunday,R6,4:00 PM,2,13,8,4,1,50,1,1
2026-07-12,Sunday,R7,4:00 PM,2,10,7,2,1,50,1,1
2026-07-12,Sunday,R8,4:00 PM,2,28,20,6,2,50,1,1
2026-07-12,Sunday,R9,4:00 PM,2,8,5,2,1,50,1,1
2026-07-12,Sunday,R10,4:00 PM,2,22,14,6,2,50,1,1
2026-07-12,Sunday,R1,6:00 PM,2,11,7,3,1,50,1,1
2026-07-12,Sunday,R2,6:00 PM,2,6,5,1,0,50,1,1
2026-07-12,Sunday,R3,6:00 PM,2,19,14,4,1,50,1,1
2026-07-12,Sunday,R4,6:00 PM,2,8,5,2,1,50,1,1
2026-07-12,Sunday,R5,6:00 PM,2,14,9,4,1,50,1,1
2026-07-12,Sunday,R6,6:00 PM,2,12,9,2,1,50,1,1
2026-07-12,Sunday,R7,6:00 PM,2,13,9,3,1,50,1,1
2026-07-12,Sunday,R8,6:00 PM,2,22,15,5,2,50,1,1
2026-07-12,Sunday,R9,6:00 PM,2,3,2,1,0,50,1,1
2026-07-12,Sunday,R10,6:00 PM,2,9,6,2,1,50,1,1
2026-07-13,Monday,R1,7:00 AM,1,71,53,11,7,50,2,0
2026-07-13,Monday,R2,7:00 AM,1,63,48,8,7,50,1,0
2026-07-13,Monday,R3,7:00 AM,1,89,59,23,7,50,2,0
2026-07-13,Monday,R4,7:00 AM,1,45,31,9,5,50,1,0
2026-07-13,Monday,R5,7:00 AM,1,61,39,15,7,50,1,0
2026-07-13,Monday,R6,7:00 AM,1,87,52,29,6,50,2,0
2026-07-13,Monday,R7,7:00 AM,1,56,38,12,6,50,1,0
2026-07-13,Monday,R8,7:00 AM,1,105,72,21,12,50,2,0
2026-07-13,Monday,R9,7:00 AM,1,37,29,6,2,50,1,0
2026-07-13,Monday,R10,7:00 AM,1,80,50,23,7,50,1,0
2026-07-13,Monday,R1,11:00 AM,1,44,34,7,3,50,1,0
2026-07-13,Monday,R2,11:00 AM,1,31,21,7,3,50,1,0
2026-07-13,Monday,R3,11:00 AM,1,55,39,11,5,50,1,0
2026-07-13,Monday,R4,11:00 AM,1,25,19,4,2,50,1,0
2026-07-13,Monday,R5,11:00 AM,1,37,26,8,3,50,1,0
2026-07-13,Monday,R6,11:00 AM,1,45,31,9,5,50,1,0
2026-07-13,Monday,R7,11:00 AM,1,25,16,5,4,50,1,0
2026-07-13,Monday,R8,11:00 AM,1,53,40,8,5,50,1,0
2026-07-13,Monday,R9,11:00 AM,1,15,10,3,2,50,1,0
2026-07-13,Monday,R10,11:00 AM,1,37,31,4,2,50,1,0
2026-07-13,Monday,R1,1:00 PM,2,63,42,17,4,50,1,0
2026-07-13,Monday,R2,1:00 PM,2,50,30,14,6,50,1,0
2026-07-13,Monday,R3,1:00 PM,2,76,63,8,5,50,2,0
2026-07-13,Monday,R4,1:00 PM,2,36,26,7,3,50,1,0
2026-07-13,Monday,R5,1:00 PM,2,61,39,17,5,50,1,0
2026-07-13,Monday,R6,1:00 PM,2,73,50,17,6,50,1,0
2026-07-13,Monday,R7,1:00 PM,2,46,30,10,6,50,1,0
2026-07-13,Monday,R8,1:00 PM,2,76,55,15,6,50,2,0
2026-07-13,Monday,R9,1:00 PM,2,32,20,9,3,50,1,0
2026-07-13,Monday,R10,1:00 PM,2,55,36,14,5,50,1,0
2026-07-13,Monday,R1,4:00 PM,2,43,32,9,2,50,1,0
2026-07-13,Monday,R2,4:00 PM,2,38,27,7,4,50,1,0
2026-07-13,Monday,R3,4:00 PM,2,67,50,10,7,50,1,0
2026-07-13,Monday,R4,4:00 PM,2,27,19,6,2,50,1,0
2026-07-13,Monday,R5,4:00 PM,2,46,31,11,4,50,1,0
2026-07-13,Monday,R6,4:00 PM,2,64,44,14,6,50,1,0
2026-07-13,Monday,R7,4:00 PM,2,35,24,8,3,50,1,0
2026-07-13,Monday,R8,4:00 PM,2,73,58,9,6,50,2,0
2026-07-13,Monday,R9,4:00 PM,2,28,22,5,1,50,1,0
2026-07-13,Monday,R10,4:00 PM,2,59,41,14,4,50,1,0
2026-07-13,Monday,R1,6:00 PM,2,31,22,6,3,50,1,0
2026-07-13,Monday,R2,6:00 PM,2,28,20,5,3,50,1,0
2026-07-13,Monday,R3,6:00 PM,2,43,25,13,5,50,1,0
2026-07-13,Monday,R4,6:00 PM,2,20,15,4,1,50,1,0
2026-07-13,Monday,R5,6:00 PM,2,28,22,4,2,50,1,0
2026-07-13,Monday,R6,6:00 PM,2,38,29,6,3,50,1,0
2026-07-13,Monday,R7,6:00 PM,2,26,19,6,1,50,1,0
2026-07-13,Monday,R8,6:00 PM,2,50,37,8,5,50,1,0
2026-07-13,Monday,R9,6:00 PM,2,21,16,4,1,50,1,0
2026-07-13,Monday,R10,6:00 PM,2,35,28,4,3,50,1,0
2026-07-14,Tuesday,R1,7:00 AM,1,70,47,19,4,50,1,0
2026-07-14,Tuesday,R2,7:00 AM,1,55,44,8,3,50,1,0
2026-07-14,Tuesday,R3,7:00 AM,1,86,58,23,5,50,2,0
2026-07-14,Tuesday,R4,7:00 AM,1,45,34,9,2,50,1,0
2026-07-14,Tuesday,R5,7:00 AM,1,67,47,17,3,50,1,0
2026-07-14,Tuesday,R6,7:00 AM,1,87,66,15,6,50,2,0
2026-07-14,Tuesday,R7,7:00 AM,1,54,40,10,4,50,1,0
2026-07-14,Tuesday,R8,7:00 AM,1,102,76,23,3,50,2,0
2026-07-14,Tuesday,R9,7:00 AM,1,32,21,8,3,50,1,0
2026-07-14,Tuesday,R10,7:00 AM,1,70,49,15,6,50,1,0
2026-07-14,Tuesday,R1,11:00 AM,1,42,35,5,2,50,1,0
2026-07-14,Tuesday,R2,11:00 AM,1,31,19,8,4,50,1,0
2026-07-14,Tuesday,R3,11:00 AM,1,51,38,8,5,50,1,0
2026-07-14,Tuesday,R4,11:00 AM,1,29,20,7,2,50,1,0
2026-07-14,Tuesday,R5,11:00 AM,1,40,28,10,2,50,1,0
2026-07-14,Tuesday,R6,11:00 AM,1,46,29,12,5,50,1,0
2026-07-14,Tuesday,R7,11:00 AM,1,28,19,6,3,50,1,0
2026-07-14,Tuesday,R8,11:00 AM,1,52,37,13,2,50,1,0
2026-07-14,Tuesday,R9,11:00 AM,1,24,16,5,3,50,1,0
2026-07-14,Tuesday,R10,11:00 AM,1,43,31,7,5,50,1,0
2026-07-14,Tuesday,R1,1:00 PM,2,66,45,17,4,50,1,0
2026-07-14,Tuesday,R2,1:00 PM,2,46,33,10,3,50,1,0
2026-07-14,Tuesday,R3,1:00 PM,2,88,65,20,3,50,2,0
2026-07-14,Tuesday,R4,1:00 PM,2,38,27,8,3,50,1,0
2026-07-14,Tuesday,R5,1:00 PM,2,54,34,14,6,50,1,0
2026-07-14,Tuesday,R6,1:00 PM,2,69,50,14,5,50,1,0
2026-07-14,Tuesday,R7,1:00 PM,2,43,31,8,4,50,1,0
2026-07-14,Tuesday,R8,1:00 PM,2,89,53,26,10,50,2,0
2026-07-14,Tuesday,R9,1:00 PM,2,29,19,8,2,50,1,0
2026-07-14,Tuesday,R10,1:00 PM,2,66,49,13,4,50,1,0
2026-07-14,Tuesday,R1,4:00 PM,2,52,46,4,2,50,1,0
2026-07-14,Tuesday,R2,4:00 PM,2,40,28,9,3,50,1,0
2026-07-14,Tuesday,R3,4:00 PM,2,58,43,10,5,50,1,0
2026-07-14,Tuesday,R4,4:00 PM,2,33,22,7,4,50,1,0
2026-07-14,Tuesday,R5,4:00 PM,2,49,36,9,4,50,1,0
2026-07-14,Tuesday,R6,4:00 PM,2,51,35,11,5,50,1,0
2026-07-14,Tuesday,R7,4:00 PM,2,38,24,11,3,50,1,0
2026-07-14,Tuesday,R8,4:00 PM,2,81,55,17,9,50,2,0
2026-07-14,Tuesday,R9,4:00 PM,2,27,17,7,3,50,1,0
2026-07-14,Tuesday,R10,4:00 PM,2,52,34,12,6,50,1,0
2026-07-14,Tuesday,R1,6:00 PM,2,34,24,5,5,50,1,0
2026-07-14,Tuesday,R2,6:00 PM,2,26,17,6,3,50,1,0
2026-07-14,Tuesday,R3,6:00 PM,2,43,32,7,4,50,1,0
2026-07-14,Tuesday,R4,6:00 PM,2,16,12,3,1,50,1,0
2026-07-14,Tuesday,R5,6:00 PM,2,32,23,5,4,50,1,0
2026-07-14,Tuesday,R6,6:00 PM,2,40,25,12,3,50,1,0
2026-07-14,Tuesday,R7,6:00 PM,2,22,15,5,2,50,1,0
2026-07-14,Tuesday,R8,6:00 PM,2,46,29,14,3,50,1,0
2026-07-14,Tuesday,R9,6:00 PM,2,13,8,4,1,50,1,0
2026-07-14,Tuesday,R10,6:00 PM,2,35,26,5,4,50,1,0
2026-07-15,Wednesday,R1,7:00 AM,1,65,44,14,7,50,1,0
2026-07-15,Wednesday,R2,7:00 AM,1,60,45,13,2,50,1,0
2026-07-15,Wednesday,R3,7:00 AM,1,89,64,20,5,50,2,0
2026-07-15,Wednesday,R4,7:00 AM,1,46,29,12,5,50,1,0
2026-07-15,Wednesday,R5,7:00 AM,1,61,35,20,6,50,1,0
2026-07-15,Wednesday,R6,7:00 AM,1,82,48,23,11,50,1,0
2026-07-15,Wednesday,R7,7:00 AM,1,46,35,10,1,50,1,0
2026-07-15,Wednesday,R8,7:00 AM,1,107,74,25,8,50,2,0
2026-07-15,Wednesday,R9,7:00 AM,1,36,29,4,3,50,1,0
2026-07-15,Wednesday,R10,7:00 AM,1,85,61,16,8,50,2,0
2026-07-15,Wednesday,R1,11:00 AM,1,35,24,9,2,50,1,0
2026-07-15,Wednesday,R2,11:00 AM,1,30,23,5,2,50,1,0
2026-07-15,Wednesday,R3,11:00 AM,1,54,42,8,4,50,1,0
2026-07-15,Wednesday,R4,11:00 AM,1,25,18,4,3,50,1,0
2026-07-15,Wednesday,R5,11:00 AM,1,35,26,7,2,50,1,0
2026-07-15,Wednesday,R6,11:00 AM,1,52,36,13,3,50,1,0
2026-07-15,Wednesday,R7,11:00 AM,1,32,22,7,3,50,1,0
2026-07-15,Wednesday,R8,11:00 AM,1,56,41,10,5,50,1,0
2026-07-15,Wednesday,R9,11:00 AM,1,19,12,6,1,50,1,0
2026-07-15,Wednesday,R10,11:00 AM,1,47,33,10,4,50,1,0
2026-07-15,Wednesday,R1,1:00 PM,2,63,45,12,6,50,1,0
2026-07-15,Wednesday,R2,1:00 PM,2,37,28,7,2,50,1,0
2026-07-15,Wednesday,R3,1:00 PM,2,70,49,15,6,50,1,0
2026-07-15,Wednesday,R4,1:00 PM,2,39,28,9,2,50,1,0
2026-07-15,Wednesday,R5,1:00 PM,2,57,38,13,6,50,1,0
2026-07-15,Wednesday,R6,1:00 PM,2,71,51,16,4,50,2,0
2026-07-15,Wednesday,R7,1:00 PM,2,40,29,8,3,50,1,0
2026-07-15,Wednesday,R8,1:00 PM,2,88,58,23,7,50,2,0
2026-07-15,Wednesday,R9,1:00 PM,2,31,22,7,2,50,1,0
2026-07-15,Wednesday,R10,1:00 PM,2,58,46,8,4,50,1,0
2026-07-15,Wednesday,R1,4:00 PM,2,52,38,10,4,50,1,0
2026-07-15,Wednesday,R2,4:00 PM,2,42,30,10,2,50,1,0
2026-07-15,Wednesday,R3,4:00 PM,2,72,48,20,4,50,1,0
2026-07-15,Wednesday,R4,4:00 PM,2,29,19,8,2,50,1,0
2026-07-15,Wednesday,R5,4:00 PM,2,39,30,6,3,50,1,0
2026-07-15,Wednesday,R6,4:00 PM,2,52,38,10,4,50,1,0
2026-07-15,Wednesday,R7,4:00 PM,2,41,29,8,4,50,1,0
2026-07-15,Wednesday,R8,4:00 PM,2,82,51,24,7,50,2,0
2026-07-15,Wednesday,R9,4:00 PM,2,21,14,5,2,50,1,0
2026-07-15,Wednesday,R10,4:00 PM,2,53,32,16,5,50,1,0
2026-07-15,Wednesday,R1,6:00 PM,2,36,23,10,3,50,1,0
2026-07-15,Wednesday,R2,6:00 PM,2,20,14,4,2,50,1,0
2026-07-15,Wednesday,R3,6:00 PM,2,43,32,9,2,50,1,0
2026-07-15,Wednesday,R4,6:00 PM,2,27,17,8,2,50,1,0
2026-07-15,Wednesday,R5,6:00 PM,2,33,24,6,3,50,1,0
2026-07-15,Wednesday,R6,6:00 PM,2,41,26,11,4,50,1,0
2026-07-15,Wednesday,R7,6:00 PM,2,34,27,6,1,50,1,0
2026-07-15,Wednesday,R8,6:00 PM,2,49,40,7,2,50,1,0
2026-07-15,Wednesday,R9,6:00 PM,2,15,11,3,1,50,1,0
2026-07-15,Wednesday,R10,6:00 PM,2,38,28,7,3,50,1,0
2026-07-16,Thursday,R1,7:00 AM,1,77,57,14,6,50,2,0
2026-07-16,Thursday,R2,7:00 AM,1,60,51,7,2,50,2,0
2026-07-16,Thursday,R3,7:00 AM,1,98,61,24,13,50,2,0
2026-07-16,Thursday,R4,7:00 AM,1,46,31,12,3,50,1,0
2026-07-16,Thursday,R5,7:00 AM,1,70,47,21,2,50,1,0
2026-07-16,Thursday,R6,7:00 AM,1,85,50,28,7,50,1,0
2026-07-16,Thursday,R7,7:00 AM,1,59,43,11,5,50,1,0
2026-07-16,Thursday,R8,7:00 AM,1,105,89,11,5,50,2,0
2026-07-16,Thursday,R9,7:00 AM,1,35,22,9,4,50,1,0
2026-07-16,Thursday,R10,7:00 AM,1,78,52,20,6,50,2,0
2026-07-16,Thursday,R1,11:00 AM,1,43,30,9,4,50,1,0
2026-07-16,Thursday,R2,11:00 AM,1,31,21,8,2,50,1,0
2026-07-16,Thursday,R3,11:00 AM,1,56,44,9,3,50,1,0
2026-07-16,Thursday,R4,11:00 AM,1,27,19,6,2,50,1,0
2026-07-16,Thursday,R5,11:00 AM,1,40,29,8,3,50,1,0
2026-07-16,Thursday,R6,11:00 AM,1,50,29,15,6,50,1,0
2026-07-16,Thursday,R7,11:00 AM,1,28,18,8,2,50,1,0
2026-07-16,Thursday,R8,11:00 AM,1,54,41,6,7,50,1,0
2026-07-16,Thursday,R9,11:00 AM,1,18,13,4,1,50,1,0
2026-07-16,Thursday,R10,11:00 AM,1,44,33,9,2,50,1,0
2026-07-16,Thursday,R1,1:00 PM,2,61,48,9,4,50,1,0
2026-07-16,Thursday,R2,1:00 PM,2,40,31,6,3,50,1,0
2026-07-16,Thursday,R3,1:00 PM,2,66,51,10,5,50,2,0
2026-07-16,Thursday,R4,1:00 PM,2,35,20,11,4,50,1,0
2026-07-16,Thursday,R5,1:00 PM,2,52,34,13,5,50,1,0
2026-07-16,Thursday,R6,1:00 PM,2,64,50,9,5,50,1,0
2026-07-16,Thursday,R7,1:00 PM,2,42,30,8,4,50,1,0
2026-07-16,Thursday,R8,1:00 PM,2,81,61,13,7,50,2,0
2026-07-16,Thursday,R9,1:00 PM,2,32,24,5,3,50,1,0
2026-07-16,Thursday,R10,1:00 PM,2,53,39,10,4,50,1,0
2026-07-16,Thursday,R1,4:00 PM,2,48,33,9,6,50,1,0
2026-07-16,Thursday,R2,4:00 PM,2,38,22,13,3,50,1,0
2026-07-16,Thursday,R3,4:00 PM,2,67,41,16,10,50,1,0
2026-07-16,Thursday,R4,4:00 PM,2,29,22,5,2,50,1,0
2026-07-16,Thursday,R5,4:00 PM,2,48,38,6,4,50,1,0
2026-07-16,Thursday,R6,4:00 PM,2,65,45,15,5,50,1,0
2026-07-16,Thursday,R7,4:00 PM,2,35,24,9,2,50,1,0
2026-07-16,Thursday,R8,4:00 PM,2,84,50,27,7,50,1,0
2026-07-16,Thursday,R9,4:00 PM,2,27,17,7,3,50,1,0
2026-07-16,Thursday,R10,4:00 PM,2,50,38,10,2,50,1,0
2026-07-16,Thursday,R1,6:00 PM,2,36,25,9,2,50,1,0
2026-07-16,Thursday,R2,6:00 PM,2,26,21,4,1,50,1,0
2026-07-16,Thursday,R3,6:00 PM,2,48,36,9,3,50,1,0
2026-07-16,Thursday,R4,6:00 PM,2,17,12,4,1,50,1,0
2026-07-16,Thursday,R5,6:00 PM,2,30,21,6,3,50,1,0
2026-07-16,Thursday,R6,6:00 PM,2,37,27,5,5,50,1,0
2026-07-16,Thursday,R7,6:00 PM,2,23,16,5,2,50,1,0
2026-07-16,Thursday,R8,6:00 PM,2,65,49,10,6,50,1,0
2026-07-16,Thursday,R9,6:00 PM,2,16,12,3,1,50,1,0
2026-07-16,Thursday,R10,6:00 PM,2,33,25,7,1,50,1,0
2026-07-17,Friday,R1,7:00 AM,1,77,53,17,7,50,2,0
2026-07-17,Friday,R2,7:00 AM,1,56,40,11,5,50,1,0
2026-07-17,Friday,R3,7:00 AM,1,86,64,17,5,50,2,0
2026-07-17,Friday,R4,7:00 AM,1,42,32,5,5,50,1,0
2026-07-17,Friday,R5,7:00 AM,1,64,39,18,7,50,1,0
2026-07-17,Friday,R6,7:00 AM,1,74,51,12,11,50,2,0
2026-07-17,Friday,R7,7:00 AM,1,59,41,13,5,50,1,0
2026-07-17,Friday,R8,7:00 AM,1,100,70,24,6,50,2,0
2026-07-17,Friday,R9,7:00 AM,1,32,24,5,3,50,1,0
2026-07-17,Friday,R10,7:00 AM,1,69,50,15,4,50,1,0
2026-07-17,Friday,R1,11:00 AM,1,37,24,10,3,50,1,0
2026-07-17,Friday,R2,11:00 AM,1,32,21,8,3,50,1,0
2026-07-17,Friday,R3,11:00 AM,1,58,43,11,4,50,1,0
2026-07-17,Friday,R4,11:00 AM,1,21,15,4,2,50,1,0
2026-07-17,Friday,R5,11:00 AM,1,41,29,11,1,50,1,0
2026-07-17,Friday,R6,11:00 AM,1,49,38,6,5,50,1,0
2026-07-17,Friday,R7,11:00 AM,1,27,19,7,1,50,1,0
2026-07-17,Friday,R8,11:00 AM,1,63,50,9,4,50,1,0
2026-07-17,Friday,R9,11:00 AM,1,18,15,2,1,50,1,0
2026-07-17,Friday,R10,11:00 AM,1,48,27,17,4,50,1,0
2026-07-17,Friday,R1,1:00 PM,2,64,43,15,6,50,1,0
2026-07-17,Friday,R2,1:00 PM,2,46,31,11,4,50,1,0
2026-07-17,Friday,R3,1:00 PM,2,74,52,16,6,50,2,0
2026-07-17,Friday,R4,1:00 PM,2,39,29,7,3,50,1,0
2026-07-17,Friday,R5,1:00 PM,2,64,39,18,7,50,1,0
2026-07-17,Friday,R6,1:00 PM,2,67,44,16,7,50,1,0
2026-07-17,Friday,R7,1:00 PM,2,48,40,6,2,50,1,0
2026-07-17,Friday,R8,1:00 PM,2,95,69,20,6,50,2,0
2026-07-17,Friday,R9,1:00 PM,2,27,21,5,1,50,1,0
2026-07-17,Friday,R10,1:00 PM,2,73,51,16,6,50,2,0
2026-07-17,Friday,R1,4:00 PM,2,53,34,14,5,50,1,0
2026-07-17,Friday,R2,4:00 PM,2,44,33,8,3,50,1,0
2026-07-17,Friday,R3,4:00 PM,2,71,51,14,6,50,2,0
2026-07-17,Friday,R4,4:00 PM,2,33,23,9,1,50,1,0
2026-07-17,Friday,R5,4:00 PM,2,50,35,10,5,50,1,0
2026-07-17,Friday,R6,4:00 PM,2,61,36,18,7,50,1,0
2026-07-17,Friday,R7,4:00 PM,2,40,25,12,3,50,1,0
2026-07-17,Friday,R8,4:00 PM,2,74,47,20,7,50,1,0
2026-07-17,Friday,R9,4:00 PM,2,26,18,6,2,50,1,0
2026-07-17,Friday,R10,4:00 PM,2,50,32,14,4,50,1,0
2026-07-17,Friday,R1,6:00 PM,2,41,32,6,3,50,1,0
2026-07-17,Friday,R2,6:00 PM,2,28,17,8,3,50,1,0
2026-07-17,Friday,R3,6:00 PM,2,47,37,8,2,50,1,0
2026-07-17,Friday,R4,6:00 PM,2,23,18,3,2,50,1,0
2026-07-17,Friday,R5,6:00 PM,2,34,24,6,4,50,1,0
2026-07-17,Friday,R6,6:00 PM,2,43,35,6,2,50,1,0
2026-07-17,Friday,R7,6:00 PM,2,18,13,3,2,50,1,0
2026-07-17,Friday,R8,6:00 PM,2,49,35,12,2,50,1,0
2026-07-17,Friday,R9,6:00 PM,2,21,15,4,2,50,1,0
2026-07-17,Friday,R10,6:00 PM,2,36,28,6,2,50,1,0
2026-07-18,Saturday,R1,7:00 AM,1,28,18,7,3,50,1,1
2026-07-18,Saturday,R2,7:00 AM,1,21,15,5,1,50,1,1
2026-07-18,Saturday,R3,7:00 AM,1,32,21,7,4,50,1,1
2026-07-18,Saturday,R4,7:00 AM,1,18,11,5,2,50,1,1
2026-07-18,Saturday,R5,7:00 AM,1,22,15,5,2,50,1,1
2026-07-18,Saturday,R6,7:00 AM,1,26,19,5,2,50,1,1
2026-07-18,Saturday,R7,7:00 AM,1,23,17,3,3,50,1,1
2026-07-18,Saturday,R8,7:00 AM,1,34,25,5,4,50,1,1
2026-07-18,Saturday,R9,7:00 AM,1,15,9,4,2,50,1,1
2026-07-18,Saturday,R10,7:00 AM,1,33,22,8,3,50,1,1
2026-07-18,Saturday,R1,11:00 AM,1,15,10,4,1,50,1,1
2026-07-18,Saturday,R2,11:00 AM,1,9,7,2,0,50,1,1
2026-07-18,Saturday,R3,11:00 AM,1,19,15,2,2,50,1,1
2026-07-18,Saturday,R4,11:00 AM,1,11,8,2,1,50,1,1
2026-07-18,Saturday,R5,11:00 AM,1,9,5,3,1,50,1,1
2026-07-18,Saturday,R6,11:00 AM,1,11,6,4,1,50,1,1
2026-07-18,Saturday,R7,11:00 AM,1,7,5,1,1,50,1,1
2026-07-18,Saturday,R8,11:00 AM,1,20,14,5,1,50,1,1
2026-07-18,Saturday,R9,11:00 AM,1,9,7,2,0,50,1,1
2026-07-18,Saturday,R10,11:00 AM,1,14,12,1,1,50,1,1
2026-07-18,Saturday,R1,1:00 PM,2,18,12,4,2,50,1,1
2026-07-18,Saturday,R2,1:00 PM,2,14,9,4,1,50,1,1
2026-07-18,Saturday,R3,1:00 PM,2,33,24,7,2,50,1,1
2026-07-18,Saturday,R4,1:00 PM,2,15,11,3,1,50,1,1
2026-07-18,Saturday,R5,1:00 PM,2,18,12,4,2,50,1,1
2026-07-18,Saturday,R6,1:00 PM,2,18,12,4,2,50,1,1
2026-07-18,Saturday,R7,1:00 PM,2,16,10,5,1,50,1,1
2026-07-18,Saturday,R8,1:00 PM,2,30,21,7,2,50,1,1
2026-07-18,Saturday,R9,1:00 PM,2,10,7,2,1,50,1,1
2026-07-18,Saturday,R10,1:00 PM,2,20,14,4,2,50,1,1
2026-07-18,Saturday,R1,4:00 PM,2,8,5,2,1,50,1,1
2026-07-18,Saturday,R2,4:00 PM,2,9,6,2,1,50,1,1
2026-07-18,Saturday,R3,4:00 PM,2,25,20,2,3,50,1,1
2026-07-18,Saturday,R4,4:00 PM,2,9,6,2,1,50,1,1
2026-07-18,Saturday,R5,4:00 PM,2,14,9,4,1,50,1,1
2026-07-18,Saturday,R6,4:00 PM,2,14,9,4,1,50,1,1
2026-07-18,Saturday,R7,4:00 PM,2,10,7,2,1,50,1,1
2026-07-18,Saturday,R8,4:00 PM,2,26,19,6,1,50,1,1
2026-07-18,Saturday,R9,4:00 PM,2,7,5,1,1,50,1,1
2026-07-18,Saturday,R10,4:00 PM,2,18,12,5,1,50,1,1
2026-07-18,Saturday,R1,6:00 PM,2,11,8,2,1,50,1,1
2026-07-18,Saturday,R2,6:00 PM,2,12,8,3,1,50,1,1
2026-07-18,Saturday,R3,6:00 PM,2,20,16,3,1,50,1,1
2026-07-18,Saturday,R4,6:00 PM,2,5,4,1,0,50,1,1
2026-07-18,Saturday,R5,6:00 PM,2,14,11,2,1,50,1,1
2026-07-18,Saturday,R6,6:00 PM,2,16,12,2,2,50,1,1
2026-07-18,Saturday,R7,6:00 PM,2,8,6,1,1,50,1,1
2026-07-18,Saturday,R8,6:00 PM,2,18,12,4,2,50,1,1
2026-07-18,Saturday,R9,6:00 PM,2,9,6,2,1,50,1,1
2026-07-18,Saturday,R10,6:00 PM,2,12,7,4,1,50,1,1
2026-07-19,Sunday,R1,7:00 AM,1,26,17,6,3,50,1,1
2026-07-19,Sunday,R2,7:00 AM,1,18,14,2,2,50,1,1
2026-07-19,Sunday,R3,7:00 AM,1,34,22,10,2,50,1,1
2026-07-19,Sunday,R4,7:00 AM,1,19,12,6,1,50,1,1
2026-07-19,Sunday,R5,7:00 AM,1,20,14,4,2,50,1,1
2026-07-19,Sunday,R6,7:00 AM,1,30,20,6,4,50,1,1
2026-07-19,Sunday,R7,7:00 AM,1,15,11,2,2,50,1,1
2026-07-19,Sunday,R8,7:00 AM,1,30,20,6,4,50,1,1
2026-07-19,Sunday,R9,7:00 AM,1,13,10,2,1,50,1,1
2026-07-19,Sunday,R10,7:00 AM,1,26,17,6,3,50,1,1
2026-07-19,Sunday,R1,11:00 AM,1,11,7,3,1,50,1,1
2026-07-19,Sunday,R2,11:00 AM,1,13,10,2,1,50,1,1
2026-07-19,Sunday,R3,11:00 AM,1,18,13,4,1,50,1,1
2026-07-19,Sunday,R4,11:00 AM,1,6,4,2,0,50,1,1
2026-07-19,Sunday,R5,11:00 AM,1,11,8,2,1,50,1,1
2026-07-19,Sunday,R6,11:00 AM,1,14,10,3,1,50,1,1
2026-07-19,Sunday,R7,11:00 AM,1,4,3,1,0,50,1,1
2026-07-19,Sunday,R8,11:00 AM,1,18,11,5,2,50,1,1
2026-07-19,Sunday,R9,11:00 AM,1,9,5,3,1,50,1,1
2026-07-19,Sunday,R10,11:00 AM,1,17,12,3,2,50,1,1
2026-07-19,Sunday,R1,1:00 PM,2,27,19,6,2,50,1,1
2026-07-19,Sunday,R2,1:00 PM,2,21,16,4,1,50,1,1
2026-07-19,Sunday,R3,1:00 PM,2,30,20,7,3,50,1,1
2026-07-19,Sunday,R4,1:00 PM,2,10,8,1,1,50,1,1
2026-07-19,Sunday,R5,1:00 PM,2,22,14,5,3,50,1,1
2026-07-19,Sunday,R6,1:00 PM,2,21,15,4,2,50,1,1
2026-07-19,Sunday,R7,1:00 PM,2,15,10,4,1,50,1,1
2026-07-19,Sunday,R8,1:00 PM,2,34,20,11,3,50,1,1
2026-07-19,Sunday,R9,1:00 PM,2,15,10,3,2,50,1,1
2026-07-19,Sunday,R10,1:00 PM,2,25,16,7,2,50,1,1
2026-07-19,Sunday,R1,4:00 PM,2,9,6,2,1,50,1,1
2026-07-19,Sunday,R2,4:00 PM,2,11,8,2,1,50,1,1
2026-07-19,Sunday,R3,4:00 PM,2,21,16,4,1,50,1,1
2026-07-19,Sunday,R4,4:00 PM,2,14,10,3,1,50,1,1
2026-07-19,Sunday,R5,4:00 PM,2,15,10,4,1,50,1,1
2026-07-19,Sunday,R6,4:00 PM,2,11,7,3,1,50,1,1
2026-07-19,Sunday,R7,4:00 PM,2,10,7,2,1,50,1,1
2026-07-19,Sunday,R8,4:00 PM,2,23,17,5,1,50,1,1
2026-07-19,Sunday,R9,4:00 PM,2,6,4,2,0,50,1,1
2026-07-19,Sunday,R10,4:00 PM,2,22,16,5,1,50,1,1
2026-07-19,Sunday,R1,6:00 PM,2,14,10,3,1,50,1,1
2026-07-19,Sunday,R2,6:00 PM,2,10,7,2,1,50,1,1
2026-07-19,Sunday,R3,6:00 PM,2,19,13,5,1,50,1,1
2026-07-19,Sunday,R4,6:00 PM,2,6,3,2,1,50,1,1
2026-07-19,Sunday,R5,6:00 PM,2,19,11,6,2,50,1,1
2026-07-19,Sunday,R6,6:00 PM,2,15,11,3,1,50,1,1
2026-07-19,Sunday,R7,6:00 PM,2,9,5,3,1,50,1,1
2026-07-19,Sunday,R8,6:00 PM,2,19,13,5,1,50,1,1
2026-07-19,Sunday,R9,6:00 PM,2,5,4,1,0,50,1,1
2026-07-19,Sunday,R10,6:00 PM,2,9,6,2,1,50,1,1
2026-07-20,Monday,R1,7:00 AM,1,67,47,15,5,50,1,0
2026-07-20,Monday,R2,7:00 AM,1,63,39,18,6,50,1,0
2026-07-20,Monday,R3,7:00 AM,1,97,72,20,5,50,2,0
2026-07-20,Monday,R4,7:00 AM,1,52,38,9,5,50,1,0
2026-07-20,Monday,R5,7:00 AM,1,74,52,14,8,50,2,0
2026-07-20,Monday,R6,7:00 AM,1,87,54,27,6,50,2,0
2026-07-20,Monday,R7,7:00 AM,1,47,34,9,4,50,1,0
2026-07-20,Monday,R8,7:00 AM,1,105,81,21,3,50,2,0
2026-07-20,Monday,R9,7:00 AM,1,39,23,12,4,50,1,0
2026-07-20,Monday,R10,7:00 AM,1,80,53,20,7,50,2,0
2026-07-20,Monday,R1,11:00 AM,1,43,30,10,3,50,1,0
2026-07-20,Monday,R2,11:00 AM,1,30,21,6,3,50,1,0
2026-07-20,Monday,R3,11:00 AM,1,51,34,12,5,50,1,0
2026-07-20,Monday,R4,11:00 AM,1,27,17,8,2,50,1,0
2026-07-20,Monday,R5,11:00 AM,1,33,23,7,3,50,1,0
2026-07-20,Monday,R6,11:00 AM,1,38,24,11,3,50,1,0
2026-07-20,Monday,R7,11:00 AM,1,30,19,9,2,50,1,0
2026-07-20,Monday,R8,11:00 AM,1,60,42,13,5,50,1,0
2026-07-20,Monday,R9,11:00 AM,1,19,12,6,1,50,1,0
2026-07-20,Monday,R10,11:00 AM,1,44,33,6,5,50,1,0
2026-07-20,Monday,R1,1:00 PM,2,64,45,14,5,50,1,0
2026-07-20,Monday,R2,1:00 PM,2,49,31,16,2,50,1,0
2026-07-20,Monday,R3,1:00 PM,2,83,62,14,7,50,2,0
2026-07-20,Monday,R4,1:00 PM,2,36,26,7,3,50,1,0
2026-07-20,Monday,R5,1:00 PM,2,51,35,14,2,50,1,0
2026-07-20,Monday,R6,1:00 PM,2,70,52,14,4,50,2,0
2026-07-20,Monday,R7,1:00 PM,2,43,34,6,3,50,1,0
2026-07-20,Monday,R8,1:00 PM,2,76,54,18,4,50,2,0
2026-07-20,Monday,R9,1:00 PM,2,30,21,7,2,50,1,0
2026-07-20,Monday,R10,1:00 PM,2,62,47,9,6,50,1,0
2026-07-20,Monday,R1,4:00 PM,2,58,32,21,5,50,1,0
2026-07-20,Monday,R2,4:00 PM,2,43,32,6,5,50,1,0
2026-07-20,Monday,R3,4:00 PM,2,71,49,14,8,50,1,0
2026-07-20,Monday,R4,4:00 PM,2,31,22,6,3,50,1,0
2026-07-20,Monday,R5,4:00 PM,2,44,30,12,2,50,1,0
2026-07-20,Monday,R6,4:00 PM,2,53,39,9,5,50,1,0
2026-07-20,Monday,R7,4:00 PM,2,35,28,5,2,50,1,0
2026-07-20,Monday,R8,4:00 PM,2,73,57,12,4,50,2,0
2026-07-20,Monday,R9,4:00 PM,2,33,25,6,2,50,1,0
2026-07-20,Monday,R10,4:00 PM,2,52,37,10,5,50,1,0
2026-07-20,Monday,R1,6:00 PM,2,37,27,8,2,50,1,0
2026-07-20,Monday,R2,6:00 PM,2,32,21,7,4,50,1,0
2026-07-20,Monday,R3,6:00 PM,2,37,23,9,5,50,1,0
2026-07-20,Monday,R4,6:00 PM,2,21,15,4,2,50,1,0
2026-07-20,Monday,R5,6:00 PM,2,31,23,6,2,50,1,0
2026-07-20,Monday,R6,6:00 PM,2,37,24,10,3,50,1,0
2026-07-20,Monday,R7,6:00 PM,2,26,17,7,2,50,1,0
2026-07-20,Monday,R8,6:00 PM,2,47,34,9,4,50,1,0
2026-07-20,Monday,R9,6:00 PM,2,15,11,3,1,50,1,0
2026-07-20,Monday,R10,6:00 PM,2,43,37,3,3,50,1,0
2026-07-21,Tuesday,R1,7:00 AM,1,82,55,19,8,50,2,0
2026-07-21,Tuesday,R2,7:00 AM,1,58,45,11,2,50,1,0
2026-07-21,Tuesday,R3,7:00 AM,1,97,73,18,6,50,2,0
2026-07-21,Tuesday,R4,7:00 AM,1,43,24,13,6,50,1,0
2026-07-21,Tuesday,R5,7:00 AM,1,69,52,14,3,50,2,0
2026-07-21,Tuesday,R6,7:00 AM,1,85,53,26,6,50,2,0
2026-07-21,Tuesday,R7,7:00 AM,1,42,27,11,4,50,1,0
2026-07-21,Tuesday,R8,7:00 AM,1,92,63,21,8,50,2,0
2026-07-21,Tuesday,R9,7:00 AM,1,38,27,7,4,50,1,0
2026-07-21,Tuesday,R10,7:00 AM,1,74,61,11,2,50,2,0
2026-07-21,Tuesday,R1,11:00 AM,1,44,29,11,4,50,1,0
2026-07-21,Tuesday,R2,11:00 AM,1,31,23,6,2,50,1,0
2026-07-21,Tuesday,R3,11:00 AM,1,50,41,6,3,50,1,0
2026-07-21,Tuesday,R4,11:00 AM,1,24,16,6,2,50,1,0
2026-07-21,Tuesday,R5,11:00 AM,1,40,25,11,4,50,1,0
2026-07-21,Tuesday,R6,11:00 AM,1,47,34,10,3,50,1,0
2026-07-21,Tuesday,R7,11:00 AM,1,31,19,9,3,50,1,0
2026-07-21,Tuesday,R8,11:00 AM,1,67,54,10,3,50,2,0
2026-07-21,Tuesday,R9,11:00 AM,1,23,15,5,3,50,1,0
2026-07-21,Tuesday,R10,11:00 AM,1,42,32,7,3,50,1,0
2026-07-21,Tuesday,R1,1:00 PM,2,52,38,9,5,50,1,0
2026-07-21,Tuesday,R2,1:00 PM,2,51,37,12,2,50,1,0
2026-07-21,Tuesday,R3,1:00 PM,2,76,56,12,8,50,2,0
2026-07-21,Tuesday,R4,1:00 PM,2,35,26,6,3,50,1,0
2026-07-21,Tuesday,R5,1:00 PM,2,53,34,16,3,50,1,0
2026-07-21,Tuesday,R6,1:00 PM,2,60,48,7,5,50,1,0
2026-07-21,Tuesday,R7,1:00 PM,2,41,31,6,4,50,1,0
2026-07-21,Tuesday,R8,1:00 PM,2,91,61,20,10,50,2,0
2026-07-21,Tuesday,R9,1:00 PM,2,33,25,6,2,50,1,0
2026-07-21,Tuesday,R10,1:00 PM,2,66,44,16,6,50,1,0
2026-07-21,Tuesday,R1,4:00 PM,2,47,32,12,3,50,1,0
2026-07-21,Tuesday,R2,4:00 PM,2,40,25,12,3,50,1,0
2026-07-21,Tuesday,R3,4:00 PM,2,58,42,10,6,50,1,0
2026-07-21,Tuesday,R4,4:00 PM,2,32,23,7,2,50,1,0
2026-07-21,Tuesday,R5,4:00 PM,2,49,36,9,4,50,1,0
2026-07-21,Tuesday,R6,4:00 PM,2,54,42,9,3,50,1,0
2026-07-21,Tuesday,R7,4:00 PM,2,35,24,8,3,50,1,0
2026-07-21,Tuesday,R8,4:00 PM,2,52,39,9,4,50,1,0
2026-07-21,Tuesday,R9,4:00 PM,2,31,23,5,3,50,1,0
2026-07-21,Tuesday,R10,4:00 PM,2,60,46,9,5,50,1,0
2026-07-21,Tuesday,R1,6:00 PM,2,32,24,6,2,50,1,0
2026-07-21,Tuesday,R2,6:00 PM,2,26,14,9,3,50,1,0
2026-07-21,Tuesday,R3,6:00 PM,2,50,36,12,2,50,1,0
2026-07-21,Tuesday,R4,6:00 PM,2,23,16,6,1,50,1,0
2026-07-21,Tuesday,R5,6:00 PM,2,36,22,9,5,50,1,0
2026-07-21,Tuesday,R6,6:00 PM,2,38,29,6,3,50,1,0
2026-07-21,Tuesday,R7,6:00 PM,2,29,24,4,1,50,1,0
2026-07-21,Tuesday,R8,6:00 PM,2,51,37,10,4,50,1,0
2026-07-21,Tuesday,R9,6:00 PM,2,21,16,4,1,50,1,0
2026-07-21,Tuesday,R10,6:00 PM,2,43,34,7,2,50,1,0
2026-07-22,Wednesday,R1,7:00 AM,1,78,56,16,6,50,2,0
2026-07-22,Wednesday,R2,7:00 AM,1,60,40,16,4,50,1,0
2026-07-22,Wednesday,R3,7:00 AM,1,107,84,12,11,50,2,0
2026-07-22,Wednesday,R4,7:00 AM,1,42,26,12,4,50,1,0
2026-07-22,Wednesday,R5,7:00 AM,1,64,41,16,7,50,1,0
2026-07-22,Wednesday,R6,7:00 AM,1,86,66,14,6,50,2,0
2026-07-22,Wednesday,R7,7:00 AM,1,52,36,11,5,50,1,0
2026-07-22,Wednesday,R8,7:00 AM,1,88,61,21,6,50,2,0
2026-07-22,Wednesday,R9,7:00 AM,1,35,26,6,3,50,1,0
2026-07-22,Wednesday,R10,7:00 AM,1,54,41,10,3,50,1,0
2026-07-22,Wednesday,R1,11:00 AM,1,41,31,7,3,50,1,0
2026-07-22,Wednesday,R2,11:00 AM,1,37,23,10,4,50,1,0
2026-07-22,Wednesday,R3,11:00 AM,1,50,34,12,4,50,1,0
2026-07-22,Wednesday,R4,11:00 AM,1,24,16,6,2,50,1,0
2026-07-22,Wednesday,R5,11:00 AM,1,42,29,9,4,50,1,0
2026-07-22,Wednesday,R6,11:00 AM,1,50,34,14,2,50,1,0
2026-07-22,Wednesday,R7,11:00 AM,1,30,19,8,3,50,1,0
2026-07-22,Wednesday,R8,11:00 AM,1,53,37,10,6,50,1,0
2026-07-22,Wednesday,R9,11:00 AM,1,19,13,4,2,50,1,0
2026-07-22,Wednesday,R10,11:00 AM,1,42,32,8,2,50,1,0
2026-07-22,Wednesday,R1,1:00 PM,2,61,47,9,5,50,1,0
2026-07-22,Wednesday,R2,1:00 PM,2,49,30,14,5,50,1,0
2026-07-22,Wednesday,R3,1:00 PM,2,73,48,20,5,50,1,0
2026-07-22,Wednesday,R4,1:00 PM,2,33,22,7,4,50,1,0
2026-07-22,Wednesday,R5,1:00 PM,2,56,37,12,7,50,1,0
2026-07-22,Wednesday,R6,1:00 PM,2,60,49,9,2,50,1,0
2026-07-22,Wednesday,R7,1:00 PM,2,44,29,10,5,50,1,0
2026-07-22,Wednesday,R8,1:00 PM,2,88,63,18,7,50,2,0
2026-07-22,Wednesday,R9,1:00 PM,2,32,23,4,5,50,1,0
2026-07-22,Wednesday,R10,1:00 PM,2,65,44,15,6,50,1,0
2026-07-22,Wednesday,R1,4:00 PM,2,53,39,11,3,50,1,0
2026-07-22,Wednesday,R2,4:00 PM,2,43,30,10,3,50,1,0
2026-07-22,Wednesday,R3,4:00 PM,2,74,50,17,7,50,1,0
2026-07-22,Wednesday,R4,4:00 PM,2,36,25,8,3,50,1,0
2026-07-22,Wednesday,R5,4:00 PM,2,51,38,9,4,50,1,0
2026-07-22,Wednesday,R6,4:00 PM,2,58,40,10,8,50,1,0
2026-07-22,Wednesday,R7,4:00 PM,2,32,23,5,4,50,1,0
2026-07-22,Wednesday,R8,4:00 PM,2,78,58,13,7,50,2,0
2026-07-22,Wednesday,R9,4:00 PM,2,31,20,7,4,50,1,0
2026-07-22,Wednesday,R10,4:00 PM,2,46,29,12,5,50,1,0
2026-07-22,Wednesday,R1,6:00 PM,2,37,26,8,3,50,1,0
2026-07-22,Wednesday,R2,6:00 PM,2,29,18,8,3,50,1,0
2026-07-22,Wednesday,R3,6:00 PM,2,49,37,8,4,50,1,0
2026-07-22,Wednesday,R4,6:00 PM,2,19,13,4,2,50,1,0
2026-07-22,Wednesday,R5,6:00 PM,2,33,18,12,3,50,1,0
2026-07-22,Wednesday,R6,6:00 PM,2,40,28,9,3,50,1,0
2026-07-22,Wednesday,R7,6:00 PM,2,25,16,7,2,50,1,0
2026-07-22,Wednesday,R8,6:00 PM,2,47,36,8,3,50,1,0
2026-07-22,Wednesday,R9,6:00 PM,2,18,12,5,1,50,1,0
2026-07-22,Wednesday,R10,6:00 PM,2,36,27,8,1,50,1,0
2026-07-23,Thursday,R1,7:00 AM,1,67,51,12,4,50,2,0
2026-07-23,Thursday,R2,7:00 AM,1,59,42,13,4,50,1,0
2026-07-23,Thursday,R3,7:00 AM,1,98,56,30,12,50,2,0
2026-07-23,Thursday,R4,7:00 AM,1,38,26,9,3,50,1,0
2026-07-23,Thursday,R5,7:00 AM,1,69,49,14,6,50,1,0
2026-07-23,Thursday,R6,7:00 AM,1,83,62,16,5,50,2,0
2026-07-23,Thursday,R7,7:00 AM,1,50,33,12,5,50,1,0
2026-07-23,Thursday,R8,7:00 AM,1,112,80,22,10,50,2,0
2026-07-23,Thursday,R9,7:00 AM,1,41,27,11,3,50,1,0
2026-07-23,Thursday,R10,7:00 AM,1,75,54,17,4,50,2,0
2026-07-23,Thursday,R1,11:00 AM,1,39,25,10,4,50,1,0
2026-07-23,Thursday,R2,11:00 AM,1,31,22,7,2,50,1,0
2026-07-23,Thursday,R3,11:00 AM,1,55,39,12,4,50,1,0
2026-07-23,Thursday,R4,11:00 AM,1,24,17,5,2,50,1,0
2026-07-23,Thursday,R5,11:00 AM,1,39,26,8,5,50,1,0
2026-07-23,Thursday,R6,11:00 AM,1,50,37,9,4,50,1,0
2026-07-23,Thursday,R7,11:00 AM,1,27,18,5,4,50,1,0
2026-07-23,Thursday,R8,11:00 AM,1,56,38,13,5,50,1,0
2026-07-23,Thursday,R9,11:00 AM,1,18,14,3,1,50,1,0
2026-07-23,Thursday,R10,11:00 AM,1,39,32,3,4,50,1,0
2026-07-23,Thursday,R1,1:00 PM,2,69,50,16,3,50,1,0
2026-07-23,Thursday,R2,1:00 PM,2,45,34,9,2,50,1,0
2026-07-23,Thursday,R3,1:00 PM,2,83,57,22,4,50,2,0
2026-07-23,Thursday,R4,1:00 PM,2,39,22,12,5,50,1,0
2026-07-23,Thursday,R5,1:00 PM,2,69,47,12,10,50,1,0
2026-07-23,Thursday,R6,1:00 PM,2,65,47,12,6,50,1,0
2026-07-23,Thursday,R7,1:00 PM,2,41,29,10,2,50,1,0
2026-07-23,Thursday,R8,1:00 PM,2,84,53,24,7,50,2,0
2026-07-23,Thursday,R9,1:00 PM,2,32,21,8,3,50,1,0
2026-07-23,Thursday,R10,1:00 PM,2,54,37,13,4,50,1,0
2026-07-23,Thursday,R1,4:00 PM,2,51,34,14,3,50,1,0
2026-07-23,Thursday,R2,4:00 PM,2,37,30,5,2,50,1,0
2026-07-23,Thursday,R3,4:00 PM,2,74,55,16,3,50,2,0
2026-07-23,Thursday,R4,4:00 PM,2,30,24,4,2,50,1,0
2026-07-23,Thursday,R5,4:00 PM,2,49,36,8,5,50,1,0
2026-07-23,Thursday,R6,4:00 PM,2,57,40,13,4,50,1,0
2026-07-23,Thursday,R7,4:00 PM,2,39,26,10,3,50,1,0
2026-07-23,Thursday,R8,4:00 PM,2,77,54,16,7,50,2,0
2026-07-23,Thursday,R9,4:00 PM,2,26,18,6,2,50,1,0
2026-07-23,Thursday,R10,4:00 PM,2,51,37,9,5,50,1,0
2026-07-23,Thursday,R1,6:00 PM,2,38,25,11,2,50,1,0
2026-07-23,Thursday,R2,6:00 PM,2,32,22,7,3,50,1,0
2026-07-23,Thursday,R3,6:00 PM,2,42,28,10,4,50,1,0
2026-07-23,Thursday,R4,6:00 PM,2,17,11,4,2,50,1,0
2026-07-23,Thursday,R5,6:00 PM,2,32,21,9,2,50,1,0
2026-07-23,Thursday,R6,6:00 PM,2,42,31,5,6,50,1,0
2026-07-23,Thursday,R7,6:00 PM,2,29,22,6,1,50,1,0
2026-07-23,Thursday,R8,6:00 PM,2,52,39,8,5,50,1,0
2026-07-23,Thursday,R9,6:00 PM,2,19,14,3,2,50,1,0
2026-07-23,Thursday,R10,6:00 PM,2,39,26,10,3,50,1,0
2026-07-24,Friday,R1,7:00 AM,1,64,42,17,5,50,1,0
2026-07-24,Friday,R2,7:00 AM,1,52,30,15,7,50,1,0
2026-07-24,Friday,R3,7:00 AM,1,95,56,31,8,50,2,0
2026-07-24,Friday,R4,7:00 AM,1,44,31,8,5,50,1,0
2026-07-24,Friday,R5,7:00 AM,1,64,44,16,4,50,1,0
2026-07-24,Friday,R6,7:00 AM,1,79,52,21,6,50,2,0
2026-07-24,Friday,R7,7:00 AM,1,50,30,14,6,50,1,0
2026-07-24,Friday,R8,7:00 AM,1,110,82,21,7,50,2,0
2026-07-24,Friday,R9,7:00 AM,1,38,27,9,2,50,1,0
2026-07-24,Friday,R10,7:00 AM,1,80,59,18,3,50,2,0
2026-07-24,Friday,R1,11:00 AM,1,37,27,7,3,50,1,0
2026-07-24,Friday,R2,11:00 AM,1,38,27,9,2,50,1,0
2026-07-24,Friday,R3,11:00 AM,1,53,37,11,5,50,1,0
2026-07-24,Friday,R4,11:00 AM,1,26,17,7,2,50,1,0
2026-07-24,Friday,R5,11:00 AM,1,42,28,11,3,50,1,0
2026-07-24,Friday,R6,11:00 AM,1,53,37,13,3,50,1,0
2026-07-24,Friday,R7,11:00 AM,1,34,20,11,3,50,1,0
2026-07-24,Friday,R8,11:00 AM,1,55,38,12,5,50,1,0
2026-07-24,Friday,R9,11:00 AM,1,25,17,6,2,50,1,0
2026-07-24,Friday,R10,11:00 AM,1,47,32,10,5,50,1,0
2026-07-24,Friday,R1,1:00 PM,2,58,40,14,4,50,1,0
2026-07-24,Friday,R2,1:00 PM,2,47,33,9,5,50,1,0
2026-07-24,Friday,R3,1:00 PM,2,73,50,13,10,50,1,0
2026-07-24,Friday,R4,1:00 PM,2,40,33,4,3,50,1,0
2026-07-24,Friday,R5,1:00 PM,2,48,39,8,1,50,1,0
2026-07-24,Friday,R6,1:00 PM,2,67,51,11,5,50,2,0
2026-07-24,Friday,R7,1:00 PM,2,37,26,8,3,50,1,0
2026-07-24,Friday,R8,1:00 PM,2,96,58,28,10,50,2,0
2026-07-24,Friday,R9,1:00 PM,2,30,19,10,1,50,1,0
2026-07-24,Friday,R10,1:00 PM,2,55,36,12,7,50,1,0
2026-07-24,Friday,R1,4:00 PM,2,50,37,11,2,50,1,0
2026-07-24,Friday,R2,4:00 PM,2,44,28,12,4,50,1,0
2026-07-24,Friday,R3,4:00 PM,2,63,48,12,3,50,1,0
2026-07-24,Friday,R4,4:00 PM,2,32,25,5,2,50,1,0
2026-07-24,Friday,R5,4:00 PM,2,46,34,9,3,50,1,0
2026-07-24,Friday,R6,4:00 PM,2,60,43,13,4,50,1,0
2026-07-24,Friday,R7,4:00 PM,2,37,28,6,3,50,1,0
2026-07-24,Friday,R8,4:00 PM,2,74,55,11,8,50,2,0
2026-07-24,Friday,R9,4:00 PM,2,24,16,5,3,50,1,0
2026-07-24,Friday,R10,4:00 PM,2,57,40,13,4,50,1,0
2026-07-24,Friday,R1,6:00 PM,2,37,26,9,2,50,1,0
2026-07-24,Friday,R2,6:00 PM,2,25,20,3,2,50,1,0
2026-07-24,Friday,R3,6:00 PM,2,45,29,12,4,50,1,0
2026-07-24,Friday,R4,6:00 PM,2,26,18,5,3,50,1,0
2026-07-24,Friday,R5,6:00 PM,2,31,22,8,1,50,1,0
2026-07-24,Friday,R6,6:00 PM,2,40,32,5,3,50,1,0
2026-07-24,Friday,R7,6:00 PM,2,26,20,5,1,50,1,0
2026-07-24,Friday,R8,6:00 PM,2,54,38,12,4,50,1,0
2026-07-24,Friday,R9,6:00 PM,2,18,10,6,2,50,1,0
2026-07-24,Friday,R10,6:00 PM,2,40,27,10,3,50,1,0
2026-07-25,Saturday,R1,7:00 AM,1,18,14,3,1,50,1,1
2026-07-25,Saturday,R2,7:00 AM,1,15,13,2,0,50,1,1
2026-07-25,Saturday,R3,7:00 AM,1,33,20,9,4,50,1,1
2026-07-25,Saturday,R4,7:00 AM,1,17,13,3,1,50,1,1
2026-07-25,Saturday,R5,7:00 AM,1,19,15,3,1,50,1,1
2026-07-25,Saturday,R6,7:00 AM,1,28,21,5,2,50,1,1
2026-07-25,Saturday,R7,7:00 AM,1,18,12,4,2,50,1,1
2026-07-25,Saturday,R8,7:00 AM,1,33,22,8,3,50,1,1
2026-07-25,Saturday,R9,7:00 AM,1,12,8,3,1,50,1,1
2026-07-25,Saturday,R10,7:00 AM,1,24,17,5,2,50,1,1
2026-07-25,Saturday,R1,11:00 AM,1,13,9,3,1,50,1,1
2026-07-25,Saturday,R2,11:00 AM,1,17,14,2,1,50,1,1
2026-07-25,Saturday,R3,11:00 AM,1,16,11,4,1,50,1,1
2026-07-25,Saturday,R4,11:00 AM,1,10,7,2,1,50,1,1
2026-07-25,Saturday,R5,11:00 AM,1,9,6,2,1,50,1,1
2026-07-25,Saturday,R6,11:00 AM,1,16,10,4,2,50,1,1
2026-07-25,Saturday,R7,11:00 AM,1,11,8,2,1,50,1,1
2026-07-25,Saturday,R8,11:00 AM,1,19,14,4,1,50,1,1
2026-07-25,Saturday,R9,11:00 AM,1,10,7,2,1,50,1,1
2026-07-25,Saturday,R10,11:00 AM,1,12,8,3,1,50,1,1
2026-07-25,Saturday,R1,1:00 PM,2,20,13,5,2,50,1,1
2026-07-25,Saturday,R2,1:00 PM,2,17,12,2,3,50,1,1
2026-07-25,Saturday,R3,1:00 PM,2,33,23,8,2,50,1,1
2026-07-25,Saturday,R4,1:00 PM,2,13,9,3,1,50,1,1
2026-07-25,Saturday,R5,1:00 PM,2,20,15,4,1,50,1,1
2026-07-25,Saturday,R6,1:00 PM,2,27,16,8,3,50,1,1
2026-07-25,Saturday,R7,1:00 PM,2,17,12,4,1,50,1,1
2026-07-25,Saturday,R8,1:00 PM,2,31,21,7,3,50,1,1
2026-07-25,Saturday,R9,1:00 PM,2,11,8,2,1,50,1,1
2026-07-25,Saturday,R10,1:00 PM,2,24,16,6,2,50,1,1
2026-07-25,Saturday,R1,4:00 PM,2,19,14,4,1,50,1,1
2026-07-25,Saturday,R2,4:00 PM,2,14,10,3,1,50,1,1
2026-07-25,Saturday,R3,4:00 PM,2,25,14,8,3,50,1,1
2026-07-25,Saturday,R4,4:00 PM,2,11,9,1,1,50,1,1
2026-07-25,Saturday,R5,4:00 PM,2,15,11,3,1,50,1,1
2026-07-25,Saturday,R6,4:00 PM,2,19,13,5,1,50,1,1
2026-07-25,Saturday,R7,4:00 PM,2,10,7,2,1,50,1,1
2026-07-25,Saturday,R8,4:00 PM,2,28,21,5,2,50,1,1
2026-07-25,Saturday,R9,4:00 PM,2,8,5,2,1,50,1,1
2026-07-25,Saturday,R10,4:00 PM,2,12,8,3,1,50,1,1
2026-07-25,Saturday,R1,6:00 PM,2,7,4,2,1,50,1,1
2026-07-25,Saturday,R2,6:00 PM,2,11,7,3,1,50,1,1
2026-07-25,Saturday,R3,6:00 PM,2,15,9,5,1,50,1,1
2026-07-25,Saturday,R4,6:00 PM,2,10,8,2,0,50,1,1
2026-07-25,Saturday,R5,6:00 PM,2,5,3,1,1,50,1,1
2026-07-25,Saturday,R6,6:00 PM,2,16,11,4,1,50,1,1
2026-07-25,Saturday,R7,6:00 PM,2,14,11,2,1,50,1,1
2026-07-25,Saturday,R8,6:00 PM,2,18,12,4,2,50,1,1
2026-07-25,Saturday,R9,6:00 PM,2,4,3,1,0,50,1,1
2026-07-25,Saturday,R10,6:00 PM,2,12,6,5,1,50,1,1
2026-07-26,Sunday,R1,7:00 AM,1,24,19,4,1,50,1,1
2026-07-26,Sunday,R2,7:00 AM,1,17,11,4,2,50,1,1
2026-07-26,Sunday,R3,7:00 AM,1,37,25,9,3,50,1,1
2026-07-26,Sunday,R4,7:00 AM,1,17,12,3,2,50,1,1
2026-07-26,Sunday,R5,7:00 AM,1,23,17,5,1,50,1,1
2026-07-26,Sunday,R6,7:00 AM,1,28,20,7,1,50,1,1
2026-07-26,Sunday,R7,7:00 AM,1,16,11,4,1,50,1,1
2026-07-26,Sunday,R8,7:00 AM,1,40,29,8,3,50,1,1
2026-07-26,Sunday,R9,7:00 AM,1,10,7,2,1,50,1,1
2026-07-26,Sunday,R10,7:00 AM,1,29,21,5,3,50,1,1
2026-07-26,Sunday,R1,11:00 AM,1,13,8,4,1,50,1,1
2026-07-26,Sunday,R2,11:00 AM,1,2,2,0,0,50,1,1
2026-07-26,Sunday,R3,11:00 AM,1,19,15,3,1,50,1,1
2026-07-26,Sunday,R4,11:00 AM,1,3,2,1,0,50,1,1
2026-07-26,Sunday,R5,11:00 AM,1,16,9,5,2,50,1,1
2026-07-26,Sunday,R6,11:00 AM,1,19,11,6,2,50,1,1
2026-07-26,Sunday,R7,11:00 AM,1,9,6,2,1,50,1,1
2026-07-26,Sunday,R8,11:00 AM,1,19,14,3,2,50,1,1
2026-07-26,Sunday,R9,11:00 AM,1,10,7,3,0,50,1,1
2026-07-26,Sunday,R10,11:00 AM,1,20,15,4,1,50,1,1
2026-07-26,Sunday,R1,1:00 PM,2,18,10,6,2,50,1,1
2026-07-26,Sunday,R2,1:00 PM,2,14,9,4,1,50,1,1
2026-07-26,Sunday,R3,1:00 PM,2,27,18,7,2,50,1,1
2026-07-26,Sunday,R4,1:00 PM,2,11,9,1,1,50,1,1
2026-07-26,Sunday,R5,1:00 PM,2,25,15,8,2,50,1,1
2026-07-26,Sunday,R6,1:00 PM,2,29,21,6,2,50,1,1
2026-07-26,Sunday,R7,1:00 PM,2,15,11,3,1,50,1,1
2026-07-26,Sunday,R8,1:00 PM,2,34,23,8,3,50,1,1
2026-07-26,Sunday,R9,1:00 PM,2,14,10,3,1,50,1,1
2026-07-26,Sunday,R10,1:00 PM,2,18,13,4,1,50,1,1
2026-07-26,Sunday,R1,4:00 PM,2,18,11,4,3,50,1,1
2026-07-26,Sunday,R2,4:00 PM,2,10,8,1,1,50,1,1
2026-07-26,Sunday,R3,4:00 PM,2,22,15,5,2,50,1,1
2026-07-26,Sunday,R4,4:00 PM,2,15,12,2,1,50,1,1
2026-07-26,Sunday,R5,4:00 PM,2,18,11,5,2,50,1,1
2026-07-26,Sunday,R6,4:00 PM,2,23,17,5,1,50,1,1
2026-07-26,Sunday,R7,4:00 PM,2,11,8,2,1,50,1,1
2026-07-26,Sunday,R8,4:00 PM,2,26,20,4,2,50,1,1
2026-07-26,Sunday,R9,4:00 PM,2,12,8,3,1,50,1,1
2026-07-26,Sunday,R10,4:00 PM,2,20,12,6,2,50,1,1
2026-07-26,Sunday,R1,6:00 PM,2,11,8,2,1,50,1,1
2026-07-26,Sunday,R2,6:00 PM,2,2,2,0,0,50,1,1
2026-07-26,Sunday,R3,6:00 PM,2,12,9,2,1,50,1,1
2026-07-26,Sunday,R4,6:00 PM,2,8,5,2,1,50,1,1
2026-07-26,Sunday,R5,6:00 PM,2,12,8,3,1,50,1,1
2026-07-26,Sunday,R6,6:00 PM,2,9,5,3,1,50,1,1
2026-07-26,Sunday,R7,6:00 PM,2,7,5,1,1,50,1,1
2026-07-26,Sunday,R8,6:00 PM,2,17,11,5,1,50,1,1
2026-07-26,Sunday,R9,6:00 PM,2,4,3,1,0,50,1,1
2026-07-26,Sunday,R10,6:00 PM,2,13,9,3,1,50,1,1
2026-07-27,Monday,R1,7:00 AM,1,73,46,20,7,50,1,0
2026-07-27,Monday,R2,7:00 AM,1,57,39,16,2,50,1,0
2026-07-27,Monday,R3,7:00 AM,1,111,89,15,7,50,2,0
2026-07-27,Monday,R4,7:00 AM,1,45,30,10,5,50,1,0
2026-07-27,Monday,R5,7:00 AM,1,62,44,14,4,50,1,0
2026-07-27,Monday,R6,7:00 AM,1,84,59,18,7,50,2,0
2026-07-27,Monday,R7,7:00 AM,1,50,36,10,4,50,1,0
2026-07-27,Monday,R8,7:00 AM,1,113,85,21,7,50,2,0
2026-07-27,Monday,R9,7:00 AM,1,40,27,9,4,50,1,0
2026-07-27,Monday,R10,7:00 AM,1,70,56,9,5,50,2,0
2026-07-27,Monday,R1,11:00 AM,1,37,27,8,2,50,1,0
2026-07-27,Monday,R2,11:00 AM,1,34,24,7,3,50,1,0
2026-07-27,Monday,R3,11:00 AM,1,53,37,12,4,50,1,0
2026-07-27,Monday,R4,11:00 AM,1,26,18,5,3,50,1,0
2026-07-27,Monday,R5,11:00 AM,1,37,28,6,3,50,1,0
2026-07-27,Monday,R6,11:00 AM,1,42,25,11,6,50,1,0
2026-07-27,Monday,R7,11:00 AM,1,26,19,6,1,50,1,0
2026-07-27,Monday,R8,11:00 AM,1,60,45,11,4,50,1,0
2026-07-27,Monday,R9,11:00 AM,1,18,11,5,2,50,1,0
2026-07-27,Monday,R10,11:00 AM,1,42,30,7,5,50,1,0
2026-07-27,Monday,R1,1:00 PM,2,55,44,6,5,50,1,0
2026-07-27,Monday,R2,1:00 PM,2,43,28,12,3,50,1,0
2026-07-27,Monday,R3,1:00 PM,2,82,54,24,4,50,2,0
2026-07-27,Monday,R4,1:00 PM,2,35,23,8,4,50,1,0
2026-07-27,Monday,R5,1:00 PM,2,53,38,10,5,50,1,0
2026-07-27,Monday,R6,1:00 PM,2,64,46,15,3,50,1,0
2026-07-27,Monday,R7,1:00 PM,2,50,38,8,4,50,1,0
2026-07-27,Monday,R8,1:00 PM,2,86,55,27,4,50,2,0
2026-07-27,Monday,R9,1:00 PM,2,37,24,10,3,50,1,0
2026-07-27,Monday,R10,1:00 PM,2,57,39,14,4,50,1,0
2026-07-27,Monday,R1,4:00 PM,2,56,42,10,4,50,1,0
2026-07-27,Monday,R2,4:00 PM,2,39,28,7,4,50,1,0
2026-07-27,Monday,R3,4:00 PM,2,69,48,19,2,50,1,0
2026-07-27,Monday,R4,4:00 PM,2,35,21,12,2,50,1,0
2026-07-27,Monday,R5,4:00 PM,2,55,41,11,3,50,1,0
2026-07-27,Monday,R6,4:00 PM,2,56,38,15,3,50,1,0
2026-07-27,Monday,R7,4:00 PM,2,35,23,9,3,50,1,0
2026-07-27,Monday,R8,4:00 PM,2,77,52,18,7,50,2,0
2026-07-27,Monday,R9,4:00 PM,2,25,18,6,1,50,1,0
2026-07-27,Monday,R10,4:00 PM,2,59,42,11,6,50,1,0
2026-07-27,Monday,R1,6:00 PM,2,34,24,8,2,50,1,0
2026-07-27,Monday,R2,6:00 PM,2,25,21,3,1,50,1,0
2026-07-27,Monday,R3,6:00 PM,2,44,29,10,5,50,1,0
2026-07-27,Monday,R4,6:00 PM,2,20,15,4,1,50,1,0
2026-07-27,Monday,R5,6:00 PM,2,34,20,10,4,50,1,0
2026-07-27,Monday,R6,6:00 PM,2,42,26,11,5,50,1,0
2026-07-27,Monday,R7,6:00 PM,2,26,17,7,2,50,1,0
2026-07-27,Monday,R8,6:00 PM,2,45,33,8,4,50,1,0
2026-07-27,Monday,R9,6:00 PM,2,18,11,6,1,50,1,0
2026-07-27,Monday,R10,6:00 PM,2,40,29,8,3,50,1,0
2026-07-28,Tuesday,R1,7:00 AM,1,64,46,12,6,50,1,0
2026-07-28,Tuesday,R2,7:00 AM,1,58,38,15,5,50,1,0
2026-07-28,Tuesday,R3,7:00 AM,1,92,55,30,7,50,2,0
2026-07-28,Tuesday,R4,7:00 AM,1,49,34,10,5,50,1,0
2026-07-28,Tuesday,R5,7:00 AM,1,73,54,17,2,50,2,0
2026-07-28,Tuesday,R6,7:00 AM,1,82,51,23,8,50,2,0
2026-07-28,Tuesday,R7,7:00 AM,1,54,44,7,3,50,1,0
2026-07-28,Tuesday,R8,7:00 AM,1,108,70,26,12,50,2,0
2026-07-28,Tuesday,R9,7:00 AM,1,38,26,9,3,50,1,0
2026-07-28,Tuesday,R10,7:00 AM,1,70,56,8,6,50,2,0
2026-07-28,Tuesday,R1,11:00 AM,1,40,30,8,2,50,1,0
2026-07-28,Tuesday,R2,11:00 AM,1,34,24,7,3,50,1,0
2026-07-28,Tuesday,R3,11:00 AM,1,60,49,7,4,50,1,0
2026-07-28,Tuesday,R4,11:00 AM,1,24,16,7,1,50,1,0
2026-07-28,Tuesday,R5,11:00 AM,1,43,30,10,3,50,1,0
2026-07-28,Tuesday,R6,11:00 AM,1,44,30,9,5,50,1,0
2026-07-28,Tuesday,R7,11:00 AM,1,25,17,6,2,50,1,0
2026-07-28,Tuesday,R8,11:00 AM,1,54,30,19,5,50,1,0
2026-07-28,Tuesday,R9,11:00 AM,1,23,16,6,1,50,1,0
2026-07-28,Tuesday,R10,11:00 AM,1,48,40,5,3,50,1,0
2026-07-28,Tuesday,R1,1:00 PM,2,57,38,14,5,50,1,0
2026-07-28,Tuesday,R2,1:00 PM,2,47,34,10,3,50,1,0
2026-07-28,Tuesday,R3,1:00 PM,2,69,44,18,7,50,1,0
2026-07-28,Tuesday,R4,1:00 PM,2,42,30,8,4,50,1,0
2026-07-28,Tuesday,R5,1:00 PM,2,54,33,15,6,50,1,0
2026-07-28,Tuesday,R6,1:00 PM,2,68,47,14,7,50,1,0
2026-07-28,Tuesday,R7,1:00 PM,2,45,35,8,2,50,1,0
2026-07-28,Tuesday,R8,1:00 PM,2,84,50,25,9,50,1,0
2026-07-28,Tuesday,R9,1:00 PM,2,28,20,5,3,50,1,0
2026-07-28,Tuesday,R10,1:00 PM,2,57,39,14,4,50,1,0
2026-07-28,Tuesday,R1,4:00 PM,2,57,41,10,6,50,1,0
2026-07-28,Tuesday,R2,4:00 PM,2,41,30,10,1,50,1,0
2026-07-28,Tuesday,R3,4:00 PM,2,55,39,11,5,50,1,0
2026-07-28,Tuesday,R4,4:00 PM,2,28,20,5,3,50,1,0
2026-07-28,Tuesday,R5,4:00 PM,2,50,34,11,5,50,1,0
2026-07-28,Tuesday,R6,4:00 PM,2,52,35,11,6,50,1,0
2026-07-28,Tuesday,R7,4:00 PM,2,37,24,8,5,50,1,0
2026-07-28,Tuesday,R8,4:00 PM,2,65,40,17,8,50,1,0
2026-07-28,Tuesday,R9,4:00 PM,2,26,18,7,1,50,1,0
2026-07-28,Tuesday,R10,4:00 PM,2,50,33,12,5,50,1,0
2026-07-28,Tuesday,R1,6:00 PM,2,38,24,11,3,50,1,0
2026-07-28,Tuesday,R2,6:00 PM,2,31,22,6,3,50,1,0
2026-07-28,Tuesday,R3,6:00 PM,2,46,31,11,4,50,1,0
2026-07-28,Tuesday,R4,6:00 PM,2,17,13,3,1,50,1,0
2026-07-28,Tuesday,R5,6:00 PM,2,28,18,7,3,50,1,0
2026-07-28,Tuesday,R6,6:00 PM,2,40,28,7,5,50,1,0
2026-07-28,Tuesday,R7,6:00 PM,2,31,21,7,3,50,1,0
2026-07-28,Tuesday,R8,6:00 PM,2,51,34,13,4,50,1,0
2026-07-28,Tuesday,R9,6:00 PM,2,18,11,5,2,50,1,0
2026-07-28,Tuesday,R10,6:00 PM,2,32,23,7,2,50,1,0
2026-07-29,Wednesday,R1,7:00 AM,1,81,62,15,4,50,2,0
2026-07-29,Wednesday,R2,7:00 AM,1,61,36,19,6,50,1,0
2026-07-29,Wednesday,R3,7:00 AM,1,97,63,23,11,50,2,0
2026-07-29,Wednesday,R4,7:00 AM,1,42,30,9,3,50,1,0
2026-07-29,Wednesday,R5,7:00 AM,1,62,42,13,7,50,1,0
2026-07-29,Wednesday,R6,7:00 AM,1,86,57,22,7,50,2,0
2026-07-29,Wednesday,R7,7:00 AM,1,54,40,10,4,50,1,0
2026-07-29,Wednesday,R8,7:00 AM,1,107,73,25,9,50,2,0
2026-07-29,Wednesday,R9,7:00 AM,1,38,24,8,6,50,1,0
2026-07-29,Wednesday,R10,7:00 AM,1,82,56,20,6,50,2,0
2026-07-29,Wednesday,R1,11:00 AM,1,38,27,8,3,50,1,0
2026-07-29,Wednesday,R2,11:00 AM,1,26,20,4,2,50,1,0
2026-07-29,Wednesday,R3,11:00 AM,1,53,36,11,6,50,1,0
2026-07-29,Wednesday,R4,11:00 AM,1,20,14,4,2,50,1,0
2026-07-29,Wednesday,R5,11:00 AM,1,38,23,10,5,50,1,0
2026-07-29,Wednesday,R6,11:00 AM,1,43,31,9,3,50,1,0
2026-07-29,Wednesday,R7,11:00 AM,1,23,16,5,2,50,1,0
2026-07-29,Wednesday,R8,11:00 AM,1,60,41,15,4,50,1,0
2026-07-29,Wednesday,R9,11:00 AM,1,19,13,5,1,50,1,0
2026-07-29,Wednesday,R10,11:00 AM,1,43,28,10,5,50,1,0
2026-07-29,Wednesday,R1,1:00 PM,2,64,51,10,3,50,2,0
2026-07-29,Wednesday,R2,1:00 PM,2,50,36,11,3,50,1,0
2026-07-29,Wednesday,R3,1:00 PM,2,84,58,19,7,50,2,0
2026-07-29,Wednesday,R4,1:00 PM,2,39,26,8,5,50,1,0
2026-07-29,Wednesday,R5,1:00 PM,2,52,33,13,6,50,1,0
2026-07-29,Wednesday,R6,1:00 PM,2,60,41,12,7,50,1,0
2026-07-29,Wednesday,R7,1:00 PM,2,47,34,10,3,50,1,0
2026-07-29,Wednesday,R8,1:00 PM,2,93,62,26,5,50,2,0
2026-07-29,Wednesday,R9,1:00 PM,2,28,19,6,3,50,1,0
2026-07-29,Wednesday,R10,1:00 PM,2,61,42,15,4,50,1,0
2026-07-29,Wednesday,R1,4:00 PM,2,42,31,8,3,50,1,0
2026-07-29,Wednesday,R2,4:00 PM,2,40,33,6,1,50,1,0
2026-07-29,Wednesday,R3,4:00 PM,2,64,40,17,7,50,1,0
2026-07-29,Wednesday,R4,4:00 PM,2,35,27,6,2,50,1,0
2026-07-29,Wednesday,R5,4:00 PM,2,49,33,12,4,50,1,0
2026-07-29,Wednesday,R6,4:00 PM,2,48,36,8,4,50,1,0
2026-07-29,Wednesday,R7,4:00 PM,2,38,25,10,3,50,1,0
2026-07-29,Wednesday,R8,4:00 PM,2,75,51,17,7,50,2,0
2026-07-29,Wednesday,R9,4:00 PM,2,28,20,6,2,50,1,0
2026-07-29,Wednesday,R10,4:00 PM,2,54,36,13,5,50,1,0
2026-07-29,Wednesday,R1,6:00 PM,2,36,23,10,3,50,1,0
2026-07-29,Wednesday,R2,6:00 PM,2,26,18,7,1,50,1,0
2026-07-29,Wednesday,R3,6:00 PM,2,42,28,10,4,50,1,0
2026-07-29,Wednesday,R4,6:00 PM,2,18,13,4,1,50,1,0
2026-07-29,Wednesday,R5,6:00 PM,2,31,20,8,3,50,1,0
2026-07-29,Wednesday,R6,6:00 PM,2,39,29,8,2,50,1,0
2026-07-29,Wednesday,R7,6:00 PM,2,29,20,7,2,50,1,0
2026-07-29,Wednesday,R8,6:00 PM,2,53,38,11,4,50,1,0
2026-07-29,Wednesday,R9,6:00 PM,2,20,15,4,1,50,1,0
2026-07-29,Wednesday,R10,6:00 PM,2,37,26,7,4,50,1,0
2026-07-30,Thursday,R1,7:00 AM,1,83,65,15,3,50,2,0
2026-07-30,Thursday,R2,7:00 AM,1,49,36,10,3,50,1,0
2026-07-30,Thursday,R3,7:00 AM,1,97,71,22,4,50,2,0
2026-07-30,Thursday,R4,7:00 AM,1,38,26,9,3,50,1,0
2026-07-30,Thursday,R5,7:00 AM,1,66,51,9,6,50,2,0
2026-07-30,Thursday,R6,7:00 AM,1,90,64,21,5,50,2,0
2026-07-30,Thursday,R7,7:00 AM,1,52,38,8,6,50,1,0
2026-07-30,Thursday,R8,7:00 AM,1,106,84,14,8,50,2,0
2026-07-30,Thursday,R9,7:00 AM,1,39,28,8,3,50,1,0
2026-07-30,Thursday,R10,7:00 AM,1,69,48,17,4,50,1,0
2026-07-30,Thursday,R1,11:00 AM,1,33,23,7,3,50,1,0
2026-07-30,Thursday,R2,11:00 AM,1,31,18,10,3,50,1,0
2026-07-30,Thursday,R3,11:00 AM,1,54,38,12,4,50,1,0
2026-07-30,Thursday,R4,11:00 AM,1,24,17,5,2,50,1,0
2026-07-30,Thursday,R5,11:00 AM,1,35,27,6,2,50,1,0
2026-07-30,Thursday,R6,11:00 AM,1,52,34,13,5,50,1,0
2026-07-30,Thursday,R7,11:00 AM,1,25,17,6,2,50,1,0
2026-07-30,Thursday,R8,11:00 AM,1,59,44,10,5,50,1,0
2026-07-30,Thursday,R9,11:00 AM,1,20,14,4,2,50,1,0
2026-07-30,Thursday,R10,11:00 AM,1,37,24,9,4,50,1,0
2026-07-30,Thursday,R1,1:00 PM,2,55,41,10,4,50,1,0
2026-07-30,Thursday,R2,1:00 PM,2,49,35,10,4,50,1,0
2026-07-30,Thursday,R3,1:00 PM,2,89,69,17,3,50,2,0
2026-07-30,Thursday,R4,1:00 PM,2,39,23,12,4,50,1,0
2026-07-30,Thursday,R5,1:00 PM,2,51,37,11,3,50,1,0
2026-07-30,Thursday,R6,1:00 PM,2,71,55,11,5,50,2,0
2026-07-30,Thursday,R7,1:00 PM,2,39,27,9,3,50,1,0
2026-07-30,Thursday,R8,1:00 PM,2,87,63,19,5,50,2,0
2026-07-30,Thursday,R9,1:00 PM,2,33,24,7,2,50,1,0
2026-07-30,Thursday,R10,1:00 PM,2,73,49,18,6,50,1,0
2026-07-30,Thursday,R1,4:00 PM,2,56,35,17,4,50,1,0
2026-07-30,Thursday,R2,4:00 PM,2,42,32,7,3,50,1,0
2026-07-30,Thursday,R3,4:00 PM,2,65,44,15,6,50,1,0
2026-07-30,Thursday,R4,4:00 PM,2,33,23,8,2,50,1,0
2026-07-30,Thursday,R5,4:00 PM,2,44,33,8,3,50,1,0
2026-07-30,Thursday,R6,4:00 PM,2,62,48,10,4,50,1,0
2026-07-30,Thursday,R7,4:00 PM,2,39,27,8,4,50,1,0
2026-07-30,Thursday,R8,4:00 PM,2,73,51,17,5,50,2,0
2026-07-30,Thursday,R9,4:00 PM,2,29,23,4,2,50,1,0
2026-07-30,Thursday,R10,4:00 PM,2,54,35,13,6,50,1,0
2026-07-30,Thursday,R1,6:00 PM,2,33,21,10,2,50,1,0
2026-07-30,Thursday,R2,6:00 PM,2,32,22,8,2,50,1,0
2026-07-30,Thursday,R3,6:00 PM,2,47,33,10,4,50,1,0
2026-07-30,Thursday,R4,6:00 PM,2,21,15,4,2,50,1,0
2026-07-30,Thursday,R5,6:00 PM,2,32,22,8,2,50,1,0
2026-07-30,Thursday,R6,6:00 PM,2,45,34,8,3,50,1,0
2026-07-30,Thursday,R7,6:00 PM,2,30,20,6,4,50,1,0
2026-07-30,Thursday,R8,6:00 PM,2,54,41,11,2,50,1,0
2026-07-30,Thursday,R9,6:00 PM,2,18,12,4,2,50,1,0
2026-07-30,Thursday,R10,6:00 PM,2,41,29,8,4,50,1,0
2026-07-31,Friday,R1,7:00 AM,1,76,48,21,7,50,1,0
2026-07-31,Friday,R2,7:00 AM,1,49,36,10,3,50,1,0
2026-07-31,Friday,R3,7:00 AM,1,93,60,25,8,50,2,0
2026-07-31,Friday,R4,7:00 AM,1,49,35,12,2,50,1,0
2026-07-31,Friday,R5,7:00 AM,1,54,38,12,4,50,1,0
2026-07-31,Friday,R6,7:00 AM,1,76,61,10,5,50,2,0
2026-07-31,Friday,R7,7:00 AM,1,51,34,13,4,50,1,0
2026-07-31,Friday,R8,7:00 AM,1,119,87,20,12,50,2,0
2026-07-31,Friday,R9,7:00 AM,1,38,25,10,3,50,1,0
2026-07-31,Friday,R10,7:00 AM,1,83,59,19,5,50,2,0
2026-07-31,Friday,R1,11:00 AM,1,40,28,8,4,50,1,0
2026-07-31,Friday,R2,11:00 AM,1,28,19,6,3,50,1,0
2026-07-31,Friday,R3,11:00 AM,1,52,32,15,5,50,1,0
2026-07-31,Friday,R4,11:00 AM,1,25,17,6,2,50,1,0
2026-07-31,Friday,R5,11:00 AM,1,39,31,5,3,50,1,0
2026-07-31,Friday,R6,11:00 AM,1,40,26,11,3,50,1,0
2026-07-31,Friday,R7,11:00 AM,1,28,18,7,3,50,1,0
2026-07-31,Friday,R8,11:00 AM,1,53,38,11,4,50,1,0
2026-07-31,Friday,R9,11:00 AM,1,16,12,3,1,50,1,0
2026-07-31,Friday,R10,11:00 AM,1,41,31,6,4,50,1,0
2026-07-31,Friday,R1,1:00 PM,2,59,41,13,5,50,1,0
2026-07-31,Friday,R2,1:00 PM,2,45,31,11,3,50,1,0
2026-07-31,Friday,R3,1:00 PM,2,72,46,18,8,50,1,0
2026-07-31,Friday,R4,1:00 PM,2,39,26,10,3,50,1,0
2026-07-31,Friday,R5,1:00 PM,2,49,29,14,6,50,1,0
2026-07-31,Friday,R6,1:00 PM,2,76,57,15,4,50,2,0
2026-07-31,Friday,R7,1:00 PM,2,39,31,5,3,50,1,0
2026-07-31,Friday,R8,1:00 PM,2,97,68,21,8,50,2,0
2026-07-31,Friday,R9,1:00 PM,2,35,23,7,5,50,1,0
2026-07-31,Friday,R10,1:00 PM,2,72,52,15,5,50,2,0
2026-07-31,Friday,R1,4:00 PM,2,53,39,11,3,50,1,0
2026-07-31,Friday,R2,4:00 PM,2,45,28,13,4,50,1,0
2026-07-31,Friday,R3,4:00 PM,2,60,45,10,5,50,1,0
2026-07-31,Friday,R4,4:00 PM,2,30,21,6,3,50,1,0
2026-07-31,Friday,R5,4:00 PM,2,50,33,14,3,50,1,0
2026-07-31,Friday,R6,4:00 PM,2,56,37,14,5,50,1,0
2026-07-31,Friday,R7,4:00 PM,2,41,26,10,5,50,1,0
2026-07-31,Friday,R8,4:00 PM,2,77,50,21,6,50,1,0
2026-07-31,Friday,R9,4:00 PM,2,27,17,7,3,50,1,0
2026-07-31,Friday,R10,4:00 PM,2,56,38,12,6,50,1,0
2026-07-31,Friday,R1,6:00 PM,2,28,21,4,3,50,1,0
2026-07-31,Friday,R2,6:00 PM,2,28,19,7,2,50,1,0
2026-07-31,Friday,R3,6:00 PM,2,48,34,9,5,50,1,0
2026-07-31,Friday,R4,6:00 PM,2,25,15,7,3,50,1,0
2026-07-31,Friday,R5,6:00 PM,2,33,24,8,1,50,1,0
2026-07-31,Friday,R6,6:00 PM,2,38,26,8,4,50,1,0
2026-07-31,Friday,R7,6:00 PM,2,23,15,6,2,50,1,0
2026-07-31,Friday,R8,6:00 PM,2,50,34,12,4,50,1,0
2026-07-31,Friday,R9,6:00 PM,2,17,14,2,1,50,1,0
2026-07-31,Friday,R10,6:00 PM,2,35,25,7,3,50,1,0
2026-08-01,Saturday,R1,7:00 AM,1,27,18,6,3,50,1,1
2026-08-01,Saturday,R2,7:00 AM,1,22,15,5,2,50,1,1
2026-08-01,Saturday,R3,7:00 AM,1,34,22,8,4,50,1,1
2026-08-01,Saturday,R4,7:00 AM,1,19,14,4,1,50,1,1
2026-08-01,Saturday,R5,7:00 AM,1,26,16,7,3,50,1,1
2026-08-01,Saturday,R6,7:00 AM,1,29,22,5,2,50,1,1
2026-08-01,Saturday,R7,7:00 AM,1,19,13,5,1,50,1,1
2026-08-01,Saturday,R8,7:00 AM,1,37,26,9,2,50,1,1
2026-08-01,Saturday,R9,7:00 AM,1,17,12,3,2,50,1,1
2026-08-01,Saturday,R10,7:00 AM,1,25,19,4,2,50,1,1
2026-08-01,Saturday,R1,11:00 AM,1,14,10,3,1,50,1,1
2026-08-01,Saturday,R2,11:00 AM,1,12,8,3,1,50,1,1
2026-08-01,Saturday,R3,11:00 AM,1,13,9,3,1,50,1,1
2026-08-01,Saturday,R4,11:00 AM,1,13,11,2,0,50,1,1
2026-08-01,Saturday,R5,11:00 AM,1,15,10,4,1,50,1,1
2026-08-01,Saturday,R6,11:00 AM,1,11,7,3,1,50,1,1
2026-08-01,Saturday,R7,11:00 AM,1,3,2,1,0,50,1,1
2026-08-01,Saturday,R8,11:00 AM,1,19,14,4,1,50,1,1
2026-08-01,Saturday,R9,11:00 AM,1,4,3,1,0,50,1,1
2026-08-01,Saturday,R10,11:00 AM,1,9,6,2,1,50,1,1
2026-08-01,Saturday,R1,1:00 PM,2,16,11,3,2,50,1,1
2026-08-01,Saturday,R2,1:00 PM,2,18,13,3,2,50,1,1
2026-08-01,Saturday,R3,1:00 PM,2,31,22,7,2,50,1,1
2026-08-01,Saturday,R4,1:00 PM,2,12,8,3,1,50,1,1
2026-08-01,Saturday,R5,1:00 PM,2,22,18,3,1,50,1,1
2026-08-01,Saturday,R6,1:00 PM,2,24,17,5,2,50,1,1
2026-08-01,Saturday,R7,1:00 PM,2,10,7,2,1,50,1,1
2026-08-01,Saturday,R8,1:00 PM,2,32,23,7,2,50,1,1
2026-08-01,Saturday,R9,1:00 PM,2,14,11,2,1,50,1,1
2026-08-01,Saturday,R10,1:00 PM,2,17,13,3,1,50,1,1
2026-08-01,Saturday,R1,4:00 PM,2,20,14,4,2,50,1,1
2026-08-01,Saturday,R2,4:00 PM,2,11,8,2,1,50,1,1
2026-08-01,Saturday,R3,4:00 PM,2,24,17,4,3,50,1,1
2026-08-01,Saturday,R4,4:00 PM,2,6,4,1,1,50,1,1
2026-08-01,Saturday,R5,4:00 PM,2,15,12,2,1,50,1,1
2026-08-01,Saturday,R6,4:00 PM,2,19,15,3,1,50,1,1
2026-08-01,Saturday,R7,4:00 PM,2,21,16,4,1,50,1,1
2026-08-01,Saturday,R8,4:00 PM,2,30,20,8,2,50,1,1
2026-08-01,Saturday,R9,4:00 PM,2,7,4,2,1,50,1,1
2026-08-01,Saturday,R10,4:00 PM,2,13,8,4,1,50,1,1
2026-08-01,Saturday,R1,6:00 PM,2,17,11,5,1,50,1,1
2026-08-01,Saturday,R2,6:00 PM,2,13,11,2,0,50,1,1
2026-08-01,Saturday,R3,6:00 PM,2,15,10,4,1,50,1,1
2026-08-01,Saturday,R4,6:00 PM,2,7,4,2,1,50,1,1
2026-08-01,Saturday,R5,6:00 PM,2,9,6,2,1,50,1,1
2026-08-01,Saturday,R6,6:00 PM,2,6,4,1,1,50,1,1
2026-08-01,Saturday,R7,6:00 PM,2,9,6,2,1,50,1,1
2026-08-01,Saturday,R8,6:00 PM,2,19,14,3,2,50,1,1
2026-08-01,Saturday,R9,6:00 PM,2,12,9,2,1,50,1,1
2026-08-01,Saturday,R10,6:00 PM,2,11,8,2,1,50,1,1
2026-08-02,Sunday,R1,7:00 AM,1,26,17,7,2,50,1,1
2026-08-02,Sunday,R2,7:00 AM,1,15,9,4,2,50,1,1
2026-08-02,Sunday,R3,7:00 AM,1,36,24,9,3,50,1,1
2026-08-02,Sunday,R4,7:00 AM,1,19,12,6,1,50,1,1
2026-08-02,Sunday,R5,7:00 AM,1,27,19,6,2,50,1,1
2026-08-02,Sunday,R6,7:00 AM,1,24,18,5,1,50,1,1
2026-08-02,Sunday,R7,7:00 AM,1,17,13,3,1,50,1,1
2026-08-02,Sunday,R8,7:00 AM,1,36,27,8,1,50,1,1
2026-08-02,Sunday,R9,7:00 AM,1,9,6,2,1,50,1,1
2026-08-02,Sunday,R10,7:00 AM,1,30,20,7,3,50,1,1
2026-08-02,Sunday,R1,11:00 AM,1,18,13,4,1,50,1,1
2026-08-02,Sunday,R2,11:00 AM,1,14,10,3,1,50,1,1
2026-08-02,Sunday,R3,11:00 AM,1,22,15,5,2,50,1,1
2026-08-02,Sunday,R4,11:00 AM,1,9,6,2,1,50,1,1
2026-08-02,Sunday,R5,11:00 AM,1,17,12,4,1,50,1,1
2026-08-02,Sunday,R6,11:00 AM,1,15,10,4,1,50,1,1
2026-08-02,Sunday,R7,11:00 AM,1,12,9,2,1,50,1,1
2026-08-02,Sunday,R8,11:00 AM,1,22,16,4,2,50,1,1
2026-08-02,Sunday,R9,11:00 AM,1,1,1,0,0,50,1,1
2026-08-02,Sunday,R10,11:00 AM,1,17,13,3,1,50,1,1
2026-08-02,Sunday,R1,1:00 PM,2,25,16,7,2,50,1,1
2026-08-02,Sunday,R2,1:00 PM,2,17,11,5,1,50,1,1
2026-08-02,Sunday,R3,1:00 PM,2,26,16,7,3,50,1,1
2026-08-02,Sunday,R4,1:00 PM,2,14,11,2,1,50,1,1
2026-08-02,Sunday,R5,1:00 PM,2,18,13,4,1,50,1,1
2026-08-02,Sunday,R6,1:00 PM,2,20,16,2,2,50,1,1
2026-08-02,Sunday,R7,1:00 PM,2,14,10,3,1,50,1,1
2026-08-02,Sunday,R8,1:00 PM,2,27,22,4,1,50,1,1
2026-08-02,Sunday,R9,1:00 PM,2,9,6,2,1,50,1,1
2026-08-02,Sunday,R10,1:00 PM,2,27,17,7,3,50,1,1
2026-08-02,Sunday,R1,4:00 PM,2,17,11,5,1,50,1,1
2026-08-02,Sunday,R2,4:00 PM,2,14,10,3,1,50,1,1
2026-08-02,Sunday,R3,4:00 PM,2,25,18,5,2,50,1,1
2026-08-02,Sunday,R4,4:00 PM,2,13,9,3,1,50,1,1
2026-08-02,Sunday,R5,4:00 PM,2,12,8,3,1,50,1,1
2026-08-02,Sunday,R6,4:00 PM,2,26,20,4,2,50,1,1
2026-08-02,Sunday,R7,4:00 PM,2,12,8,3,1,50,1,1
2026-08-02,Sunday,R8,4:00 PM,2,23,15,6,2,50,1,1
2026-08-02,Sunday,R9,4:00 PM,2,6,4,1,1,50,1,1
2026-08-02,Sunday,R10,4:00 PM,2,20,14,5,1,50,1,1
2026-08-02,Sunday,R1,6:00 PM,2,13,9,3,1,50,1,1
2026-08-02,Sunday,R2,6:00 PM,2,10,6,3,1,50,1,1
2026-08-02,Sunday,R3,6:00 PM,2,13,11,2,0,50,1,1
2026-08-02,Sunday,R4,6:00 PM,2,14,9,4,1,50,1,1
2026-08-02,Sunday,R5,6:00 PM,2,11,8,2,1,50,1,1
2026-08-02,Sunday,R6,6:00 PM,2,10,7,2,1,50,1,1
2026-08-02,Sunday,R7,6:00 PM,2,11,9,2,0,50,1,1
2026-08-02,Sunday,R8,6:00 PM,2,17,13,3,1,50,1,1
2026-08-02,Sunday,R9,6:00 PM,2,11,9,1,1,50,1,1
2026-08-02,Sunday,R10,6:00 PM,2,11,8,2,1,50,1,1
2026-08-03,Monday,R1,7:00 AM,1,71,49,17,5,50,1,0
2026-08-03,Monday,R2,7:00 AM,1,59,40,15,4,50,1,0
2026-08-03,Monday,R3,7:00 AM,1,101,68,22,11,50,2,0
2026-08-03,Monday,R4,7:00 AM,1,44,30,11,3,50,1,0
2026-08-03,Monday,R5,7:00 AM,1,67,45,16,6,50,1,0
2026-08-03,Monday,R6,7:00 AM,1,74,50,22,2,50,1,0
2026-08-03,Monday,R7,7:00 AM,1,49,34,11,4,50,1,0
2026-08-03,Monday,R8,7:00 AM,1,118,95,15,8,50,2,0
2026-08-03,Monday,R9,7:00 AM,1,32,22,7,3,50,1,0
2026-08-03,Monday,R10,7:00 AM,1,86,58,19,9,50,2,0
2026-08-03,Monday,R1,11:00 AM,1,41,31,8,2,50,1,0
2026-08-03,Monday,R2,11:00 AM,1,33,24,5,4,50,1,0
2026-08-03,Monday,R3,11:00 AM,1,52,33,15,4,50,1,0
2026-08-03,Monday,R4,11:00 AM,1,26,18,6,2,50,1,0
2026-08-03,Monday,R5,11:00 AM,1,36,25,9,2,50,1,0
2026-08-03,Monday,R6,11:00 AM,1,41,25,12,4,50,1,0
2026-08-03,Monday,R7,11:00 AM,1,29,18,9,2,50,1,0
2026-08-03,Monday,R8,11:00 AM,1,64,46,15,3,50,1,0
2026-08-03,Monday,R9,11:00 AM,1,26,17,7,2,50,1,0
2026-08-03,Monday,R10,11:00 AM,1,44,31,9,4,50,1,0
2026-08-03,Monday,R1,1:00 PM,2,48,35,8,5,50,1,0
2026-08-03,Monday,R2,1:00 PM,2,47,34,11,2,50,1,0
2026-08-03,Monday,R3,1:00 PM,2,89,57,25,7,50,2,0
2026-08-03,Monday,R4,1:00 PM,2,36,21,10,5,50,1,0
2026-08-03,Monday,R5,1:00 PM,2,60,37,20,3,50,1,0
2026-08-03,Monday,R6,1:00 PM,2,63,47,10,6,50,1,0
2026-08-03,Monday,R7,1:00 PM,2,43,30,9,4,50,1,0
2026-08-03,Monday,R8,1:00 PM,2,95,75,14,6,50,2,0
2026-08-03,Monday,R9,1:00 PM,2,34,25,7,2,50,1,0
2026-08-03,Monday,R10,1:00 PM,2,67,52,10,5,50,2,0
2026-08-03,Monday,R1,4:00 PM,2,52,37,10,5,50,1,0
2026-08-03,Monday,R2,4:00 PM,2,39,25,11,3,50,1,0
2026-08-03,Monday,R3,4:00 PM,2,70,47,18,5,50,1,0
2026-08-03,Monday,R4,4:00 PM,2,25,17,6,2,50,1,0
2026-08-03,Monday,R5,4:00 PM,2,50,37,10,3,50,1,0
2026-08-03,Monday,R6,4:00 PM,2,67,50,10,7,50,1,0
2026-08-03,Monday,R7,4:00 PM,2,35,25,7,3,50,1,0
2026-08-03,Monday,R8,4:00 PM,2,69,44,17,8,50,1,0
2026-08-03,Monday,R9,4:00 PM,2,28,20,6,2,50,1,0
2026-08-03,Monday,R10,4:00 PM,2,55,33,18,4,50,1,0
2026-08-03,Monday,R1,6:00 PM,2,33,25,6,2,50,1,0
2026-08-03,Monday,R2,6:00 PM,2,20,14,5,1,50,1,0
2026-08-03,Monday,R3,6:00 PM,2,40,28,10,2,50,1,0
2026-08-03,Monday,R4,6:00 PM,2,21,14,6,1,50,1,0
2026-08-03,Monday,R5,6:00 PM,2,28,18,7,3,50,1,0
2026-08-03,Monday,R6,6:00 PM,2,34,23,8,3,50,1,0
2026-08-03,Monday,R7,6:00 PM,2,19,12,5,2,50,1,0
2026-08-03,Monday,R8,6:00 PM,2,49,30,14,5,50,1,0
2026-08-03,Monday,R9,6:00 PM,2,19,14,4,1,50,1,0
2026-08-03,Monday,R10,6:00 PM,2,36,24,9,3,50,1,0
2026-08-04,Tuesday,R1,7:00 AM,1,59,37,17,5,50,1,0
2026-08-04,Tuesday,R2,7:00 AM,1,56,34,15,7,50,1,0
2026-08-04,Tuesday,R3,7:00 AM,1,74,53,18,3,50,2,0
2026-08-04,Tuesday,R4,7:00 AM,1,47,31,11,5,50,1,0
2026-08-04,Tuesday,R5,7:00 AM,1,65,53,8,4,50,2,0
2026-08-04,Tuesday,R6,7:00 AM,1,85,58,23,4,50,2,0
2026-08-04,Tuesday,R7,7:00 AM,1,56,40,11,5,50,1,0
2026-08-04,Tuesday,R8,7:00 AM,1,101,68,23,10,50,2,0
2026-08-04,Tuesday,R9,7:00 AM,1,34,25,6,3,50,1,0
2026-08-04,Tuesday,R10,7:00 AM,1,91,63,16,12,50,2,0
2026-08-04,Tuesday,R1,11:00 AM,1,46,33,10,3,50,1,0
2026-08-04,Tuesday,R2,11:00 AM,1,30,23,6,1,50,1,0
2026-08-04,Tuesday,R3,11:00 AM,1,52,34,15,3,50,1,0
2026-08-04,Tuesday,R4,11:00 AM,1,24,19,3,2,50,1,0
2026-08-04,Tuesday,R5,11:00 AM,1,38,27,8,3,50,1,0
2026-08-04,Tuesday,R6,11:00 AM,1,44,30,11,3,50,1,0
2026-08-04,Tuesday,R7,11:00 AM,1,30,20,7,3,50,1,0
2026-08-04,Tuesday,R8,11:00 AM,1,61,40,14,7,50,1,0
2026-08-04,Tuesday,R9,11:00 AM,1,22,14,6,2,50,1,0
2026-08-04,Tuesday,R10,11:00 AM,1,36,23,10,3,50,1,0
2026-08-04,Tuesday,R1,1:00 PM,2,59,41,14,4,50,1,0
2026-08-04,Tuesday,R2,1:00 PM,2,48,34,9,5,50,1,0
2026-08-04,Tuesday,R3,1:00 PM,2,77,58,15,4,50,2,0
2026-08-04,Tuesday,R4,1:00 PM,2,38,26,9,3,50,1,0
2026-08-04,Tuesday,R5,1:00 PM,2,51,39,7,5,50,1,0
2026-08-04,Tuesday,R6,1:00 PM,2,75,53,13,9,50,2,0
2026-08-04,Tuesday,R7,1:00 PM,2,44,31,10,3,50,1,0
2026-08-04,Tuesday,R8,1:00 PM,2,77,51,21,5,50,2,0
2026-08-04,Tuesday,R9,1:00 PM,2,29,20,8,1,50,1,0
2026-08-04,Tuesday,R10,1:00 PM,2,55,38,12,5,50,1,0
2026-08-04,Tuesday,R1,4:00 PM,2,52,34,11,7,50,1,0
2026-08-04,Tuesday,R2,4:00 PM,2,40,30,8,2,50,1,0
2026-08-04,Tuesday,R3,4:00 PM,2,67,43,17,7,50,1,0
2026-08-04,Tuesday,R4,4:00 PM,2,27,19,6,2,50,1,0
2026-08-04,Tuesday,R5,4:00 PM,2,50,34,11,5,50,1,0
2026-08-04,Tuesday,R6,4:00 PM,2,54,32,16,6,50,1,0
2026-08-04,Tuesday,R7,4:00 PM,2,32,25,5,2,50,1,0
2026-08-04,Tuesday,R8,4:00 PM,2,77,59,12,6,50,2,0
2026-08-04,Tuesday,R9,4:00 PM,2,28,20,6,2,50,1,0
2026-08-04,Tuesday,R10,4:00 PM,2,49,34,12,3,50,1,0
2026-08-04,Tuesday,R1,6:00 PM,2,34,23,8,3,50,1,0
2026-08-04,Tuesday,R2,6:00 PM,2,28,21,5,2,50,1,0
2026-08-04,Tuesday,R3,6:00 PM,2,46,36,7,3,50,1,0
2026-08-04,Tuesday,R4,6:00 PM,2,23,16,4,3,50,1,0
2026-08-04,Tuesday,R5,6:00 PM,2,36,26,6,4,50,1,0
2026-08-04,Tuesday,R6,6:00 PM,2,39,27,9,3,50,1,0
2026-08-04,Tuesday,R7,6:00 PM,2,28,19,7,2,50,1,0
2026-08-04,Tuesday,R8,6:00 PM,2,46,35,7,4,50,1,0
2026-08-04,Tuesday,R9,6:00 PM,2,20,13,5,2,50,1,0
2026-08-04,Tuesday,R10,6:00 PM,2,33,23,6,4,50,1,0
2026-08-05,Wednesday,R1,7:00 AM,1,69,49,16,4,50,1,0
2026-08-05,Wednesday,R2,7:00 AM,1,60,42,12,6,50,1,0
2026-08-05,Wednesday,R3,7:00 AM,1,101,73,20,8,50,2,0
2026-08-05,Wednesday,R4,7:00 AM,1,43,34,6,3,50,1,0
2026-08-05,Wednesday,R5,7:00 AM,1,69,47,16,6,50,1,0
2026-08-05,Wednesday,R6,7:00 AM,1,80,52,21,7,50,2,0
2026-08-05,Wednesday,R7,7:00 AM,1,55,46,7,2,50,1,0
2026-08-05,Wednesday,R8,7:00 AM,1,107,83,16,8,50,2,0
2026-08-05,Wednesday,R9,7:00 AM,1,37,23,11,3,50,1,0
2026-08-05,Wednesday,R10,7:00 AM,1,77,50,20,7,50,1,0
2026-08-05,Wednesday,R1,11:00 AM,1,38,26,10,2,50,1,0
2026-08-05,Wednesday,R2,11:00 AM,1,33,25,5,3,50,1,0
2026-08-05,Wednesday,R3,11:00 AM,1,53,35,16,2,50,1,0
2026-08-05,Wednesday,R4,11:00 AM,1,23,15,6,2,50,1,0
2026-08-05,Wednesday,R5,11:00 AM,1,38,29,7,2,50,1,0
2026-08-05,Wednesday,R6,11:00 AM,1,50,35,11,4,50,1,0
2026-08-05,Wednesday,R7,11:00 AM,1,28,20,5,3,50,1,0
2026-08-05,Wednesday,R8,11:00 AM,1,60,37,20,3,50,1,0
2026-08-05,Wednesday,R9,11:00 AM,1,23,17,4,2,50,1,0
2026-08-05,Wednesday,R10,11:00 AM,1,45,37,5,3,50,1,0
2026-08-05,Wednesday,R1,1:00 PM,2,56,41,10,5,50,1,0
2026-08-05,Wednesday,R2,1:00 PM,2,52,37,11,4,50,1,0
2026-08-05,Wednesday,R3,1:00 PM,2,79,58,17,4,50,2,0
2026-08-05,Wednesday,R4,1:00 PM,2,40,27,9,4,50,1,0
2026-08-05,Wednesday,R5,1:00 PM,2,52,38,10,4,50,1,0
2026-08-05,Wednesday,R6,1:00 PM,2,59,47,8,4,50,1,0
2026-08-05,Wednesday,R7,1:00 PM,2,44,34,8,2,50,1,0
2026-08-05,Wednesday,R8,1:00 PM,2,80,58,16,6,50,2,0
2026-08-05,Wednesday,R9,1:00 PM,2,38,24,10,4,50,1,0
2026-08-05,Wednesday,R10,1:00 PM,2,68,53,12,3,50,2,0
2026-08-05,Wednesday,R1,4:00 PM,2,46,30,13,3,50,1,0
2026-08-05,Wednesday,R2,4:00 PM,2,37,27,7,3,50,1,0
2026-08-05,Wednesday,R3,4:00 PM,2,68,48,16,4,50,1,0
2026-08-05,Wednesday,R4,4:00 PM,2,34,25,6,3,50,1,0
2026-08-05,Wednesday,R5,4:00 PM,2,50,38,9,3,50,1,0
2026-08-05,Wednesday,R6,4:00 PM,2,60,45,11,4,50,1,0
2026-08-05,Wednesday,R7,4:00 PM,2,38,22,12,4,50,1,0
2026-08-05,Wednesday,R8,4:00 PM,2,76,53,19,4,50,2,0
2026-08-05,Wednesday,R9,4:00 PM,2,27,19,6,2,50,1,0
2026-08-05,Wednesday,R10,4:00 PM,2,54,37,13,4,50,1,0
2026-08-05,Wednesday,R1,6:00 PM,2,35,26,6,3,50,1,0
2026-08-05,Wednesday,R2,6:00 PM,2,32,21,8,3,50,1,0
2026-08-05,Wednesday,R3,6:00 PM,2,53,42,8,3,50,1,0
2026-08-05,Wednesday,R4,6:00 PM,2,27,19,6,2,50,1,0
2026-08-05,Wednesday,R5,6:00 PM,2,29,19,7,3,50,1,0
2026-08-05,Wednesday,R6,6:00 PM,2,36,25,8,3,50,1,0
2026-08-05,Wednesday,R7,6:00 PM,2,26,19,4,3,50,1,0
2026-08-05,Wednesday,R8,6:00 PM,2,54,39,11,4,50,1,0
2026-08-05,Wednesday,R9,6:00 PM,2,18,14,3,1,50,1,0
2026-08-05,Wednesday,R10,6:00 PM,2,36,21,11,4,50,1,0
2026-08-06,Thursday,R1,7:00 AM,1,77,55,18,4,50,2,0
2026-08-06,Thursday,R2,7:00 AM,1,58,39,16,3,50,1,0
2026-08-06,Thursday,R3,7:00 AM,1,100,55,34,11,50,2,0
2026-08-06,Thursday,R4,7:00 AM,1,50,33,12,5,50,1,0
2026-08-06,Thursday,R5,7:00 AM,1,64,41,17,6,50,1,0
2026-08-06,Thursday,R6,7:00 AM,1,84,54,24,6,50,2,0
2026-08-06,Thursday,R7,7:00 AM,1,51,37,11,3,50,1,0
2026-08-06,Thursday,R8,7:00 AM,1,107,82,14,11,50,2,0
2026-08-06,Thursday,R9,7:00 AM,1,38,29,7,2,50,1,0
2026-08-06,Thursday,R10,7:00 AM,1,75,49,19,7,50,1,0
2026-08-06,Thursday,R1,11:00 AM,1,37,26,7,4,50,1,0
2026-08-06,Thursday,R2,11:00 AM,1,30,21,7,2,50,1,0
2026-08-06,Thursday,R3,11:00 AM,1,54,37,14,3,50,1,0
2026-08-06,Thursday,R4,11:00 AM,1,19,13,4,2,50,1,0
2026-08-06,Thursday,R5,11:00 AM,1,43,27,13,3,50,1,0
2026-08-06,Thursday,R6,11:00 AM,1,39,32,4,3,50,1,0
2026-08-06,Thursday,R7,11:00 AM,1,28,17,8,3,50,1,0
2026-08-06,Thursday,R8,11:00 AM,1,59,46,10,3,50,1,0
2026-08-06,Thursday,R9,11:00 AM,1,22,14,6,2,50,1,0
2026-08-06,Thursday,R10,11:00 AM,1,38,25,10,3,50,1,0
2026-08-06,Thursday,R1,1:00 PM,2,54,39,10,5,50,1,0
2026-08-06,Thursday,R2,1:00 PM,2,47,29,14,4,50,1,0
2026-08-06,Thursday,R3,1:00 PM,2,75,53,16,6,50,2,0
2026-08-06,Thursday,R4,1:00 PM,2,35,26,6,3,50,1,0
2026-08-06,Thursday,R5,1:00 PM,2,60,38,15,7,50,1,0
2026-08-06,Thursday,R6,1:00 PM,2,64,41,19,4,50,1,0
2026-08-06,Thursday,R7,1:00 PM,2,39,31,5,3,50,1,0
2026-08-06,Thursday,R8,1:00 PM,2,83,56,20,7,50,2,0
2026-08-06,Thursday,R9,1:00 PM,2,28,20,6,2,50,1,0
2026-08-06,Thursday,R10,1:00 PM,2,53,41,9,3,50,1,0
2026-08-06,Thursday,R1,4:00 PM,2,56,38,13,5,50,1,0
2026-08-06,Thursday,R2,4:00 PM,2,36,22,10,4,50,1,0
2026-08-06,Thursday,R3,4:00 PM,2,56,41,10,5,50,1,0
2026-08-06,Thursday,R4,4:00 PM,2,33,25,6,2,50,1,0
2026-08-06,Thursday,R5,4:00 PM,2,45,30,10,5,50,1,0
2026-08-06,Thursday,R6,4:00 PM,2,54,36,15,3,50,1,0
2026-08-06,Thursday,R7,4:00 PM,2,34,21,9,4,50,1,0
2026-08-06,Thursday,R8,4:00 PM,2,79,62,12,5,50,2,0
2026-08-06,Thursday,R9,4:00 PM,2,29,21,6,2,50,1,0
2026-08-06,Thursday,R10,4:00 PM,2,55,38,10,7,50,1,0
2026-08-06,Thursday,R1,6:00 PM,2,39,25,10,4,50,1,0
2026-08-06,Thursday,R2,6:00 PM,2,28,18,7,3,50,1,0
2026-08-06,Thursday,R3,6:00 PM,2,46,34,10,2,50,1,0
2026-08-06,Thursday,R4,6:00 PM,2,21,14,5,2,50,1,0
2026-08-06,Thursday,R5,6:00 PM,2,34,26,7,1,50,1,0
2026-08-06,Thursday,R6,6:00 PM,2,38,27,8,3,50,1,0
2026-08-06,Thursday,R7,6:00 PM,2,27,16,9,2,50,1,0
2026-08-06,Thursday,R8,6:00 PM,2,50,36,10,4,50,1,0
2026-08-06,Thursday,R9,6:00 PM,2,16,11,4,1,50,1,0
2026-08-06,Thursday,R10,6:00 PM,2,37,25,9,3,50,1,0
2026-08-07,Friday,R1,7:00 AM,1,62,42,16,4,50,1,0
2026-08-07,Friday,R2,7:00 AM,1,53,39,9,5,50,1,0
2026-08-07,Friday,R3,7:00 AM,1,93,71,13,9,50,2,0
2026-08-07,Friday,R4,7:00 AM,1,40,28,9,3,50,1,0
2026-08-07,Friday,R5,7:00 AM,1,73,47,23,3,50,1,0
2026-08-07,Friday,R6,7:00 AM,1,82,58,17,7,50,2,0
2026-08-07,Friday,R7,7:00 AM,1,53,38,11,4,50,1,0
2026-08-07,Friday,R8,7:00 AM,1,96,61,26,9,50,2,0
2026-08-07,Friday,R9,7:00 AM,1,41,30,8,3,50,1,0
2026-08-07,Friday,R10,7:00 AM,1,69,49,16,4,50,1,0
2026-08-07,Friday,R1,11:00 AM,1,45,34,7,4,50,1,0
2026-08-07,Friday,R2,11:00 AM,1,37,25,9,3,50,1,0
2026-08-07,Friday,R3,11:00 AM,1,48,36,7,5,50,1,0
2026-08-07,Friday,R4,11:00 AM,1,29,22,6,1,50,1,0
2026-08-07,Friday,R5,11:00 AM,1,30,23,5,2,50,1,0
2026-08-07,Friday,R6,11:00 AM,1,51,34,13,4,50,1,0
2026-08-07,Friday,R7,11:00 AM,1,27,19,5,3,50,1,0
2026-08-07,Friday,R8,11:00 AM,1,59,48,7,4,50,1,0
2026-08-07,Friday,R9,11:00 AM,1,18,13,3,2,50,1,0
2026-08-07,Friday,R10,11:00 AM,1,41,27,9,5,50,1,0
2026-08-07,Friday,R1,1:00 PM,2,56,34,18,4,50,1,0
2026-08-07,Friday,R2,1:00 PM,2,48,34,10,4,50,1,0
2026-08-07,Friday,R3,1:00 PM,2,81,56,20,5,50,2,0
2026-08-07,Friday,R4,1:00 PM,2,34,20,12,2,50,1,0
2026-08-07,Friday,R5,1:00 PM,2,59,47,8,4,50,1,0
2026-08-07,Friday,R6,1:00 PM,2,67,49,16,2,50,1,0
2026-08-07,Friday,R7,1:00 PM,2,43,32,7,4,50,1,0
2026-08-07,Friday,R8,1:00 PM,2,79,59,14,6,50,2,0
2026-08-07,Friday,R9,1:00 PM,2,28,22,5,1,50,1,0
2026-08-07,Friday,R10,1:00 PM,2,53,36,14,3,50,1,0
2026-08-07,Friday,R1,4:00 PM,2,50,34,13,3,50,1,0
2026-08-07,Friday,R2,4:00 PM,2,38,25,9,4,50,1,0
2026-08-07,Friday,R3,4:00 PM,2,60,45,13,2,50,1,0
2026-08-07,Friday,R4,4:00 PM,2,30,21,7,2,50,1,0
2026-08-07,Friday,R5,4:00 PM,2,46,35,7,4,50,1,0
2026-08-07,Friday,R6,4:00 PM,2,62,48,10,4,50,1,0
2026-08-07,Friday,R7,4:00 PM,2,38,25,11,2,50,1,0
2026-08-07,Friday,R8,4:00 PM,2,73,50,17,6,50,1,0
2026-08-07,Friday,R9,4:00 PM,2,19,12,5,2,50,1,0
2026-08-07,Friday,R10,4:00 PM,2,54,41,9,4,50,1,0
2026-08-07,Friday,R1,6:00 PM,2,40,25,11,4,50,1,0
2026-08-07,Friday,R2,6:00 PM,2,29,22,5,2,50,1,0
2026-08-07,Friday,R3,6:00 PM,2,45,29,11,5,50,1,0
2026-08-07,Friday,R4,6:00 PM,2,25,19,4,2,50,1,0
2026-08-07,Friday,R5,6:00 PM,2,35,24,9,2,50,1,0
2026-08-07,Friday,R6,6:00 PM,2,49,38,8,3,50,1,0
2026-08-07,Friday,R7,6:00 PM,2,26,16,8,2,50,1,0
2026-08-07,Friday,R8,6:00 PM,2,49,32,13,4,50,1,0
2026-08-07,Friday,R9,6:00 PM,2,17,12,4,1,50,1,0
2026-08-07,Friday,R10,6:00 PM,2,40,25,11,4,50,1,0
2026-08-08,Saturday,R1,7:00 AM,1,26,18,6,2,50,1,1
2026-08-08,Saturday,R2,7:00 AM,1,20,14,4,2,50,1,1
2026-08-08,Saturday,R3,7:00 AM,1,38,30,5,3,50,1,1
2026-08-08,Saturday,R4,7:00 AM,1,14,10,3,1,50,1,1
2026-08-08,Saturday,R5,7:00 AM,1,26,19,6,1,50,1,1
2026-08-08,Saturday,R6,7:00 AM,1,26,18,7,1,50,1,1
2026-08-08,Saturday,R7,7:00 AM,1,22,15,5,2,50,1,1
2026-08-08,Saturday,R8,7:00 AM,1,36,29,4,3,50,1,1
2026-08-08,Saturday,R9,7:00 AM,1,17,11,5,1,50,1,1
2026-08-08,Saturday,R10,7:00 AM,1,27,20,5,2,50,1,1
2026-08-08,Saturday,R1,11:00 AM,1,17,13,3,1,50,1,1
2026-08-08,Saturday,R2,11:00 AM,1,8,6,1,1,50,1,1
2026-08-08,Saturday,R3,11:00 AM,1,22,16,5,1,50,1,1
2026-08-08,Saturday,R4,11:00 AM,1,11,7,3,1,50,1,1
2026-08-08,Saturday,R5,11:00 AM,1,12,8,3,1,50,1,1
2026-08-08,Saturday,R6,11:00 AM,1,14,11,2,1,50,1,1
2026-08-08,Saturday,R7,11:00 AM,1,12,8,3,1,50,1,1
2026-08-08,Saturday,R8,11:00 AM,1,23,16,6,1,50,1,1
2026-08-08,Saturday,R9,11:00 AM,1,7,5,1,1,50,1,1
2026-08-08,Saturday,R10,11:00 AM,1,14,10,3,1,50,1,1
2026-08-08,Saturday,R1,1:00 PM,2,21,13,6,2,50,1,1
2026-08-08,Saturday,R2,1:00 PM,2,16,11,4,1,50,1,1
2026-08-08,Saturday,R3,1:00 PM,2,26,18,6,2,50,1,1
2026-08-08,Saturday,R4,1:00 PM,2,14,10,3,1,50,1,1
2026-08-08,Saturday,R5,1:00 PM,2,25,16,7,2,50,1,1
2026-08-08,Saturday,R6,1:00 PM,2,25,17,6,2,50,1,1
2026-08-08,Saturday,R7,1:00 PM,2,15,10,4,1,50,1,1
2026-08-08,Saturday,R8,1:00 PM,2,30,19,8,3,50,1,1
2026-08-08,Saturday,R9,1:00 PM,2,11,7,3,1,50,1,1
2026-08-08,Saturday,R10,1:00 PM,2,22,17,4,1,50,1,1
2026-08-08,Saturday,R1,4:00 PM,2,15,12,2,1,50,1,1
2026-08-08,Saturday,R2,4:00 PM,2,14,10,3,1,50,1,1
2026-08-08,Saturday,R3,4:00 PM,2,16,9,5,2,50,1,1
2026-08-08,Saturday,R4,4:00 PM,2,12,7,4,1,50,1,1
2026-08-08,Saturday,R5,4:00 PM,2,22,16,4,2,50,1,1
2026-08-08,Saturday,R6,4:00 PM,2,16,11,4,1,50,1,1
2026-08-08,Saturday,R7,4:00 PM,2,12,8,3,1,50,1,1
2026-08-08,Saturday,R8,4:00 PM,2,24,17,5,2,50,1,1
2026-08-08,Saturday,R9,4:00 PM,2,7,4,2,1,50,1,1
2026-08-08,Saturday,R10,4:00 PM,2,14,8,4,2,50,1,1
2026-08-08,Saturday,R1,6:00 PM,2,13,9,3,1,50,1,1
2026-08-08,Saturday,R2,6:00 PM,2,9,7,2,0,50,1,1
2026-08-08,Saturday,R3,6:00 PM,2,16,11,4,1,50,1,1
2026-08-08,Saturday,R4,6:00 PM,2,11,8,2,1,50,1,1
2026-08-08,Saturday,R5,6:00 PM,2,17,12,4,1,50,1,1
2026-08-08,Saturday,R6,6:00 PM,2,14,9,3,2,50,1,1
2026-08-08,Saturday,R7,6:00 PM,2,7,6,1,0,50,1,1
2026-08-08,Saturday,R8,6:00 PM,2,12,9,2,1,50,1,1
2026-08-08,Saturday,R9,6:00 PM,2,8,6,1,1,50,1,1
2026-08-08,Saturday,R10,6:00 PM,2,17,12,4,1,50,1,1
2026-08-09,Sunday,R1,7:00 AM,1,26,20,4,2,50,1,1
2026-08-09,Sunday,R2,7:00 AM,1,18,10,5,3,50,1,1
2026-08-09,Sunday,R3,7:00 AM,1,35,29,4,2,50,1,1
2026-08-09,Sunday,R4,7:00 AM,1,16,11,4,1,50,1,1
2026-08-09,Sunday,R5,7:00 AM,1,25,20,4,1,50,1,1
2026-08-09,Sunday,R6,7:00 AM,1,31,23,5,3,50,1,1
2026-08-09,Sunday,R7,7:00 AM,1,14,9,4,1,50,1,1
2026-08-09,Sunday,R8,7:00 AM,1,36,25,9,2,50,1,1
2026-08-09,Sunday,R9,7:00 AM,1,14,10,3,1,50,1,1
2026-08-09,Sunday,R10,7:00 AM,1,29,21,6,2,50,1,1
2026-08-09,Sunday,R1,11:00 AM,1,21,14,6,1,50,1,1
2026-08-09,Sunday,R2,11:00 AM,1,11,8,2,1,50,1,1
2026-08-09,Sunday,R3,11:00 AM,1,15,10,3,2,50,1,1
2026-08-09,Sunday,R4,11:00 AM,1,10,8,1,1,50,1,1
2026-08-09,Sunday,R5,11:00 AM,1,16,11,3,2,50,1,1
2026-08-09,Sunday,R6,11:00 AM,1,13,8,3,2,50,1,1
2026-08-09,Sunday,R7,11:00 AM,1,9,7,1,1,50,1,1
2026-08-09,Sunday,R8,11:00 AM,1,20,12,6,2,50,1,1
2026-08-09,Sunday,R9,11:00 AM,1,6,4,2,0,50,1,1
2026-08-09,Sunday,R10,11:00 AM,1,12,8,3,1,50,1,1
2026-08-09,Sunday,R1,1:00 PM,2,21,15,5,1,50,1,1
2026-08-09,Sunday,R2,1:00 PM,2,15,11,3,1,50,1,1
2026-08-09,Sunday,R3,1:00 PM,2,31,21,7,3,50,1,1
2026-08-09,Sunday,R4,1:00 PM,2,13,8,4,1,50,1,1
2026-08-09,Sunday,R5,1:00 PM,2,20,15,4,1,50,1,1
2026-08-09,Sunday,R6,1:00 PM,2,25,18,5,2,50,1,1
2026-08-09,Sunday,R7,1:00 PM,2,18,14,3,1,50,1,1
2026-08-09,Sunday,R8,1:00 PM,2,33,22,8,3,50,1,1
2026-08-09,Sunday,R9,1:00 PM,2,12,8,3,1,50,1,1
2026-08-09,Sunday,R10,1:00 PM,2,21,14,6,1,50,1,1
2026-08-09,Sunday,R1,4:00 PM,2,17,13,3,1,50,1,1
2026-08-09,Sunday,R2,4:00 PM,2,12,8,3,1,50,1,1
2026-08-09,Sunday,R3,4:00 PM,2,26,20,4,2,50,1,1
2026-08-09,Sunday,R4,4:00 PM,2,10,7,2,1,50,1,1
2026-08-09,Sunday,R5,4:00 PM,2,19,13,5,1,50,1,1
2026-08-09,Sunday,R6,4:00 PM,2,19,12,4,3,50,1,1
2026-08-09,Sunday,R7,4:00 PM,2,11,7,3,1,50,1,1
2026-08-09,Sunday,R8,4:00 PM,2,23,18,4,1,50,1,1
2026-08-09,Sunday,R9,4:00 PM,2,9,6,2,1,50,1,1
2026-08-09,Sunday,R10,4:00 PM,2,22,14,6,2,50,1,1
2026-08-09,Sunday,R1,6:00 PM,2,14,10,3,1,50,1,1
2026-08-09,Sunday,R2,6:00 PM,2,7,5,2,0,50,1,1
2026-08-09,Sunday,R3,6:00 PM,2,13,7,4,2,50,1,1
2026-08-09,Sunday,R4,6:00 PM,2,9,6,2,1,50,1,1
2026-08-09,Sunday,R5,6:00 PM,2,7,4,2,1,50,1,1
2026-08-09,Sunday,R6,6:00 PM,2,14,10,3,1,50,1,1
2026-08-09,Sunday,R7,6:00 PM,2,6,5,1,0,50,1,1
2026-08-09,Sunday,R8,6:00 PM,2,18,14,3,1,50,1,1
2026-08-09,Sunday,R9,6:00 PM,2,4,3,1,0,50,1,1
2026-08-09,Sunday,R10,6:00 PM,2,13,8,4,1,50,1,1
2026-08-10,Monday,R1,7:00 AM,1,81,50,23,8,50,1,0
2026-08-10,Monday,R2,7:00 AM,1,58,39,13,6,50,1,0
2026-08-10,Monday,R3,7:00 AM,1,92,72,12,8,50,2,0
2026-08-10,Monday,R4,7:00 AM,1,41,31,7,3,50,1,0
2026-08-10,Monday,R5,7:00 AM,1,67,51,10,6,50,2,0
2026-08-10,Monday,R6,7:00 AM,1,88,64,14,10,50,2,0
2026-08-10,Monday,R7,7:00 AM,1,46,28,15,3,50,1,0
2026-08-10,Monday,R8,7:00 AM,1,106,85,13,8,50,2,0
2026-08-10,Monday,R9,7:00 AM,1,39,28,8,3,50,1,0
2026-08-10,Monday,R10,7:00 AM,1,70,45,19,6,50,1,0
2026-08-10,Monday,R1,11:00 AM,1,44,32,9,3,50,1,0
2026-08-10,Monday,R2,11:00 AM,1,34,27,5,2,50,1,0
2026-08-10,Monday,R3,11:00 AM,1,57,46,9,2,50,1,0
2026-08-10,Monday,R4,11:00 AM,1,30,22,5,3,50,1,0
2026-08-10,Monday,R5,11:00 AM,1,38,32,3,3,50,1,0
2026-08-10,Monday,R6,11:00 AM,1,47,31,11,5,50,1,0
2026-08-10,Monday,R7,11:00 AM,1,27,18,7,2,50,1,0
2026-08-10,Monday,R8,11:00 AM,1,51,41,8,2,50,1,0
2026-08-10,Monday,R9,11:00 AM,1,24,19,3,2,50,1,0
2026-08-10,Monday,R10,11:00 AM,1,41,27,9,5,50,1,0
2026-08-10,Monday,R1,1:00 PM,2,57,38,14,5,50,1,0
2026-08-10,Monday,R2,1:00 PM,2,47,29,16,2,50,1,0
2026-08-10,Monday,R3,1:00 PM,2,86,58,22,6,50,2,0
2026-08-10,Monday,R4,1:00 PM,2,42,34,5,3,50,1,0
2026-08-10,Monday,R5,1:00 PM,2,50,35,12,3,50,1,0
2026-08-10,Monday,R6,1:00 PM,2,70,50,15,5,50,1,0
2026-08-10,Monday,R7,1:00 PM,2,44,33,9,2,50,1,0
2026-08-10,Monday,R8,1:00 PM,2,105,81,21,3,50,2,0
2026-08-10,Monday,R9,1:00 PM,2,29,21,5,3,50,1,0
2026-08-10,Monday,R10,1:00 PM,2,64,44,15,5,50,1,0
2026-08-10,Monday,R1,4:00 PM,2,49,35,10,4,50,1,0
2026-08-10,Monday,R2,4:00 PM,2,43,29,10,4,50,1,0
2026-08-10,Monday,R3,4:00 PM,2,69,45,18,6,50,1,0
2026-08-10,Monday,R4,4:00 PM,2,33,22,9,2,50,1,0
2026-08-10,Monday,R5,4:00 PM,2,44,33,7,4,50,1,0
2026-08-10,Monday,R6,4:00 PM,2,49,33,12,4,50,1,0
2026-08-10,Monday,R7,4:00 PM,2,40,30,7,3,50,1,0
2026-08-10,Monday,R8,4:00 PM,2,80,52,23,5,50,2,0
2026-08-10,Monday,R9,4:00 PM,2,27,19,6,2,50,1,0
2026-08-10,Monday,R10,4:00 PM,2,52,35,15,2,50,1,0
2026-08-10,Monday,R1,6:00 PM,2,33,22,8,3,50,1,0
2026-08-10,Monday,R2,6:00 PM,2,32,21,9,2,50,1,0
2026-08-10,Monday,R3,6:00 PM,2,50,36,9,5,50,1,0
2026-08-10,Monday,R4,6:00 PM,2,27,17,8,2,50,1,0
2026-08-10,Monday,R5,6:00 PM,2,32,24,5,3,50,1,0
2026-08-10,Monday,R6,6:00 PM,2,36,28,6,2,50,1,0
2026-08-10,Monday,R7,6:00 PM,2,24,17,5,2,50,1,0
2026-08-10,Monday,R8,6:00 PM,2,48,31,13,4,50,1,0
2026-08-10,Monday,R9,6:00 PM,2,16,10,4,2,50,1,0
2026-08-10,Monday,R10,6:00 PM,2,37,28,7,2,50,1,0
2026-08-11,Tuesday,R1,7:00 AM,1,71,50,16,5,50,1,0
2026-08-11,Tuesday,R2,7:00 AM,1,50,35,9,6,50,1,0
2026-08-11,Tuesday,R3,7:00 AM,1,106,77,19,10,50,2,0
2026-08-11,Tuesday,R4,7:00 AM,1,41,25,12,4,50,1,0
2026-08-11,Tuesday,R5,7:00 AM,1,73,56,10,7,50,2,0
2026-08-11,Tuesday,R6,7:00 AM,1,82,52,22,8,50,2,0
2026-08-11,Tuesday,R7,7:00 AM,1,52,37,10,5,50,1,0
2026-08-11,Tuesday,R8,7:00 AM,1,104,80,18,6,50,2,0
2026-08-11,Tuesday,R9,7:00 AM,1,34,23,7,4,50,1,0
2026-08-11,Tuesday,R10,7:00 AM,1,77,54,15,8,50,2,0
2026-08-11,Tuesday,R1,11:00 AM,1,37,26,8,3,50,1,0
2026-08-11,Tuesday,R2,11:00 AM,1,34,27,5,2,50,1,0
2026-08-11,Tuesday,R3,11:00 AM,1,45,31,9,5,50,1,0
2026-08-11,Tuesday,R4,11:00 AM,1,23,17,4,2,50,1,0
2026-08-11,Tuesday,R5,11:00 AM,1,41,28,9,4,50,1,0
2026-08-11,Tuesday,R6,11:00 AM,1,41,24,12,5,50,1,0
2026-08-11,Tuesday,R7,11:00 AM,1,30,25,3,2,50,1,0
2026-08-11,Tuesday,R8,11:00 AM,1,61,42,12,7,50,1,0
2026-08-11,Tuesday,R9,11:00 AM,1,23,17,4,2,50,1,0
2026-08-11,Tuesday,R10,11:00 AM,1,39,28,8,3,50,1,0
2026-08-11,Tuesday,R1,1:00 PM,2,65,41,21,3,50,1,0
2026-08-11,Tuesday,R2,1:00 PM,2,40,30,8,2,50,1,0
2026-08-11,Tuesday,R3,1:00 PM,2,78,49,20,9,50,1,0
2026-08-11,Tuesday,R4,1:00 PM,2,38,29,8,1,50,1,0
2026-08-11,Tuesday,R5,1:00 PM,2,56,38,13,5,50,1,0
2026-08-11,Tuesday,R6,1:00 PM,2,63,48,12,3,50,1,0
2026-08-11,Tuesday,R7,1:00 PM,2,35,28,6,1,50,1,0
2026-08-11,Tuesday,R8,1:00 PM,2,88,65,17,6,50,2,0
2026-08-11,Tuesday,R9,1:00 PM,2,28,23,2,3,50,1,0
2026-08-11,Tuesday,R10,1:00 PM,2,57,44,11,2,50,1,0
2026-08-11,Tuesday,R1,4:00 PM,2,54,39,12,3,50,1,0
2026-08-11,Tuesday,R2,4:00 PM,2,39,24,12,3,50,1,0
2026-08-11,Tuesday,R3,4:00 PM,2,66,53,11,2,50,2,0
2026-08-11,Tuesday,R4,4:00 PM,2,31,21,7,3,50,1,0
2026-08-11,Tuesday,R5,4:00 PM,2,39,30,6,3,50,1,0
2026-08-11,Tuesday,R6,4:00 PM,2,57,41,12,4,50,1,0
2026-08-11,Tuesday,R7,4:00 PM,2,38,27,7,4,50,1,0
2026-08-11,Tuesday,R8,4:00 PM,2,76,51,16,9,50,2,0
2026-08-11,Tuesday,R9,4:00 PM,2,31,22,8,1,50,1,0
2026-08-11,Tuesday,R10,4:00 PM,2,60,36,16,8,50,1,0
2026-08-11,Tuesday,R1,6:00 PM,2,38,23,11,4,50,1,0
2026-08-11,Tuesday,R2,6:00 PM,2,32,19,10,3,50,1,0
2026-08-11,Tuesday,R3,6:00 PM,2,40,28,8,4,50,1,0
2026-08-11,Tuesday,R4,6:00 PM,2,22,18,3,1,50,1,0
2026-08-11,Tuesday,R5,6:00 PM,2,30,18,8,4,50,1,0
2026-08-11,Tuesday,R6,6:00 PM,2,42,28,11,3,50,1,0
2026-08-11,Tuesday,R7,6:00 PM,2,20,15,4,1,50,1,0
2026-08-11,Tuesday,R8,6:00 PM,2,48,33,11,4,50,1,0
2026-08-11,Tuesday,R9,6:00 PM,2,21,16,4,1,50,1,0
2026-08-11,Tuesday,R10,6:00 PM,2,35,23,8,4,50,1,0
2026-08-12,Wednesday,R1,7:00 AM,1,69,46,17,6,50,1,0
2026-08-12,Wednesday,R2,7:00 AM,1,58,39,15,4,50,1,0
2026-08-12,Wednesday,R3,7:00 AM,1,91,65,20,6,50,2,0
2026-08-12,Wednesday,R4,7:00 AM,1,47,34,9,4,50,1,0
2026-08-12,Wednesday,R5,7:00 AM,1,67,47,15,5,50,1,0
2026-08-12,Wednesday,R6,7:00 AM,1,80,55,18,7,50,2,0
2026-08-12,Wednesday,R7,7:00 AM,1,52,33,16,3,50,1,0
2026-08-12,Wednesday,R8,7:00 AM,1,104,80,15,9,50,2,0
2026-08-12,Wednesday,R9,7:00 AM,1,35,26,7,2,50,1,0
2026-08-12,Wednesday,R10,7:00 AM,1,78,58,15,5,50,2,0
2026-08-12,Wednesday,R1,11:00 AM,1,44,31,10,3,50,1,0
2026-08-12,Wednesday,R2,11:00 AM,1,31,20,9,2,50,1,0
2026-08-12,Wednesday,R3,11:00 AM,1,49,37,9,3,50,1,0
2026-08-12,Wednesday,R4,11:00 AM,1,23,18,4,1,50,1,0
2026-08-12,Wednesday,R5,11:00 AM,1,35,24,9,2,50,1,0
2026-08-12,Wednesday,R6,11:00 AM,1,44,27,12,5,50,1,0
2026-08-12,Wednesday,R7,11:00 AM,1,28,21,5,2,50,1,0
2026-08-12,Wednesday,R8,11:00 AM,1,61,44,13,4,50,1,0
2026-08-12,Wednesday,R9,11:00 AM,1,18,13,3,2,50,1,0
2026-08-12,Wednesday,R10,11:00 AM,1,37,25,10,2,50,1,0
2026-08-12,Wednesday,R1,1:00 PM,2,58,44,9,5,50,1,0
2026-08-12,Wednesday,R2,1:00 PM,2,46,31,10,5,50,1,0
2026-08-12,Wednesday,R3,1:00 PM,2,79,60,14,5,50,2,0
2026-08-12,Wednesday,R4,1:00 PM,2,39,25,11,3,50,1,0
2026-08-12,Wednesday,R5,1:00 PM,2,59,37,15,7,50,1,0
2026-08-12,Wednesday,R6,1:00 PM,2,57,37,14,6,50,1,0
2026-08-12,Wednesday,R7,1:00 PM,2,38,29,7,2,50,1,0
2026-08-12,Wednesday,R8,1:00 PM,2,81,58,16,7,50,2,0
2026-08-12,Wednesday,R9,1:00 PM,2,34,23,9,2,50,1,0
2026-08-12,Wednesday,R10,1:00 PM,2,58,35,17,6,50,1,0
2026-08-12,Wednesday,R1,4:00 PM,2,51,35,12,4,50,1,0
2026-08-12,Wednesday,R2,4:00 PM,2,42,29,9,4,50,1,0
2026-08-12,Wednesday,R3,4:00 PM,2,58,43,11,4,50,1,0
2026-08-12,Wednesday,R4,4:00 PM,2,30,23,5,2,50,1,0
2026-08-12,Wednesday,R5,4:00 PM,2,42,29,10,3,50,1,0
2026-08-12,Wednesday,R6,4:00 PM,2,50,37,9,4,50,1,0
2026-08-12,Wednesday,R7,4:00 PM,2,35,26,6,3,50,1,0
2026-08-12,Wednesday,R8,4:00 PM,2,76,58,11,7,50,2,0
2026-08-12,Wednesday,R9,4:00 PM,2,24,17,5,2,50,1,0
2026-08-12,Wednesday,R10,4:00 PM,2,51,38,9,4,50,1,0
2026-08-12,Wednesday,R1,6:00 PM,2,39,28,6,5,50,1,0
2026-08-12,Wednesday,R2,6:00 PM,2,27,20,6,1,50,1,0
2026-08-12,Wednesday,R3,6:00 PM,2,43,33,8,2,50,1,0
2026-08-12,Wednesday,R4,6:00 PM,2,21,14,4,3,50,1,0
2026-08-12,Wednesday,R5,6:00 PM,2,29,20,7,2,50,1,0
2026-08-12,Wednesday,R6,6:00 PM,2,36,24,9,3,50,1,0
2026-08-12,Wednesday,R7,6:00 PM,2,17,12,4,1,50,1,0
2026-08-12,Wednesday,R8,6:00 PM,2,46,31,12,3,50,1,0
2026-08-12,Wednesday,R9,6:00 PM,2,21,14,6,1,50,1,0
2026-08-12,Wednesday,R10,6:00 PM,2,39,27,7,5,50,1,0
2026-08-13,Thursday,R1,7:00 AM,1,68,43,18,7,50,1,0
2026-08-13,Thursday,R2,7:00 AM,1,59,44,11,4,50,1,0
2026-08-13,Thursday,R3,7:00 AM,1,79,54,18,7,50,2,0
2026-08-13,Thursday,R4,7:00 AM,1,45,39,4,2,50,1,0
2026-08-13,Thursday,R5,7:00 AM,1,64,43,15,6,50,1,0
2026-08-13,Thursday,R6,7:00 AM,1,81,57,20,4,50,2,0
2026-08-13,Thursday,R7,7:00 AM,1,55,37,13,5,50,1,0
2026-08-13,Thursday,R8,7:00 AM,1,103,61,32,10,50,2,0
2026-08-13,Thursday,R9,7:00 AM,1,35,24,8,3,50,1,0
2026-08-13,Thursday,R10,7:00 AM,1,72,46,20,6,50,1,0
2026-08-13,Thursday,R1,11:00 AM,1,32,22,8,2,50,1,0
2026-08-13,Thursday,R2,11:00 AM,1,34,22,9,3,50,1,0
2026-08-13,Thursday,R3,11:00 AM,1,59,41,12,6,50,1,0
2026-08-13,Thursday,R4,11:00 AM,1,27,18,6,3,50,1,0
2026-08-13,Thursday,R5,11:00 AM,1,36,27,7,2,50,1,0
2026-08-13,Thursday,R6,11:00 AM,1,46,30,11,5,50,1,0
2026-08-13,Thursday,R7,11:00 AM,1,31,23,6,2,50,1,0
2026-08-13,Thursday,R8,11:00 AM,1,60,37,17,6,50,1,0
2026-08-13,Thursday,R9,11:00 AM,1,24,17,5,2,50,1,0
2026-08-13,Thursday,R10,11:00 AM,1,39,28,8,3,50,1,0
2026-08-13,Thursday,R1,1:00 PM,2,60,42,13,5,50,1,0
2026-08-13,Thursday,R2,1:00 PM,2,45,29,12,4,50,1,0
2026-08-13,Thursday,R3,1:00 PM,2,77,59,14,4,50,2,0
2026-08-13,Thursday,R4,1:00 PM,2,41,29,10,2,50,1,0
2026-08-13,Thursday,R5,1:00 PM,2,59,38,16,5,50,1,0
2026-08-13,Thursday,R6,1:00 PM,2,76,55,18,3,50,2,0
2026-08-13,Thursday,R7,1:00 PM,2,44,31,10,3,50,1,0
2026-08-13,Thursday,R8,1:00 PM,2,90,69,12,9,50,2,0
2026-08-13,Thursday,R9,1:00 PM,2,29,22,5,2,50,1,0
2026-08-13,Thursday,R10,1:00 PM,2,64,45,15,4,50,1,0
2026-08-13,Thursday,R1,4:00 PM,2,48,36,8,4,50,1,0
2026-08-13,Thursday,R2,4:00 PM,2,44,30,10,4,50,1,0
2026-08-13,Thursday,R3,4:00 PM,2,74,54,14,6,50,2,0
2026-08-13,Thursday,R4,4:00 PM,2,38,26,11,1,50,1,0
2026-08-13,Thursday,R5,4:00 PM,2,49,33,11,5,50,1,0
2026-08-13,Thursday,R6,4:00 PM,2,54,41,10,3,50,1,0
2026-08-13,Thursday,R7,4:00 PM,2,35,24,9,2,50,1,0
2026-08-13,Thursday,R8,4:00 PM,2,70,54,9,7,50,2,0
2026-08-13,Thursday,R9,4:00 PM,2,30,22,6,2,50,1,0
2026-08-13,Thursday,R10,4:00 PM,2,55,34,16,5,50,1,0
2026-08-13,Thursday,R1,6:00 PM,2,32,26,4,2,50,1,0
2026-08-13,Thursday,R2,6:00 PM,2,28,21,5,2,50,1,0
2026-08-13,Thursday,R3,6:00 PM,2,44,35,7,2,50,1,0
2026-08-13,Thursday,R4,6:00 PM,2,26,16,7,3,50,1,0
2026-08-13,Thursday,R5,6:00 PM,2,34,23,7,4,50,1,0
2026-08-13,Thursday,R6,6:00 PM,2,39,27,9,3,50,1,0
2026-08-13,Thursday,R7,6:00 PM,2,16,10,5,1,50,1,0
2026-08-13,Thursday,R8,6:00 PM,2,52,37,11,4,50,1,0
2026-08-13,Thursday,R9,6:00 PM,2,16,11,4,1,50,1,0
2026-08-13,Thursday,R10,6:00 PM,2,37,25,9,3,50,1,0
2026-08-14,Friday,R1,7:00 AM,1,74,57,13,4,50,2,0
2026-08-14,Friday,R2,7:00 AM,1,59,42,15,2,50,1,0
2026-08-14,Friday,R3,7:00 AM,1,99,73,19,7,50,2,0
2026-08-14,Friday,R4,7:00 AM,1,40,29,7,4,50,1,0
2026-08-14,Friday,R5,7:00 AM,1,68,49,14,5,50,1,0
2026-08-14,Friday,R6,7:00 AM,1,85,57,21,7,50,2,0
2026-08-14,Friday,R7,7:00 AM,1,57,37,15,5,50,1,0
2026-08-14,Friday,R8,7:00 AM,1,105,69,27,9,50,2,0
2026-08-14,Friday,R9,7:00 AM,1,41,28,11,2,50,1,0
2026-08-14,Friday,R10,7:00 AM,1,69,49,13,7,50,1,0
2026-08-14,Friday,R1,11:00 AM,1,35,24,8,3,50,1,0
2026-08-14,Friday,R2,11:00 AM,1,35,25,8,2,50,1,0
2026-08-14,Friday,R3,11:00 AM,1,48,37,8,3,50,1,0
2026-08-14,Friday,R4,11:00 AM,1,24,17,4,3,50,1,0
2026-08-14,Friday,R5,11:00 AM,1,33,20,9,4,50,1,0
2026-08-14,Friday,R6,11:00 AM,1,48,35,9,4,50,1,0
2026-08-14,Friday,R7,11:00 AM,1,25,16,7,2,50,1,0
2026-08-14,Friday,R8,11:00 AM,1,56,45,9,2,50,1,0
2026-08-14,Friday,R9,11:00 AM,1,18,12,5,1,50,1,0
2026-08-14,Friday,R10,11:00 AM,1,41,26,10,5,50,1,0
2026-08-14,Friday,R1,1:00 PM,2,65,52,11,2,50,2,0
2026-08-14,Friday,R2,1:00 PM,2,57,33,19,5,50,1,0
2026-08-14,Friday,R3,1:00 PM,2,70,46,19,5,50,1,0
2026-08-14,Friday,R4,1:00 PM,2,37,24,10,3,50,1,0
2026-08-14,Friday,R5,1:00 PM,2,50,35,10,5,50,1,0
2026-08-14,Friday,R6,1:00 PM,2,70,47,16,7,50,1,0
2026-08-14,Friday,R7,1:00 PM,2,41,31,9,1,50,1,0
2026-08-14,Friday,R8,1:00 PM,2,83,56,21,6,50,2,0
2026-08-14,Friday,R9,1:00 PM,2,30,22,5,3,50,1,0
2026-08-14,Friday,R10,1:00 PM,2,65,46,17,2,50,1,0
2026-08-14,Friday,R1,4:00 PM,2,50,36,10,4,50,1,0
2026-08-14,Friday,R2,4:00 PM,2,39,27,8,4,50,1,0
2026-08-14,Friday,R3,4:00 PM,2,56,34,17,5,50,1,0
2026-08-14,Friday,R4,4:00 PM,2,31,22,8,1,50,1,0
2026-08-14,Friday,R5,4:00 PM,2,45,30,10,5,50,1,0
2026-08-14,Friday,R6,4:00 PM,2,57,39,14,4,50,1,0
2026-08-14,Friday,R7,4:00 PM,2,38,22,12,4,50,1,0
2026-08-14,Friday,R8,4:00 PM,2,73,47,19,7,50,1,0
2026-08-14,Friday,R9,4:00 PM,2,28,17,8,3,50,1,0
2026-08-14,Friday,R10,4:00 PM,2,53,36,13,4,50,1,0
2026-08-14,Friday,R1,6:00 PM,2,32,23,7,2,50,1,0
2026-08-14,Friday,R2,6:00 PM,2,23,16,6,1,50,1,0
2026-08-14,Friday,R3,6:00 PM,2,56,35,17,4,50,1,0
2026-08-14,Friday,R4,6:00 PM,2,22,16,5,1,50,1,0
2026-08-14,Friday,R5,6:00 PM,2,33,23,7,3,50,1,0
2026-08-14,Friday,R6,6:00 PM,2,40,31,6,3,50,1,0
2026-08-14,Friday,R7,6:00 PM,2,25,17,6,2,50,1,0
2026-08-14,Friday,R8,6:00 PM,2,55,39,11,5,50,1,0
2026-08-14,Friday,R9,6:00 PM,2,22,15,5,2,50,1,0
2026-08-14,Friday,R10,6:00 PM,2,36,23,10,3,50,1,0
2026-08-15,Saturday,R1,7:00 AM,1,29,21,6,2,50,1,1
2026-08-15,Saturday,R2,7:00 AM,1,22,15,5,2,50,1,1
2026-08-15,Saturday,R3,7:00 AM,1,25,17,6,2,50,1,1
2026-08-15,Saturday,R4,7:00 AM,1,13,9,3,1,50,1,1
2026-08-15,Saturday,R5,7:00 AM,1,24,18,4,2,50,1,1
2026-08-15,Saturday,R6,7:00 AM,1,33,22,8,3,50,1,1
2026-08-15,Saturday,R7,7:00 AM,1,21,12,6,3,50,1,1
2026-08-15,Saturday,R8,7:00 AM,1,35,26,6,3,50,1,1
2026-08-15,Saturday,R9,7:00 AM,1,15,9,4,2,50,1,1
2026-08-15,Saturday,R10,7:00 AM,1,27,19,7,1,50,1,1
2026-08-15,Saturday,R1,11:00 AM,1,20,15,4,1,50,1,1
2026-08-15,Saturday,R2,11:00 AM,1,10,7,2,1,50,1,1
2026-08-15,Saturday,R3,11:00 AM,1,17,13,3,1,50,1,1
2026-08-15,Saturday,R4,11:00 AM,1,15,9,4,2,50,1,1
2026-08-15,Saturday,R5,11:00 AM,1,17,11,5,1,50,1,1
2026-08-15,Saturday,R6,11:00 AM,1,12,9,2,1,50,1,1
2026-08-15,Saturday,R7,11:00 AM,1,9,6,2,1,50,1,1
2026-08-15,Saturday,R8,11:00 AM,1,20,15,4,1,50,1,1
2026-08-15,Saturday,R9,11:00 AM,1,4,3,1,0,50,1,1
2026-08-15,Saturday,R10,11:00 AM,1,11,8,2,1,50,1,1
2026-08-15,Saturday,R1,1:00 PM,2,20,16,3,1,50,1,1
2026-08-15,Saturday,R2,1:00 PM,2,13,9,3,1,50,1,1
2026-08-15,Saturday,R3,1:00 PM,2,30,21,7,2,50,1,1
2026-08-15,Saturday,R4,1:00 PM,2,11,7,3,1,50,1,1
2026-08-15,Saturday,R5,1:00 PM,2,20,12,6,2,50,1,1
2026-08-15,Saturday,R6,1:00 PM,2,26,17,6,3,50,1,1
2026-08-15,Saturday,R7,1:00 PM,2,13,9,3,1,50,1,1
2026-08-15,Saturday,R8,1:00 PM,2,31,20,8,3,50,1,1
2026-08-15,Saturday,R9,1:00 PM,2,7,5,1,1,50,1,1
2026-08-15,Saturday,R10,1:00 PM,2,20,10,8,2,50,1,1
2026-08-15,Saturday,R1,4:00 PM,2,17,13,3,1,50,1,1
2026-08-15,Saturday,R2,4:00 PM,2,14,10,3,1,50,1,1
2026-08-15,Saturday,R3,4:00 PM,2,22,13,6,3,50,1,1
2026-08-15,Saturday,R4,4:00 PM,2,12,9,2,1,50,1,1
2026-08-15,Saturday,R5,4:00 PM,2,21,13,6,2,50,1,1
2026-08-15,Saturday,R6,4:00 PM,2,24,17,5,2,50,1,1
2026-08-15,Saturday,R7,4:00 PM,2,11,7,3,1,50,1,1
2026-08-15,Saturday,R8,4:00 PM,2,24,18,4,2,50,1,1
2026-08-15,Saturday,R9,4:00 PM,2,9,6,2,1,50,1,1
2026-08-15,Saturday,R10,4:00 PM,2,24,17,4,3,50,1,1
2026-08-15,Saturday,R1,6:00 PM,2,10,8,1,1,50,1,1
2026-08-15,Saturday,R2,6:00 PM,2,9,8,1,0,50,1,1
2026-08-15,Saturday,R3,6:00 PM,2,16,10,4,2,50,1,1
2026-08-15,Saturday,R4,6:00 PM,2,8,5,2,1,50,1,1
2026-08-15,Saturday,R5,6:00 PM,2,7,5,1,1,50,1,1
2026-08-15,Saturday,R6,6:00 PM,2,13,9,3,1,50,1,1
2026-08-15,Saturday,R7,6:00 PM,2,11,8,2,1,50,1,1
2026-08-15,Saturday,R8,6:00 PM,2,19,13,5,1,50,1,1
2026-08-15,Saturday,R9,6:00 PM,2,4,3,1,0,50,1,1
2026-08-15,Saturday,R10,6:00 PM,2,10,7,2,1,50,1,1
2026-08-16,Sunday,R1,7:00 AM,1,25,18,5,2,50,1,1
2026-08-16,Sunday,R2,7:00 AM,1,17,11,4,2,50,1,1
2026-08-16,Sunday,R3,7:00 AM,1,31,20,9,2,50,1,1
2026-08-16,Sunday,R4,7:00 AM,1,20,15,4,1,50,1,1
2026-08-16,Sunday,R5,7:00 AM,1,25,17,6,2,50,1,1
2026-08-16,Sunday,R6,7:00 AM,1,27,19,6,2,50,1,1
2026-08-16,Sunday,R7,7:00 AM,1,17,12,4,1,50,1,1
2026-08-16,Sunday,R8,7:00 AM,1,39,28,8,3,50,1,1
2026-08-16,Sunday,R9,7:00 AM,1,10,8,2,0,50,1,1
2026-08-16,Sunday,R10,7:00 AM,1,25,18,5,2,50,1,1
2026-08-16,Sunday,R1,11:00 AM,1,13,10,3,0,50,1,1
2026-08-16,Sunday,R2,11:00 AM,1,11,9,1,1,50,1,1
2026-08-16,Sunday,R3,11:00 AM,1,18,11,5,2,50,1,1
2026-08-16,Sunday,R4,11:00 AM,1,9,6,2,1,50,1,1
2026-08-16,Sunday,R5,11:00 AM,1,11,8,3,0,50,1,1
2026-08-16,Sunday,R6,11:00 AM,1,18,12,4,2,50,1,1
2026-08-16,Sunday,R7,11:00 AM,1,13,10,2,1,50,1,1
2026-08-16,Sunday,R8,11:00 AM,1,18,15,2,1,50,1,1
2026-08-16,Sunday,R9,11:00 AM,1,15,9,4,2,50,1,1
2026-08-16,Sunday,R10,11:00 AM,1,17,13,3,1,50,1,1
2026-08-16,Sunday,R1,1:00 PM,2,22,16,5,1,50,1,1
2026-08-16,Sunday,R2,1:00 PM,2,12,6,5,1,50,1,1
2026-08-16,Sunday,R3,1:00 PM,2,26,18,6,2,50,1,1
2026-08-16,Sunday,R4,1:00 PM,2,13,8,4,1,50,1,1
2026-08-16,Sunday,R5,1:00 PM,2,16,12,3,1,50,1,1
2026-08-16,Sunday,R6,1:00 PM,2,28,18,8,2,50,1,1
2026-08-16,Sunday,R7,1:00 PM,2,11,8,2,1,50,1,1
2026-08-16,Sunday,R8,1:00 PM,2,31,23,6,2,50,1,1
2026-08-16,Sunday,R9,1:00 PM,2,9,7,2,0,50,1,1
2026-08-16,Sunday,R10,1:00 PM,2,19,13,4,2,50,1,1
2026-08-16,Sunday,R1,4:00 PM,2,15,11,3,1,50,1,1
2026-08-16,Sunday,R2,4:00 PM,2,18,12,5,1,50,1,1
2026-08-16,Sunday,R3,4:00 PM,2,22,16,4,2,50,1,1
2026-08-16,Sunday,R4,4:00 PM,2,10,7,2,1,50,1,1
2026-08-16,Sunday,R5,4:00 PM,2,18,11,5,2,50,1,1
2026-08-16,Sunday,R6,4:00 PM,2,20,14,5,1,50,1,1
2026-08-16,Sunday,R7,4:00 PM,2,16,10,4,2,50,1,1
2026-08-16,Sunday,R8,4:00 PM,2,26,20,5,1,50,1,1
2026-08-16,Sunday,R9,4:00 PM,2,9,5,3,1,50,1,1
2026-08-16,Sunday,R10,4:00 PM,2,21,13,6,2,50,1,1
2026-08-16,Sunday,R1,6:00 PM,2,16,14,1,1,50,1,1
2026-08-16,Sunday,R2,6:00 PM,2,7,5,1,1,50,1,1
2026-08-16,Sunday,R3,6:00 PM,2,17,11,4,2,50,1,1
2026-08-16,Sunday,R4,6:00 PM,2,5,4,1,0,50,1,1
2026-08-16,Sunday,R5,6:00 PM,2,10,8,1,1,50,1,1
2026-08-16,Sunday,R6,6:00 PM,2,18,11,5,2,50,1,1
2026-08-16,Sunday,R7,6:00 PM,2,11,7,3,1,50,1,1
2026-08-16,Sunday,R8,6:00 PM,2,21,14,5,2,50,1,1
2026-08-16,Sunday,R9,6:00 PM,2,7,4,2,1,50,1,1
2026-08-16,Sunday,R10,6:00 PM,2,8,6,2,0,50,1,1
2026-08-17,Monday,R1,7:00 AM,1,79,53,17,9,50,2,0
2026-08-17,Monday,R2,7:00 AM,1,63,42,15,6,50,1,0
2026-08-17,Monday,R3,7:00 AM,1,98,78,12,8,50,2,0
2026-08-17,Monday,R4,7:00 AM,1,41,30,9,2,50,1,0
2026-08-17,Monday,R5,7:00 AM,1,62,36,19,7,50,1,0
2026-08-17,Monday,R6,7:00 AM,1,82,57,19,6,50,2,0
2026-08-17,Monday,R7,7:00 AM,1,54,38,10,6,50,1,0
2026-08-17,Monday,R8,7:00 AM,1,103,75,20,8,50,2,0
2026-08-17,Monday,R9,7:00 AM,1,36,25,9,2,50,1,0
2026-08-17,Monday,R10,7:00 AM,1,79,52,22,5,50,2,0
2026-08-17,Monday,R1,11:00 AM,1,39,27,9,3,50,1,0
2026-08-17,Monday,R2,11:00 AM,1,33,21,8,4,50,1,0
2026-08-17,Monday,R3,11:00 AM,1,50,37,9,4,50,1,0
2026-08-17,Monday,R4,11:00 AM,1,22,16,5,1,50,1,0
2026-08-17,Monday,R5,11:00 AM,1,44,27,13,4,50,1,0
2026-08-17,Monday,R6,11:00 AM,1,48,34,7,7,50,1,0
2026-08-17,Monday,R7,11:00 AM,1,27,20,6,1,50,1,0
2026-08-17,Monday,R8,11:00 AM,1,60,45,10,5,50,1,0
2026-08-17,Monday,R9,11:00 AM,1,19,15,3,1,50,1,0
2026-08-17,Monday,R10,11:00 AM,1,43,33,7,3,50,1,0
2026-08-17,Monday,R1,1:00 PM,2,62,34,22,6,50,1,0
2026-08-17,Monday,R2,1:00 PM,2,44,31,9,4,50,1,0
2026-08-17,Monday,R3,1:00 PM,2,76,50,20,6,50,1,0
2026-08-17,Monday,R4,1:00 PM,2,40,27,8,5,50,1,0
2026-08-17,Monday,R5,1:00 PM,2,55,39,9,7,50,1,0
2026-08-17,Monday,R6,1:00 PM,2,57,43,10,4,50,1,0
2026-08-17,Monday,R7,1:00 PM,2,51,29,16,6,50,1,0
2026-08-17,Monday,R8,1:00 PM,2,84,48,29,7,50,1,0
2026-08-17,Monday,R9,1:00 PM,2,34,23,8,3,50,1,0
2026-08-17,Monday,R10,1:00 PM,2,61,42,13,6,50,1,0
2026-08-17,Monday,R1,4:00 PM,2,52,35,11,6,50,1,0
2026-08-17,Monday,R2,4:00 PM,2,31,20,8,3,50,1,0
2026-08-17,Monday,R3,4:00 PM,2,73,51,16,6,50,2,0
2026-08-17,Monday,R4,4:00 PM,2,34,22,10,2,50,1,0
2026-08-17,Monday,R5,4:00 PM,2,49,33,15,1,50,1,0
2026-08-17,Monday,R6,4:00 PM,2,54,32,16,6,50,1,0
2026-08-17,Monday,R7,4:00 PM,2,38,28,8,2,50,1,0
2026-08-17,Monday,R8,4:00 PM,2,70,44,21,5,50,1,0
2026-08-17,Monday,R9,4:00 PM,2,27,19,5,3,50,1,0
2026-08-17,Monday,R10,4:00 PM,2,51,38,11,2,50,1,0
2026-08-17,Monday,R1,6:00 PM,2,30,22,7,1,50,1,0
2026-08-17,Monday,R2,6:00 PM,2,34,28,4,2,50,1,0
2026-08-17,Monday,R3,6:00 PM,2,46,35,9,2,50,1,0
2026-08-17,Monday,R4,6:00 PM,2,19,15,3,1,50,1,0
2026-08-17,Monday,R5,6:00 PM,2,38,25,9,4,50,1,0
2026-08-17,Monday,R6,6:00 PM,2,41,29,11,1,50,1,0
2026-08-17,Monday,R7,6:00 PM,2,24,15,7,2,50,1,0
2026-08-17,Monday,R8,6:00 PM,2,58,37,17,4,50,1,0
2026-08-17,Monday,R9,6:00 PM,2,17,13,3,1,50,1,0
2026-08-17,Monday,R10,6:00 PM,2,33,24,8,1,50,1,0
2026-08-18,Tuesday,R1,7:00 AM,1,75,53,19,3,50,2,0
2026-08-18,Tuesday,R2,7:00 AM,1,65,43,16,6,50,1,0
2026-08-18,Tuesday,R3,7:00 AM,1,89,57,22,10,50,2,0
2026-08-18,Tuesday,R4,7:00 AM,1,45,27,14,4,50,1,0
2026-08-18,Tuesday,R5,7:00 AM,1,74,50,17,7,50,1,0
2026-08-18,Tuesday,R6,7:00 AM,1,71,50,17,4,50,1,0
2026-08-18,Tuesday,R7,7:00 AM,1,48,29,15,4,50,1,0
2026-08-18,Tuesday,R8,7:00 AM,1,97,72,20,5,50,2,0
2026-08-18,Tuesday,R9,7:00 AM,1,42,30,8,4,50,1,0
2026-08-18,Tuesday,R10,7:00 AM,1,84,60,16,8,50,2,0
2026-08-18,Tuesday,R1,11:00 AM,1,36,20,12,4,50,1,0
2026-08-18,Tuesday,R2,11:00 AM,1,31,23,6,2,50,1,0
2026-08-18,Tuesday,R3,11:00 AM,1,51,32,16,3,50,1,0
2026-08-18,Tuesday,R4,11:00 AM,1,25,18,5,2,50,1,0
2026-08-18,Tuesday,R5,11:00 AM,1,37,25,8,4,50,1,0
2026-08-18,Tuesday,R6,11:00 AM,1,47,35,11,1,50,1,0
2026-08-18,Tuesday,R7,11:00 AM,1,29,22,4,3,50,1,0
2026-08-18,Tuesday,R8,11:00 AM,1,65,49,11,5,50,1,0
2026-08-18,Tuesday,R9,11:00 AM,1,19,12,5,2,50,1,0
2026-08-18,Tuesday,R10,11:00 AM,1,48,32,12,4,50,1,0
2026-08-18,Tuesday,R1,1:00 PM,2,59,42,15,2,50,1,0
2026-08-18,Tuesday,R2,1:00 PM,2,48,33,10,5,50,1,0
2026-08-18,Tuesday,R3,1:00 PM,2,77,58,13,6,50,2,0
2026-08-18,Tuesday,R4,1:00 PM,2,34,27,4,3,50,1,0
2026-08-18,Tuesday,R5,1:00 PM,2,58,37,14,7,50,1,0
2026-08-18,Tuesday,R6,1:00 PM,2,64,49,10,5,50,1,0
2026-08-18,Tuesday,R7,1:00 PM,2,41,31,7,3,50,1,0
2026-08-18,Tuesday,R8,1:00 PM,2,82,65,11,6,50,2,0
2026-08-18,Tuesday,R9,1:00 PM,2,28,20,6,2,50,1,0
2026-08-18,Tuesday,R10,1:00 PM,2,68,41,20,7,50,1,0
2026-08-18,Tuesday,R1,4:00 PM,2,44,26,13,5,50,1,0
2026-08-18,Tuesday,R2,4:00 PM,2,41,26,12,3,50,1,0
2026-08-18,Tuesday,R3,4:00 PM,2,57,40,10,7,50,1,0
2026-08-18,Tuesday,R4,4:00 PM,2,27,19,6,2,50,1,0
2026-08-18,Tuesday,R5,4:00 PM,2,46,33,9,4,50,1,0
2026-08-18,Tuesday,R6,4:00 PM,2,55,42,8,5,50,1,0
2026-08-18,Tuesday,R7,4:00 PM,2,40,27,11,2,50,1,0
2026-08-18,Tuesday,R8,4:00 PM,2,66,44,14,8,50,1,0
2026-08-18,Tuesday,R9,4:00 PM,2,29,19,7,3,50,1,0
2026-08-18,Tuesday,R10,4:00 PM,2,55,38,12,5,50,1,0
2026-08-18,Tuesday,R1,6:00 PM,2,33,25,5,3,50,1,0
2026-08-18,Tuesday,R2,6:00 PM,2,32,24,5,3,50,1,0
2026-08-18,Tuesday,R3,6:00 PM,2,52,38,11,3,50,1,0
2026-08-18,Tuesday,R4,6:00 PM,2,22,17,4,1,50,1,0
2026-08-18,Tuesday,R5,6:00 PM,2,34,28,5,1,50,1,0
2026-08-18,Tuesday,R6,6:00 PM,2,39,27,9,3,50,1,0
2026-08-18,Tuesday,R7,6:00 PM,2,31,21,7,3,50,1,0
2026-08-18,Tuesday,R8,6:00 PM,2,46,31,12,3,50,1,0
2026-08-18,Tuesday,R9,6:00 PM,2,18,12,4,2,50,1,0
2026-08-18,Tuesday,R10,6:00 PM,2,33,28,3,2,50,1,0
2026-08-19,Wednesday,R1,7:00 AM,1,75,50,17,8,50,1,0
2026-08-19,Wednesday,R2,7:00 AM,1,60,46,12,2,50,1,0
2026-08-19,Wednesday,R3,7:00 AM,1,93,61,25,7,50,2,0
2026-08-19,Wednesday,R4,7:00 AM,1,45,32,11,2,50,1,0
2026-08-19,Wednesday,R5,7:00 AM,1,71,45,21,5,50,1,0
2026-08-19,Wednesday,R6,7:00 AM,1,75,57,16,2,50,2,0
2026-08-19,Wednesday,R7,7:00 AM,1,53,34,13,6,50,1,0
2026-08-19,Wednesday,R8,7:00 AM,1,103,72,25,6,50,2,0
2026-08-19,Wednesday,R9,7:00 AM,1,37,29,5,3,50,1,0
2026-08-19,Wednesday,R10,7:00 AM,1,74,52,17,5,50,2,0
2026-08-19,Wednesday,R1,11:00 AM,1,40,29,8,3,50,1,0
2026-08-19,Wednesday,R2,11:00 AM,1,32,22,7,3,50,1,0
2026-08-19,Wednesday,R3,11:00 AM,1,52,37,11,4,50,1,0
2026-08-19,Wednesday,R4,11:00 AM,1,23,15,5,3,50,1,0
2026-08-19,Wednesday,R5,11:00 AM,1,35,26,7,2,50,1,0
2026-08-19,Wednesday,R6,11:00 AM,1,44,31,9,4,50,1,0
2026-08-19,Wednesday,R7,11:00 AM,1,23,15,6,2,50,1,0
2026-08-19,Wednesday,R8,11:00 AM,1,52,43,6,3,50,1,0
2026-08-19,Wednesday,R9,11:00 AM,1,20,11,7,2,50,1,0
2026-08-19,Wednesday,R10,11:00 AM,1,36,26,7,3,50,1,0
2026-08-19,Wednesday,R1,1:00 PM,2,60,46,9,5,50,1,0
2026-08-19,Wednesday,R2,1:00 PM,2,45,34,7,4,50,1,0
2026-08-19,Wednesday,R3,1:00 PM,2,83,53,22,8,50,2,0
2026-08-19,Wednesday,R4,1:00 PM,2,35,23,9,3,50,1,0
2026-08-19,Wednesday,R5,1:00 PM,2,56,41,11,4,50,1,0
2026-08-19,Wednesday,R6,1:00 PM,2,68,39,23,6,50,1,0
2026-08-19,Wednesday,R7,1:00 PM,2,41,31,7,3,50,1,0
2026-08-19,Wednesday,R8,1:00 PM,2,101,71,20,10,50,2,0
2026-08-19,Wednesday,R9,1:00 PM,2,30,20,7,3,50,1,0
2026-08-19,Wednesday,R10,1:00 PM,2,59,41,11,7,50,1,0
2026-08-19,Wednesday,R1,4:00 PM,2,54,35,14,5,50,1,0
2026-08-19,Wednesday,R2,4:00 PM,2,42,26,13,3,50,1,0
2026-08-19,Wednesday,R3,4:00 PM,2,70,56,10,4,50,2,0
2026-08-19,Wednesday,R4,4:00 PM,2,28,19,8,1,50,1,0
2026-08-19,Wednesday,R5,4:00 PM,2,46,39,4,3,50,1,0
2026-08-19,Wednesday,R6,4:00 PM,2,55,34,16,5,50,1,0
2026-08-19,Wednesday,R7,4:00 PM,2,34,22,9,3,50,1,0
2026-08-19,Wednesday,R8,4:00 PM,2,74,58,12,4,50,2,0
2026-08-19,Wednesday,R9,4:00 PM,2,24,17,5,2,50,1,0
2026-08-19,Wednesday,R10,4:00 PM,2,60,44,14,2,50,1,0
2026-08-19,Wednesday,R1,6:00 PM,2,35,28,5,2,50,1,0
2026-08-19,Wednesday,R2,6:00 PM,2,25,19,5,1,50,1,0
2026-08-19,Wednesday,R3,6:00 PM,2,46,35,7,4,50,1,0
2026-08-19,Wednesday,R4,6:00 PM,2,28,22,4,2,50,1,0
2026-08-19,Wednesday,R5,6:00 PM,2,25,18,5,2,50,1,0
2026-08-19,Wednesday,R6,6:00 PM,2,42,29,9,4,50,1,0
2026-08-19,Wednesday,R7,6:00 PM,2,33,21,10,2,50,1,0
2026-08-19,Wednesday,R8,6:00 PM,2,45,33,9,3,50,1,0
2026-08-19,Wednesday,R9,6:00 PM,2,20,15,3,2,50,1,0
2026-08-19,Wednesday,R10,6:00 PM,2,39,29,8,2,50,1,0
2026-08-20,Thursday,R1,7:00 AM,1,79,63,10,6,50,2,0
2026-08-20,Thursday,R2,7:00 AM,1,58,40,13,5,50,1,0
2026-08-20,Thursday,R3,7:00 AM,1,100,71,22,7,50,2,0
2026-08-20,Thursday,R4,7:00 AM,1,44,32,8,4,50,1,0
2026-08-20,Thursday,R5,7:00 AM,1,64,42,17,5,50,1,0
2026-08-20,Thursday,R6,7:00 AM,1,79,54,20,5,50,2,0
2026-08-20,Thursday,R7,7:00 AM,1,55,38,13,4,50,1,0
2026-08-20,Thursday,R8,7:00 AM,1,109,70,27,12,50,2,0
2026-08-20,Thursday,R9,7:00 AM,1,41,29,10,2,50,1,0
2026-08-20,Thursday,R10,7:00 AM,1,91,68,14,9,50,2,0
2026-08-20,Thursday,R1,11:00 AM,1,41,31,7,3,50,1,0
2026-08-20,Thursday,R2,11:00 AM,1,32,21,9,2,50,1,0
2026-08-20,Thursday,R3,11:00 AM,1,51,40,5,6,50,1,0
2026-08-20,Thursday,R4,11:00 AM,1,22,15,5,2,50,1,0
2026-08-20,Thursday,R5,11:00 AM,1,37,22,10,5,50,1,0
2026-08-20,Thursday,R6,11:00 AM,1,46,30,12,4,50,1,0
2026-08-20,Thursday,R7,11:00 AM,1,32,23,6,3,50,1,0
2026-08-20,Thursday,R8,11:00 AM,1,63,42,17,4,50,1,0
2026-08-20,Thursday,R9,11:00 AM,1,20,14,5,1,50,1,0
2026-08-20,Thursday,R10,11:00 AM,1,47,33,10,4,50,1,0
2026-08-20,Thursday,R1,1:00 PM,2,56,43,9,4,50,1,0
2026-08-20,Thursday,R2,1:00 PM,2,48,32,12,4,50,1,0
2026-08-20,Thursday,R3,1:00 PM,2,80,57,16,7,50,2,0
2026-08-20,Thursday,R4,1:00 PM,2,41,27,10,4,50,1,0
2026-08-20,Thursday,R5,1:00 PM,2,57,46,8,3,50,1,0
2026-08-20,Thursday,R6,1:00 PM,2,70,49,15,6,50,1,0
2026-08-20,Thursday,R7,1:00 PM,2,48,31,12,5,50,1,0
2026-08-20,Thursday,R8,1:00 PM,2,87,64,16,7,50,2,0
2026-08-20,Thursday,R9,1:00 PM,2,29,17,9,3,50,1,0
2026-08-20,Thursday,R10,1:00 PM,2,65,45,18,2,50,1,0
2026-08-20,Thursday,R1,4:00 PM,2,53,41,8,4,50,1,0
2026-08-20,Thursday,R2,4:00 PM,2,40,27,10,3,50,1,0
2026-08-20,Thursday,R3,4:00 PM,2,74,53,14,7,50,2,0
2026-08-20,Thursday,R4,4:00 PM,2,32,26,4,2,50,1,0
2026-08-20,Thursday,R5,4:00 PM,2,47,30,13,4,50,1,0
2026-08-20,Thursday,R6,4:00 PM,2,52,34,11,7,50,1,0
2026-08-20,Thursday,R7,4:00 PM,2,37,26,8,3,50,1,0
2026-08-20,Thursday,R8,4:00 PM,2,78,56,15,7,50,2,0
2026-08-20,Thursday,R9,4:00 PM,2,26,17,7,2,50,1,0
2026-08-20,Thursday,R10,4:00 PM,2,55,42,10,3,50,1,0
2026-08-20,Thursday,R1,6:00 PM,2,37,26,8,3,50,1,0
2026-08-20,Thursday,R2,6:00 PM,2,27,18,7,2,50,1,0
2026-08-20,Thursday,R3,6:00 PM,2,45,28,12,5,50,1,0
2026-08-20,Thursday,R4,6:00 PM,2,20,12,6,2,50,1,0
2026-08-20,Thursday,R5,6:00 PM,2,30,21,7,2,50,1,0
2026-08-20,Thursday,R6,6:00 PM,2,41,29,9,3,50,1,0
2026-08-20,Thursday,R7,6:00 PM,2,22,15,6,1,50,1,0
2026-08-20,Thursday,R8,6:00 PM,2,46,29,11,6,50,1,0
2026-08-20,Thursday,R9,6:00 PM,2,17,11,4,2,50,1,0
2026-08-20,Thursday,R10,6:00 PM,2,39,29,8,2,50,1,0
2026-08-21,Friday,R1,7:00 AM,1,59,41,12,6,50,1,0
2026-08-21,Friday,R2,7:00 AM,1,53,36,14,3,50,1,0
2026-08-21,Friday,R3,7:00 AM,1,96,65,25,6,50,2,0
2026-08-21,Friday,R4,7:00 AM,1,46,33,9,4,50,1,0
2026-08-21,Friday,R5,7:00 AM,1,69,46,15,8,50,1,0
2026-08-21,Friday,R6,7:00 AM,1,86,63,16,7,50,2,0
2026-08-21,Friday,R7,7:00 AM,1,52,33,12,7,50,1,0
2026-08-21,Friday,R8,7:00 AM,1,108,88,13,7,50,2,0
2026-08-21,Friday,R9,7:00 AM,1,32,24,7,1,50,1,0
2026-08-21,Friday,R10,7:00 AM,1,71,55,10,6,50,2,0
2026-08-21,Friday,R1,11:00 AM,1,40,28,9,3,50,1,0
2026-08-21,Friday,R2,11:00 AM,1,28,17,7,4,50,1,0
2026-08-21,Friday,R3,11:00 AM,1,54,41,11,2,50,1,0
2026-08-21,Friday,R4,11:00 AM,1,22,15,5,2,50,1,0
2026-08-21,Friday,R5,11:00 AM,1,38,24,10,4,50,1,0
2026-08-21,Friday,R6,11:00 AM,1,47,34,9,4,50,1,0
2026-08-21,Friday,R7,11:00 AM,1,26,18,6,2,50,1,0
2026-08-21,Friday,R8,11:00 AM,1,66,50,10,6,50,1,0
2026-08-21,Friday,R9,11:00 AM,1,25,16,6,3,50,1,0
2026-08-21,Friday,R10,11:00 AM,1,44,29,13,2,50,1,0
2026-08-21,Friday,R1,1:00 PM,2,52,39,11,2,50,1,0
2026-08-21,Friday,R2,1:00 PM,2,52,33,15,4,50,1,0
2026-08-21,Friday,R3,1:00 PM,2,76,54,16,6,50,2,0
2026-08-21,Friday,R4,1:00 PM,2,37,25,9,3,50,1,0
2026-08-21,Friday,R5,1:00 PM,2,60,41,15,4,50,1,0
2026-08-21,Friday,R6,1:00 PM,2,74,57,11,6,50,2,0
2026-08-21,Friday,R7,1:00 PM,2,46,34,8,4,50,1,0
2026-08-21,Friday,R8,1:00 PM,2,90,67,16,7,50,2,0
2026-08-21,Friday,R9,1:00 PM,2,31,21,6,4,50,1,0
2026-08-21,Friday,R10,1:00 PM,2,59,39,16,4,50,1,0
2026-08-21,Friday,R1,4:00 PM,2,46,32,10,4,50,1,0
2026-08-21,Friday,R2,4:00 PM,2,44,24,13,7,50,1,0
2026-08-21,Friday,R3,4:00 PM,2,68,49,13,6,50,1,0
2026-08-21,Friday,R4,4:00 PM,2,31,22,8,1,50,1,0
2026-08-21,Friday,R5,4:00 PM,2,57,40,15,2,50,1,0
2026-08-21,Friday,R6,4:00 PM,2,54,34,14,6,50,1,0
2026-08-21,Friday,R7,4:00 PM,2,33,24,8,1,50,1,0
2026-08-21,Friday,R8,4:00 PM,2,73,48,20,5,50,1,0
2026-08-21,Friday,R9,4:00 PM,2,22,16,5,1,50,1,0
2026-08-21,Friday,R10,4:00 PM,2,56,43,10,3,50,1,0
2026-08-21,Friday,R1,6:00 PM,2,28,20,6,2,50,1,0
2026-08-21,Friday,R2,6:00 PM,2,24,15,6,3,50,1,0
2026-08-21,Friday,R3,6:00 PM,2,45,30,11,4,50,1,0
2026-08-21,Friday,R4,6:00 PM,2,18,11,6,1,50,1,0
2026-08-21,Friday,R5,6:00 PM,2,35,23,9,3,50,1,0
2026-08-21,Friday,R6,6:00 PM,2,41,29,10,2,50,1,0
2026-08-21,Friday,R7,6:00 PM,2,24,17,5,2,50,1,0
2026-08-21,Friday,R8,6:00 PM,2,45,28,12,5,50,1,0
2026-08-21,Friday,R9,6:00 PM,2,21,14,6,1,50,1,0
2026-08-21,Friday,R10,6:00 PM,2,35,26,6,3,50,1,0
2026-08-22,Saturday,R1,7:00 AM,1,26,17,6,3,50,1,1
2026-08-22,Saturday,R2,7:00 AM,1,22,17,4,1,50,1,1
2026-08-22,Saturday,R3,7:00 AM,1,35,22,10,3,50,1,1
2026-08-22,Saturday,R4,7:00 AM,1,21,13,6,2,50,1,1
2026-08-22,Saturday,R5,7:00 AM,1,21,17,3,1,50,1,1
2026-08-22,Saturday,R6,7:00 AM,1,31,18,10,3,50,1,1
2026-08-22,Saturday,R7,7:00 AM,1,22,15,5,2,50,1,1
2026-08-22,Saturday,R8,7:00 AM,1,39,31,5,3,50,1,1
2026-08-22,Saturday,R9,7:00 AM,1,16,11,4,1,50,1,1
2026-08-22,Saturday,R10,7:00 AM,1,19,14,4,1,50,1,1
2026-08-22,Saturday,R1,11:00 AM,1,11,8,2,1,50,1,1
2026-08-22,Saturday,R2,11:00 AM,1,13,11,1,1,50,1,1
2026-08-22,Saturday,R3,11:00 AM,1,17,11,4,2,50,1,1
2026-08-22,Saturday,R4,11:00 AM,1,10,7,2,1,50,1,1
2026-08-22,Saturday,R5,11:00 AM,1,11,7,3,1,50,1,1
2026-08-22,Saturday,R6,11:00 AM,1,18,13,4,1,50,1,1
2026-08-22,Saturday,R7,11:00 AM,1,8,6,1,1,50,1,1
2026-08-22,Saturday,R8,11:00 AM,1,19,16,2,1,50,1,1
2026-08-22,Saturday,R9,11:00 AM,1,10,7,2,1,50,1,1
2026-08-22,Saturday,R10,11:00 AM,1,15,11,3,1,50,1,1
2026-08-22,Saturday,R1,1:00 PM,2,25,16,7,2,50,1,1
2026-08-22,Saturday,R2,1:00 PM,2,15,10,4,1,50,1,1
2026-08-22,Saturday,R3,1:00 PM,2,27,17,7,3,50,1,1
2026-08-22,Saturday,R4,1:00 PM,2,15,10,4,1,50,1,1
2026-08-22,Saturday,R5,1:00 PM,2,21,16,4,1,50,1,1
2026-08-22,Saturday,R6,1:00 PM,2,24,18,5,1,50,1,1
2026-08-22,Saturday,R7,1:00 PM,2,16,11,4,1,50,1,1
2026-08-22,Saturday,R8,1:00 PM,2,37,27,7,3,50,1,1
2026-08-22,Saturday,R9,1:00 PM,2,10,7,2,1,50,1,1
2026-08-22,Saturday,R10,1:00 PM,2,18,14,3,1,50,1,1
2026-08-22,Saturday,R1,4:00 PM,2,21,12,7,2,50,1,1
2026-08-22,Saturday,R2,4:00 PM,2,12,9,2,1,50,1,1
2026-08-22,Saturday,R3,4:00 PM,2,29,22,6,1,50,1,1
2026-08-22,Saturday,R4,4:00 PM,2,10,6,3,1,50,1,1
2026-08-22,Saturday,R5,4:00 PM,2,16,12,4,0,50,1,1
2026-08-22,Saturday,R6,4:00 PM,2,20,14,5,1,50,1,1
2026-08-22,Saturday,R7,4:00 PM,2,10,8,1,1,50,1,1
2026-08-22,Saturday,R8,4:00 PM,2,24,16,6,2,50,1,1
2026-08-22,Saturday,R9,4:00 PM,2,14,10,3,1,50,1,1
2026-08-22,Saturday,R10,4:00 PM,2,19,13,5,1,50,1,1
2026-08-22,Saturday,R1,6:00 PM,2,9,8,1,0,50,1,1
2026-08-22,Saturday,R2,6:00 PM,2,12,9,2,1,50,1,1
2026-08-22,Saturday,R3,6:00 PM,2,14,10,3,1,50,1,1
2026-08-22,Saturday,R4,6:00 PM,2,7,4,2,1,50,1,1
2026-08-22,Saturday,R5,6:00 PM,2,7,5,2,0,50,1,1
2026-08-22,Saturday,R6,6:00 PM,2,13,9,3,1,50,1,1
2026-08-22,Saturday,R7,6:00 PM,2,9,6,2,1,50,1,1
2026-08-22,Saturday,R8,6:00 PM,2,16,12,3,1,50,1,1
2026-08-22,Saturday,R9,6:00 PM,2,4,3,1,0,50,1,1
2026-08-22,Saturday,R10,6:00 PM,2,9,6,2,1,50,1,1
2026-08-23,Sunday,R1,7:00 AM,1,25,16,7,2,50,1,1
2026-08-23,Sunday,R2,7:00 AM,1,19,14,4,1,50,1,1
2026-08-23,Sunday,R3,7:00 AM,1,36,28,7,1,50,1,1
2026-08-23,Sunday,R4,7:00 AM,1,16,12,2,2,50,1,1
2026-08-23,Sunday,R5,7:00 AM,1,21,15,4,2,50,1,1
2026-08-23,Sunday,R6,7:00 AM,1,28,19,6,3,50,1,1
2026-08-23,Sunday,R7,7:00 AM,1,23,14,6,3,50,1,1
2026-08-23,Sunday,R8,7:00 AM,1,34,23,8,3,50,1,1
2026-08-23,Sunday,R9,7:00 AM,1,14,9,4,1,50,1,1
2026-08-23,Sunday,R10,7:00 AM,1,25,18,6,1,50,1,1
2026-08-23,Sunday,R1,11:00 AM,1,13,9,3,1,50,1,1
2026-08-23,Sunday,R2,11:00 AM,1,14,11,2,1,50,1,1
2026-08-23,Sunday,R3,11:00 AM,1,19,12,5,2,50,1,1
2026-08-23,Sunday,R4,11:00 AM,1,11,7,3,1,50,1,1
2026-08-23,Sunday,R5,11:00 AM,1,10,8,1,1,50,1,1
2026-08-23,Sunday,R6,11:00 AM,1,14,9,4,1,50,1,1
2026-08-23,Sunday,R7,11:00 AM,1,9,7,1,1,50,1,1
2026-08-23,Sunday,R8,11:00 AM,1,17,13,3,1,50,1,1
2026-08-23,Sunday,R9,11:00 AM,1,7,4,2,1,50,1,1
2026-08-23,Sunday,R10,11:00 AM,1,13,10,2,1,50,1,1
2026-08-23,Sunday,R1,1:00 PM,2,18,13,4,1,50,1,1
2026-08-23,Sunday,R2,1:00 PM,2,19,14,4,1,50,1,1
2026-08-23,Sunday,R3,1:00 PM,2,29,17,9,3,50,1,1
2026-08-23,Sunday,R4,1:00 PM,2,13,9,3,1,50,1,1
2026-08-23,Sunday,R5,1:00 PM,2,17,13,3,1,50,1,1
2026-08-23,Sunday,R6,1:00 PM,2,25,18,4,3,50,1,1
2026-08-23,Sunday,R7,1:00 PM,2,17,12,4,1,50,1,1
2026-08-23,Sunday,R8,1:00 PM,2,28,18,7,3,50,1,1
2026-08-23,Sunday,R9,1:00 PM,2,9,7,1,1,50,1,1
2026-08-23,Sunday,R10,1:00 PM,2,23,18,4,1,50,1,1
2026-08-23,Sunday,R1,4:00 PM,2,15,11,3,1,50,1,1
2026-08-23,Sunday,R2,4:00 PM,2,13,10,2,1,50,1,1
2026-08-23,Sunday,R3,4:00 PM,2,23,16,5,2,50,1,1
2026-08-23,Sunday,R4,4:00 PM,2,15,10,4,1,50,1,1
2026-08-23,Sunday,R5,4:00 PM,2,18,12,5,1,50,1,1
2026-08-23,Sunday,R6,4:00 PM,2,16,11,4,1,50,1,1
2026-08-23,Sunday,R7,4:00 PM,2,9,7,1,1,50,1,1
2026-08-23,Sunday,R8,4:00 PM,2,25,18,5,2,50,1,1
2026-08-23,Sunday,R9,4:00 PM,2,6,4,1,1,50,1,1
2026-08-23,Sunday,R10,4:00 PM,2,18,15,2,1,50,1,1
2026-08-23,Sunday,R1,6:00 PM,2,9,6,2,1,50,1,1
2026-08-23,Sunday,R2,6:00 PM,2,5,4,1,0,50,1,1
2026-08-23,Sunday,R3,6:00 PM,2,21,15,5,1,50,1,1
2026-08-23,Sunday,R4,6:00 PM,2,4,3,1,0,50,1,1
2026-08-23,Sunday,R5,6:00 PM,2,11,7,3,1,50,1,1
2026-08-23,Sunday,R6,6:00 PM,2,14,9,4,1,50,1,1
2026-08-23,Sunday,R7,6:00 PM,2,4,3,1,0,50,1,1
2026-08-23,Sunday,R8,6:00 PM,2,22,15,4,3,50,1,1
2026-08-23,Sunday,R9,6:00 PM,2,11,8,2,1,50,1,1
2026-08-23,Sunday,R10,6:00 PM,2,15,10,4,1,50,1,1
2026-08-24,Monday,R1,7:00 AM,1,79,56,17,6,50,2,0
2026-08-24,Monday,R2,7:00 AM,1,56,36,15,5,50,1,0
2026-08-24,Monday,R3,7:00 AM,1,97,69,25,3,50,2,0
2026-08-24,Monday,R4,7:00 AM,1,46,29,11,6,50,1,0
2026-08-24,Monday,R5,7:00 AM,1,60,37,18,5,50,1,0
2026-08-24,Monday,R6,7:00 AM,1,85,51,26,8,50,2,0
2026-08-24,Monday,R7,7:00 AM,1,54,37,13,4,50,1,0
2026-08-24,Monday,R8,7:00 AM,1,105,78,19,8,50,2,0
2026-08-24,Monday,R9,7:00 AM,1,31,22,7,2,50,1,0
2026-08-24,Monday,R10,7:00 AM,1,74,54,17,3,50,2,0
2026-08-24,Monday,R1,11:00 AM,1,46,32,10,4,50,1,0
2026-08-24,Monday,R2,11:00 AM,1,29,20,6,3,50,1,0
2026-08-24,Monday,R3,11:00 AM,1,57,37,15,5,50,1,0
2026-08-24,Monday,R4,11:00 AM,1,24,18,4,2,50,1,0
2026-08-24,Monday,R5,11:00 AM,1,37,24,10,3,50,1,0
2026-08-24,Monday,R6,11:00 AM,1,51,34,14,3,50,1,0
2026-08-24,Monday,R7,11:00 AM,1,23,13,7,3,50,1,0
2026-08-24,Monday,R8,11:00 AM,1,51,31,15,5,50,1,0
2026-08-24,Monday,R9,11:00 AM,1,21,13,6,2,50,1,0
2026-08-24,Monday,R10,11:00 AM,1,44,29,11,4,50,1,0
2026-08-24,Monday,R1,1:00 PM,2,57,42,12,3,50,1,0
2026-08-24,Monday,R2,1:00 PM,2,46,34,9,3,50,1,0
2026-08-24,Monday,R3,1:00 PM,2,79,56,16,7,50,2,0
2026-08-24,Monday,R4,1:00 PM,2,32,22,7,3,50,1,0
2026-08-24,Monday,R5,1:00 PM,2,54,41,11,2,50,1,0
2026-08-24,Monday,R6,1:00 PM,2,69,46,17,6,50,1,0
2026-08-24,Monday,R7,1:00 PM,2,46,31,11,4,50,1,0
2026-08-24,Monday,R8,1:00 PM,2,87,61,22,4,50,2,0
2026-08-24,Monday,R9,1:00 PM,2,28,19,8,1,50,1,0
2026-08-24,Monday,R10,1:00 PM,2,62,40,17,5,50,1,0
2026-08-24,Monday,R1,4:00 PM,2,49,35,11,3,50,1,0
2026-08-24,Monday,R2,4:00 PM,2,41,29,8,4,50,1,0
2026-08-24,Monday,R3,4:00 PM,2,74,55,16,3,50,2,0
2026-08-24,Monday,R4,4:00 PM,2,30,21,6,3,50,1,0
2026-08-24,Monday,R5,4:00 PM,2,44,32,8,4,50,1,0
2026-08-24,Monday,R6,4:00 PM,2,62,47,12,3,50,1,0
2026-08-24,Monday,R7,4:00 PM,2,46,31,12,3,50,1,0
2026-08-24,Monday,R8,4:00 PM,2,79,54,17,8,50,2,0
2026-08-24,Monday,R9,4:00 PM,2,27,19,6,2,50,1,0
2026-08-24,Monday,R10,4:00 PM,2,47,29,15,3,50,1,0
2026-08-24,Monday,R1,6:00 PM,2,30,22,6,2,50,1,0
2026-08-24,Monday,R2,6:00 PM,2,28,18,7,3,50,1,0
2026-08-24,Monday,R3,6:00 PM,2,49,35,10,4,50,1,0
2026-08-24,Monday,R4,6:00 PM,2,23,18,3,2,50,1,0
2026-08-24,Monday,R5,6:00 PM,2,28,17,9,2,50,1,0
2026-08-24,Monday,R6,6:00 PM,2,39,29,7,3,50,1,0
2026-08-24,Monday,R7,6:00 PM,2,32,22,9,1,50,1,0
2026-08-24,Monday,R8,6:00 PM,2,56,36,16,4,50,1,0
2026-08-24,Monday,R9,6:00 PM,2,19,13,4,2,50,1,0
2026-08-24,Monday,R10,6:00 PM,2,34,24,8,2,50,1,0
2026-08-25,Tuesday,R1,7:00 AM,1,64,40,21,3,50,1,0
2026-08-25,Tuesday,R2,7:00 AM,1,59,47,8,4,50,1,0
2026-08-25,Tuesday,R3,7:00 AM,1,98,71,18,9,50,2,0
2026-08-25,Tuesday,R4,7:00 AM,1,44,27,12,5,50,1,0
2026-08-25,Tuesday,R5,7:00 AM,1,65,45,15,5,50,1,0
2026-08-25,Tuesday,R6,7:00 AM,1,86,60,19,7,50,2,0
2026-08-25,Tuesday,R7,7:00 AM,1,51,33,12,6,50,1,0
2026-08-25,Tuesday,R8,7:00 AM,1,110,71,28,11,50,2,0
2026-08-25,Tuesday,R9,7:00 AM,1,38,27,9,2,50,1,0
2026-08-25,Tuesday,R10,7:00 AM,1,84,70,7,7,50,2,0
2026-08-25,Tuesday,R1,11:00 AM,1,43,32,7,4,50,1,0
2026-08-25,Tuesday,R2,11:00 AM,1,30,21,6,3,50,1,0
2026-08-25,Tuesday,R3,11:00 AM,1,53,44,6,3,50,1,0
2026-08-25,Tuesday,R4,11:00 AM,1,28,18,7,3,50,1,0
2026-08-25,Tuesday,R5,11:00 AM,1,42,27,9,6,50,1,0
2026-08-25,Tuesday,R6,11:00 AM,1,45,34,8,3,50,1,0
2026-08-25,Tuesday,R7,11:00 AM,1,22,12,7,3,50,1,0
2026-08-25,Tuesday,R8,11:00 AM,1,53,38,11,4,50,1,0
2026-08-25,Tuesday,R9,11:00 AM,1,18,15,2,1,50,1,0
2026-08-25,Tuesday,R10,11:00 AM,1,41,29,8,4,50,1,0
2026-08-25,Tuesday,R1,1:00 PM,2,66,46,14,6,50,1,0
2026-08-25,Tuesday,R2,1:00 PM,2,50,35,12,3,50,1,0
2026-08-25,Tuesday,R3,1:00 PM,2,79,55,20,4,50,2,0
2026-08-25,Tuesday,R4,1:00 PM,2,41,26,12,3,50,1,0
2026-08-25,Tuesday,R5,1:00 PM,2,57,39,14,4,50,1,0
2026-08-25,Tuesday,R6,1:00 PM,2,70,51,16,3,50,2,0
2026-08-25,Tuesday,R7,1:00 PM,2,44,32,7,5,50,1,0
2026-08-25,Tuesday,R8,1:00 PM,2,81,55,17,9,50,2,0
2026-08-25,Tuesday,R9,1:00 PM,2,33,26,5,2,50,1,0
2026-08-25,Tuesday,R10,1:00 PM,2,59,40,14,5,50,1,0
2026-08-25,Tuesday,R1,4:00 PM,2,47,35,8,4,50,1,0
2026-08-25,Tuesday,R2,4:00 PM,2,40,24,13,3,50,1,0
2026-08-25,Tuesday,R3,4:00 PM,2,76,61,12,3,50,2,0
2026-08-25,Tuesday,R4,4:00 PM,2,28,17,8,3,50,1,0
2026-08-25,Tuesday,R5,4:00 PM,2,45,34,9,2,50,1,0
2026-08-25,Tuesday,R6,4:00 PM,2,49,32,13,4,50,1,0
2026-08-25,Tuesday,R7,4:00 PM,2,36,27,5,4,50,1,0
2026-08-25,Tuesday,R8,4:00 PM,2,71,50,18,3,50,1,0
2026-08-25,Tuesday,R9,4:00 PM,2,26,18,6,2,50,1,0
2026-08-25,Tuesday,R10,4:00 PM,2,54,38,13,3,50,1,0
2026-08-25,Tuesday,R1,6:00 PM,2,35,24,8,3,50,1,0
2026-08-25,Tuesday,R2,6:00 PM,2,28,23,4,1,50,1,0
2026-08-25,Tuesday,R3,6:00 PM,2,38,24,10,4,50,1,0
2026-08-25,Tuesday,R4,6:00 PM,2,24,17,6,1,50,1,0
2026-08-25,Tuesday,R5,6:00 PM,2,30,20,7,3,50,1,0
2026-08-25,Tuesday,R6,6:00 PM,2,39,27,9,3,50,1,0
2026-08-25,Tuesday,R7,6:00 PM,2,25,17,5,3,50,1,0
2026-08-25,Tuesday,R8,6:00 PM,2,49,38,8,3,50,1,0
2026-08-25,Tuesday,R9,6:00 PM,2,17,11,5,1,50,1,0
2026-08-25,Tuesday,R10,6:00 PM,2,36,26,6,4,50,1,0
2026-08-26,Wednesday,R1,7:00 AM,1,68,45,15,8,50,1,0
2026-08-26,Wednesday,R2,7:00 AM,1,60,50,8,2,50,1,0
2026-08-26,Wednesday,R3,7:00 AM,1,95,71,15,9,50,2,0
2026-08-26,Wednesday,R4,7:00 AM,1,45,32,10,3,50,1,0
2026-08-26,Wednesday,R5,7:00 AM,1,77,43,28,6,50,1,0
2026-08-26,Wednesday,R6,7:00 AM,1,84,59,19,6,50,2,0
2026-08-26,Wednesday,R7,7:00 AM,1,49,38,8,3,50,1,0
2026-08-26,Wednesday,R8,7:00 AM,1,108,84,21,3,50,2,0
2026-08-26,Wednesday,R9,7:00 AM,1,39,26,9,4,50,1,0
2026-08-26,Wednesday,R10,7:00 AM,1,78,65,11,2,50,2,0
2026-08-26,Wednesday,R1,11:00 AM,1,37,26,7,4,50,1,0
2026-08-26,Wednesday,R2,11:00 AM,1,32,21,9,2,50,1,0
2026-08-26,Wednesday,R3,11:00 AM,1,56,40,14,2,50,1,0
2026-08-26,Wednesday,R4,11:00 AM,1,29,19,7,3,50,1,0
2026-08-26,Wednesday,R5,11:00 AM,1,35,23,10,2,50,1,0
2026-08-26,Wednesday,R6,11:00 AM,1,48,32,13,3,50,1,0
2026-08-26,Wednesday,R7,11:00 AM,1,35,24,8,3,50,1,0
2026-08-26,Wednesday,R8,11:00 AM,1,51,31,17,3,50,1,0
2026-08-26,Wednesday,R9,11:00 AM,1,24,18,4,2,50,1,0
2026-08-26,Wednesday,R10,11:00 AM,1,44,30,12,2,50,1,0
2026-08-26,Wednesday,R1,1:00 PM,2,64,43,17,4,50,1,0
2026-08-26,Wednesday,R2,1:00 PM,2,54,43,8,3,50,1,0
2026-08-26,Wednesday,R3,1:00 PM,2,81,60,14,7,50,2,0
2026-08-26,Wednesday,R4,1:00 PM,2,38,26,8,4,50,1,0
2026-08-26,Wednesday,R5,1:00 PM,2,55,36,13,6,50,1,0
2026-08-26,Wednesday,R6,1:00 PM,2,71,49,18,4,50,1,0
2026-08-26,Wednesday,R7,1:00 PM,2,44,34,8,2,50,1,0
2026-08-26,Wednesday,R8,1:00 PM,2,86,62,15,9,50,2,0
2026-08-26,Wednesday,R9,1:00 PM,2,34,28,4,2,50,1,0
2026-08-26,Wednesday,R10,1:00 PM,2,55,39,11,5,50,1,0
2026-08-26,Wednesday,R1,4:00 PM,2,49,34,9,6,50,1,0
2026-08-26,Wednesday,R2,4:00 PM,2,33,22,9,2,50,1,0
2026-08-26,Wednesday,R3,4:00 PM,2,66,45,13,8,50,1,0
2026-08-26,Wednesday,R4,4:00 PM,2,28,19,6,3,50,1,0
2026-08-26,Wednesday,R5,4:00 PM,2,41,31,7,3,50,1,0
2026-08-26,Wednesday,R6,4:00 PM,2,53,40,9,4,50,1,0
2026-08-26,Wednesday,R7,4:00 PM,2,38,26,8,4,50,1,0
2026-08-26,Wednesday,R8,4:00 PM,2,68,48,11,9,50,1,0
2026-08-26,Wednesday,R9,4:00 PM,2,25,20,4,1,50,1,0
2026-08-26,Wednesday,R10,4:00 PM,2,58,42,12,4,50,1,0
2026-08-26,Wednesday,R1,6:00 PM,2,34,22,9,3,50,1,0
2026-08-26,Wednesday,R2,6:00 PM,2,35,23,8,4,50,1,0
2026-08-26,Wednesday,R3,6:00 PM,2,49,35,11,3,50,1,0
2026-08-26,Wednesday,R4,6:00 PM,2,23,15,6,2,50,1,0
2026-08-26,Wednesday,R5,6:00 PM,2,33,20,9,4,50,1,0
2026-08-26,Wednesday,R6,6:00 PM,2,42,26,13,3,50,1,0
2026-08-26,Wednesday,R7,6:00 PM,2,27,17,8,2,50,1,0
2026-08-26,Wednesday,R8,6:00 PM,2,48,30,15,3,50,1,0
2026-08-26,Wednesday,R9,6:00 PM,2,14,8,4,2,50,1,0
2026-08-26,Wednesday,R10,6:00 PM,2,38,27,8,3,50,1,0
2026-08-27,Thursday,R1,7:00 AM,1,74,46,22,6,50,1,0
2026-08-27,Thursday,R2,7:00 AM,1,68,51,12,5,50,2,0
2026-08-27,Thursday,R3,7:00 AM,1,92,70,15,7,50,2,0
2026-08-27,Thursday,R4,7:00 AM,1,47,29,12,6,50,1,0
2026-08-27,Thursday,R5,7:00 AM,1,71,45,20,6,50,1,0
2026-08-27,Thursday,R6,7:00 AM,1,93,52,32,9,50,2,0
2026-08-27,Thursday,R7,7:00 AM,1,48,35,9,4,50,1,0
2026-08-27,Thursday,R8,7:00 AM,1,109,71,28,10,50,2,0
2026-08-27,Thursday,R9,7:00 AM,1,38,28,7,3,50,1,0
2026-08-27,Thursday,R10,7:00 AM,1,87,55,24,8,50,2,0
2026-08-27,Thursday,R1,11:00 AM,1,43,31,9,3,50,1,0
2026-08-27,Thursday,R2,11:00 AM,1,30,22,6,2,50,1,0
2026-08-27,Thursday,R3,11:00 AM,1,57,43,11,3,50,1,0
2026-08-27,Thursday,R4,11:00 AM,1,31,22,6,3,50,1,0
2026-08-27,Thursday,R5,11:00 AM,1,39,29,6,4,50,1,0
2026-08-27,Thursday,R6,11:00 AM,1,47,30,14,3,50,1,0
2026-08-27,Thursday,R7,11:00 AM,1,29,20,6,3,50,1,0
2026-08-27,Thursday,R8,11:00 AM,1,51,37,12,2,50,1,0
2026-08-27,Thursday,R9,11:00 AM,1,22,19,2,1,50,1,0
2026-08-27,Thursday,R10,11:00 AM,1,45,34,9,2,50,1,0
2026-08-27,Thursday,R1,1:00 PM,2,65,43,15,7,50,1,0
2026-08-27,Thursday,R2,1:00 PM,2,47,27,17,3,50,1,0
2026-08-27,Thursday,R3,1:00 PM,2,89,67,19,3,50,2,0
2026-08-27,Thursday,R4,1:00 PM,2,38,27,9,2,50,1,0
2026-08-27,Thursday,R5,1:00 PM,2,52,36,11,5,50,1,0
2026-08-27,Thursday,R6,1:00 PM,2,54,35,15,4,50,1,0
2026-08-27,Thursday,R7,1:00 PM,2,38,25,10,3,50,1,0
2026-08-27,Thursday,R8,1:00 PM,2,94,63,23,8,50,2,0
2026-08-27,Thursday,R9,1:00 PM,2,31,21,8,2,50,1,0
2026-08-27,Thursday,R10,1:00 PM,2,58,39,15,4,50,1,0
2026-08-27,Thursday,R1,4:00 PM,2,51,33,14,4,50,1,0
2026-08-27,Thursday,R2,4:00 PM,2,41,29,8,4,50,1,0
2026-08-27,Thursday,R3,4:00 PM,2,68,46,18,4,50,1,0
2026-08-27,Thursday,R4,4:00 PM,2,30,19,8,3,50,1,0
2026-08-27,Thursday,R5,4:00 PM,2,44,29,13,2,50,1,0
2026-08-27,Thursday,R6,4:00 PM,2,61,43,10,8,50,1,0
2026-08-27,Thursday,R7,4:00 PM,2,32,21,9,2,50,1,0
2026-08-27,Thursday,R8,4:00 PM,2,71,48,16,7,50,1,0
2026-08-27,Thursday,R9,4:00 PM,2,24,18,4,2,50,1,0
2026-08-27,Thursday,R10,4:00 PM,2,46,30,9,7,50,1,0
2026-08-27,Thursday,R1,6:00 PM,2,32,21,9,2,50,1,0
2026-08-27,Thursday,R2,6:00 PM,2,29,19,7,3,50,1,0
2026-08-27,Thursday,R3,6:00 PM,2,45,28,14,3,50,1,0
2026-08-27,Thursday,R4,6:00 PM,2,22,16,5,1,50,1,0
2026-08-27,Thursday,R5,6:00 PM,2,32,23,7,2,50,1,0
2026-08-27,Thursday,R6,6:00 PM,2,47,34,8,5,50,1,0
2026-08-27,Thursday,R7,6:00 PM,2,28,20,6,2,50,1,0
2026-08-27,Thursday,R8,6:00 PM,2,47,36,9,2,50,1,0
2026-08-27,Thursday,R9,6:00 PM,2,15,11,2,2,50,1,0
2026-08-27,Thursday,R10,6:00 PM,2,38,24,10,4,50,1,0
2026-08-28,Friday,R1,7:00 AM,1,73,47,21,5,50,1,0
2026-08-28,Friday,R2,7:00 AM,1,58,40,15,3,50,1,0
2026-08-28,Friday,R3,7:00 AM,1,119,83,26,10,50,2,0
2026-08-28,Friday,R4,7:00 AM,1,50,33,13,4,50,1,0
2026-08-28,Friday,R5,7:00 AM,1,69,54,10,5,50,2,0
2026-08-28,Friday,R6,7:00 AM,1,85,55,21,9,50,2,0
2026-08-28,Friday,R7,7:00 AM,1,51,38,8,5,50,1,0
2026-08-28,Friday,R8,7:00 AM,1,117,77,31,9,50,2,0
2026-08-28,Friday,R9,7:00 AM,1,41,22,16,3,50,1,0
2026-08-28,Friday,R10,7:00 AM,1,68,48,13,7,50,1,0
2026-08-28,Friday,R1,11:00 AM,1,35,24,8,3,50,1,0
2026-08-28,Friday,R2,11:00 AM,1,37,22,11,4,50,1,0
2026-08-28,Friday,R3,11:00 AM,1,43,28,11,4,50,1,0
2026-08-28,Friday,R4,11:00 AM,1,26,21,3,2,50,1,0
2026-08-28,Friday,R5,11:00 AM,1,34,27,4,3,50,1,0
2026-08-28,Friday,R6,11:00 AM,1,42,24,15,3,50,1,0
2026-08-28,Friday,R7,11:00 AM,1,32,25,5,2,50,1,0
2026-08-28,Friday,R8,11:00 AM,1,58,44,10,4,50,1,0
2026-08-28,Friday,R9,11:00 AM,1,20,13,4,3,50,1,0
2026-08-28,Friday,R10,11:00 AM,1,43,29,10,4,50,1,0
2026-08-28,Friday,R1,1:00 PM,2,62,45,13,4,50,1,0
2026-08-28,Friday,R2,1:00 PM,2,48,30,13,5,50,1,0
2026-08-28,Friday,R3,1:00 PM,2,76,50,20,6,50,1,0
2026-08-28,Friday,R4,1:00 PM,2,37,27,7,3,50,1,0
2026-08-28,Friday,R5,1:00 PM,2,62,43,14,5,50,1,0
2026-08-28,Friday,R6,1:00 PM,2,59,43,12,4,50,1,0
2026-08-28,Friday,R7,1:00 PM,2,40,28,9,3,50,1,0
2026-08-28,Friday,R8,1:00 PM,2,87,62,20,5,50,2,0
2026-08-28,Friday,R9,1:00 PM,2,30,20,7,3,50,1,0
2026-08-28,Friday,R10,1:00 PM,2,64,46,12,6,50,1,0
2026-08-28,Friday,R1,4:00 PM,2,57,37,15,5,50,1,0
2026-08-28,Friday,R2,4:00 PM,2,43,25,13,5,50,1,0
2026-08-28,Friday,R3,4:00 PM,2,70,47,19,4,50,1,0
2026-08-28,Friday,R4,4:00 PM,2,27,19,6,2,50,1,0
2026-08-28,Friday,R5,4:00 PM,2,46,32,12,2,50,1,0
2026-08-28,Friday,R6,4:00 PM,2,55,42,11,2,50,1,0
2026-08-28,Friday,R7,4:00 PM,2,41,32,6,3,50,1,0
2026-08-28,Friday,R8,4:00 PM,2,79,55,20,4,50,2,0
2026-08-28,Friday,R9,4:00 PM,2,29,18,7,4,50,1,0
2026-08-28,Friday,R10,4:00 PM,2,55,40,12,3,50,1,0
2026-08-28,Friday,R1,6:00 PM,2,32,22,6,4,50,1,0
2026-08-28,Friday,R2,6:00 PM,2,28,18,7,3,50,1,0
2026-08-28,Friday,R3,6:00 PM,2,37,23,11,3,50,1,0
2026-08-28,Friday,R4,6:00 PM,2,23,18,4,1,50,1,0
2026-08-28,Friday,R5,6:00 PM,2,34,18,12,4,50,1,0
2026-08-28,Friday,R6,6:00 PM,2,43,31,9,3,50,1,0
2026-08-28,Friday,R7,6:00 PM,2,23,18,4,1,50,1,0
2026-08-28,Friday,R8,6:00 PM,2,47,34,9,4,50,1,0
2026-08-28,Friday,R9,6:00 PM,2,19,12,5,2,50,1,0
2026-08-28,Friday,R10,6:00 PM,2,35,29,4,2,50,1,0
2026-08-29,Saturday,R1,7:00 AM,1,22,15,5,2,50,1,1
2026-08-29,Saturday,R2,7:00 AM,1,23,15,6,2,50,1,1
2026-08-29,Saturday,R3,7:00 AM,1,32,25,6,1,50,1,1
2026-08-29,Saturday,R4,7:00 AM,1,19,14,4,1,50,1,1
2026-08-29,Saturday,R5,7:00 AM,1,21,15,4,2,50,1,1
2026-08-29,Saturday,R6,7:00 AM,1,32,25,6,1,50,1,1
2026-08-29,Saturday,R7,7:00 AM,1,18,13,4,1,50,1,1
2026-08-29,Saturday,R8,7:00 AM,1,35,24,8,3,50,1,1
2026-08-29,Saturday,R9,7:00 AM,1,13,9,3,1,50,1,1
2026-08-29,Saturday,R10,7:00 AM,1,25,16,7,2,50,1,1
2026-08-29,Saturday,R1,11:00 AM,1,16,10,5,1,50,1,1
2026-08-29,Saturday,R2,11:00 AM,1,14,11,2,1,50,1,1
2026-08-29,Saturday,R3,11:00 AM,1,18,11,5,2,50,1,1
2026-08-29,Saturday,R4,11:00 AM,1,7,4,2,1,50,1,1
2026-08-29,Saturday,R5,11:00 AM,1,14,11,2,1,50,1,1
2026-08-29,Saturday,R6,11:00 AM,1,15,10,4,1,50,1,1
2026-08-29,Saturday,R7,11:00 AM,1,8,6,2,0,50,1,1
2026-08-29,Saturday,R8,11:00 AM,1,17,12,4,1,50,1,1
2026-08-29,Saturday,R9,11:00 AM,1,5,4,1,0,50,1,1
2026-08-29,Saturday,R10,11:00 AM,1,12,7,4,1,50,1,1
2026-08-29,Saturday,R1,1:00 PM,2,18,12,4,2,50,1,1
2026-08-29,Saturday,R2,1:00 PM,2,20,14,4,2,50,1,1
2026-08-29,Saturday,R3,1:00 PM,2,21,15,4,2,50,1,1
2026-08-29,Saturday,R4,1:00 PM,2,14,11,2,1,50,1,1
2026-08-29,Saturday,R5,1:00 PM,2,18,12,4,2,50,1,1
2026-08-29,Saturday,R6,1:00 PM,2,26,21,4,1,50,1,1
2026-08-29,Saturday,R7,1:00 PM,2,14,10,3,1,50,1,1
2026-08-29,Saturday,R8,1:00 PM,2,33,22,8,3,50,1,1
2026-08-29,Saturday,R9,1:00 PM,2,7,5,2,0,50,1,1
2026-08-29,Saturday,R10,1:00 PM,2,24,16,6,2,50,1,1
2026-08-29,Saturday,R1,4:00 PM,2,21,14,5,2,50,1,1
2026-08-29,Saturday,R2,4:00 PM,2,15,7,6,2,50,1,1
2026-08-29,Saturday,R3,4:00 PM,2,25,19,4,2,50,1,1
2026-08-29,Saturday,R4,4:00 PM,2,9,6,2,1,50,1,1
2026-08-29,Saturday,R5,4:00 PM,2,13,9,3,1,50,1,1
2026-08-29,Saturday,R6,4:00 PM,2,21,15,4,2,50,1,1
2026-08-29,Saturday,R7,4:00 PM,2,15,11,3,1,50,1,1
2026-08-29,Saturday,R8,4:00 PM,2,26,18,7,1,50,1,1
2026-08-29,Saturday,R9,4:00 PM,2,10,6,3,1,50,1,1
2026-08-29,Saturday,R10,4:00 PM,2,19,12,5,2,50,1,1
2026-08-29,Saturday,R1,6:00 PM,2,14,11,2,1,50,1,1
2026-08-29,Saturday,R2,6:00 PM,2,13,10,2,1,50,1,1
2026-08-29,Saturday,R3,6:00 PM,2,15,11,3,1,50,1,1
2026-08-29,Saturday,R4,6:00 PM,2,8,4,3,1,50,1,1
2026-08-29,Saturday,R5,6:00 PM,2,16,11,4,1,50,1,1
2026-08-29,Saturday,R6,6:00 PM,2,16,11,4,1,50,1,1
2026-08-29,Saturday,R7,6:00 PM,2,10,7,2,1,50,1,1
2026-08-29,Saturday,R8,6:00 PM,2,20,14,4,2,50,1,1
2026-08-29,Saturday,R9,6:00 PM,2,7,5,2,0,50,1,1
2026-08-29,Saturday,R10,6:00 PM,2,17,12,4,1,50,1,1
2026-08-30,Sunday,R1,7:00 AM,1,26,17,6,3,50,1,1
2026-08-30,Sunday,R2,7:00 AM,1,22,13,6,3,50,1,1
2026-08-30,Sunday,R3,7:00 AM,1,36,26,8,2,50,1,1
2026-08-30,Sunday,R4,7:00 AM,1,21,16,4,1,50,1,1
2026-08-30,Sunday,R5,7:00 AM,1,19,12,5,2,50,1,1
2026-08-30,Sunday,R6,7:00 AM,1,24,16,6,2,50,1,1
2026-08-30,Sunday,R7,7:00 AM,1,26,19,5,2,50,1,1
2026-08-30,Sunday,R8,7:00 AM,1,34,22,10,2,50,1,1
2026-08-30,Sunday,R9,7:00 AM,1,11,7,3,1,50,1,1
2026-08-30,Sunday,R10,7:00 AM,1,28,16,9,3,50,1,1
2026-08-30,Sunday,R1,11:00 AM,1,16,10,4,2,50,1,1
2026-08-30,Sunday,R2,11:00 AM,1,15,9,4,2,50,1,1
2026-08-30,Sunday,R3,11:00 AM,1,16,11,4,1,50,1,1
2026-08-30,Sunday,R4,11:00 AM,1,8,6,1,1,50,1,1
2026-08-30,Sunday,R5,11:00 AM,1,11,7,3,1,50,1,1
2026-08-30,Sunday,R6,11:00 AM,1,19,14,3,2,50,1,1
2026-08-30,Sunday,R7,11:00 AM,1,16,10,4,2,50,1,1
2026-08-30,Sunday,R8,11:00 AM,1,21,15,4,2,50,1,1
2026-08-30,Sunday,R9,11:00 AM,1,3,2,1,0,50,1,1
2026-08-30,Sunday,R10,11:00 AM,1,13,9,3,1,50,1,1
2026-08-30,Sunday,R1,1:00 PM,2,21,15,5,1,50,1,1
2026-08-30,Sunday,R2,1:00 PM,2,16,12,3,1,50,1,1
2026-08-30,Sunday,R3,1:00 PM,2,29,22,5,2,50,1,1
2026-08-30,Sunday,R4,1:00 PM,2,7,6,1,0,50,1,1
2026-08-30,Sunday,R5,1:00 PM,2,20,15,3,2,50,1,1
2026-08-30,Sunday,R6,1:00 PM,2,23,14,7,2,50,1,1
2026-08-30,Sunday,R7,1:00 PM,2,9,7,1,1,50,1,1
2026-08-30,Sunday,R8,1:00 PM,2,27,22,2,3,50,1,1
2026-08-30,Sunday,R9,1:00 PM,2,13,9,3,1,50,1,1
2026-08-30,Sunday,R10,1:00 PM,2,23,17,4,2,50,1,1
2026-08-30,Sunday,R1,4:00 PM,2,15,10,4,1,50,1,1
2026-08-30,Sunday,R2,4:00 PM,2,18,13,4,1,50,1,1
2026-08-30,Sunday,R3,4:00 PM,2,24,15,6,3,50,1,1
2026-08-30,Sunday,R4,4:00 PM,2,12,9,2,1,50,1,1
2026-08-30,Sunday,R5,4:00 PM,2,22,14,6,2,50,1,1
2026-08-30,Sunday,R6,4:00 PM,2,22,14,6,2,50,1,1
2026-08-30,Sunday,R7,4:00 PM,2,11,8,2,1,50,1,1
2026-08-30,Sunday,R8,4:00 PM,2,23,18,4,1,50,1,1
2026-08-30,Sunday,R9,4:00 PM,2,17,11,4,2,50,1,1
2026-08-30,Sunday,R10,4:00 PM,2,15,12,2,1,50,1,1
2026-08-30,Sunday,R1,6:00 PM,2,16,10,4,2,50,1,1
2026-08-30,Sunday,R2,6:00 PM,2,12,9,2,1,50,1,1
2026-08-30,Sunday,R3,6:00 PM,2,14,9,4,1,50,1,1
2026-08-30,Sunday,R4,6:00 PM,2,2,2,0,0,50,1,1
2026-08-30,Sunday,R5,6:00 PM,2,15,12,3,0,50,1,1
2026-08-30,Sunday,R6,6:00 PM,2,15,11,3,1,50,1,1
2026-08-30,Sunday,R7,6:00 PM,2,14,10,3,1,50,1,1
2026-08-30,Sunday,R8,6:00 PM,2,16,13,2,1,50,1,1
2026-08-30,Sunday,R9,6:00 PM,2,10,7,2,1,50,1,1
2026-08-30,Sunday,R10,6:00 PM,2,7,5,1,1,50,1,1
2026-08-31,Monday,R1,7:00 AM,1,74,43,23,8,50,1,0
2026-08-31,Monday,R2,7:00 AM,1,57,39,14,4,50,1,0
2026-08-31,Monday,R3,7:00 AM,1,111,71,31,9,50,2,0
2026-08-31,Monday,R4,7:00 AM,1,46,29,13,4,50,1,0
2026-08-31,Monday,R5,7:00 AM,1,76,61,8,7,50,2,0
2026-08-31,Monday,R6,7:00 AM,1,79,46,24,9,50,1,0
2026-08-31,Monday,R7,7:00 AM,1,52,31,15,6,50,1,0
2026-08-31,Monday,R8,7:00 AM,1,106,62,36,8,50,2,0
2026-08-31,Monday,R9,7:00 AM,1,37,24,10,3,50,1,0
2026-08-31,Monday,R10,7:00 AM,1,77,49,22,6,50,1,0
2026-08-31,Monday,R1,11:00 AM,1,34,24,8,2,50,1,0
2026-08-31,Monday,R2,11:00 AM,1,34,21,9,4,50,1,0
2026-08-31,Monday,R3,11:00 AM,1,56,37,15,4,50,1,0
2026-08-31,Monday,R4,11:00 AM,1,27,16,9,2,50,1,0
2026-08-31,Monday,R5,11:00 AM,1,43,32,8,3,50,1,0
2026-08-31,Monday,R6,11:00 AM,1,46,29,12,5,50,1,0
2026-08-31,Monday,R7,11:00 AM,1,26,18,6,2,50,1,0
2026-08-31,Monday,R8,11:00 AM,1,51,39,9,3,50,1,0
2026-08-31,Monday,R9,11:00 AM,1,22,15,6,1,50,1,0
2026-08-31,Monday,R10,11:00 AM,1,43,32,7,4,50,1,0
2026-08-31,Monday,R1,1:00 PM,2,56,41,9,6,50,1,0
2026-08-31,Monday,R2,1:00 PM,2,45,35,9,1,50,1,0
2026-08-31,Monday,R3,1:00 PM,2,84,55,22,7,50,2,0
2026-08-31,Monday,R4,1:00 PM,2,32,21,9,2,50,1,0
2026-08-31,Monday,R5,1:00 PM,2,54,33,18,3,50,1,0
2026-08-31,Monday,R6,1:00 PM,2,71,47,18,6,50,1,0
2026-08-31,Monday,R7,1:00 PM,2,44,29,11,4,50,1,0
2026-08-31,Monday,R8,1:00 PM,2,86,57,25,4,50,2,0
2026-08-31,Monday,R9,1:00 PM,2,34,22,9,3,50,1,0
2026-08-31,Monday,R10,1:00 PM,2,68,51,15,2,50,2,0
2026-08-31,Monday,R1,4:00 PM,2,50,38,9,3,50,1,0
2026-08-31,Monday,R2,4:00 PM,2,37,28,7,2,50,1,0
2026-08-31,Monday,R3,4:00 PM,2,54,33,14,7,50,1,0
2026-08-31,Monday,R4,4:00 PM,2,33,23,7,3,50,1,0
2026-08-31,Monday,R5,4:00 PM,2,46,32,10,4,50,1,0
2026-08-31,Monday,R6,4:00 PM,2,54,36,16,2,50,1,0
2026-08-31,Monday,R7,4:00 PM,2,39,26,8,5,50,1,0
2026-08-31,Monday,R8,4:00 PM,2,76,55,15,6,50,2,0
2026-08-31,Monday,R9,4:00 PM,2,27,21,4,2,50,1,0
2026-08-31,Monday,R10,4:00 PM,2,46,34,8,4,50,1,0
2026-08-31,Monday,R1,6:00 PM,2,35,28,4,3,50,1,0
2026-08-31,Monday,R2,6:00 PM,2,30,22,6,2,50,1,0
2026-08-31,Monday,R3,6:00 PM,2,44,33,8,3,50,1,0
2026-08-31,Monday,R4,6:00 PM,2,22,14,7,1,50,1,0
2026-08-31,Monday,R5,6:00 PM,2,32,23,7,2,50,1,0
2026-08-31,Monday,R6,6:00 PM,2,43,36,4,3,50,1,0
2026-08-31,Monday,R7,6:00 PM,2,27,19,6,2,50,1,0
2026-08-31,Monday,R8,6:00 PM,2,52,34,14,4,50,1,0
2026-08-31,Monday,R9,6:00 PM,2,16,11,4,1,50,1,0
2026-08-31,Monday,R10,6:00 PM,2,39,27,11,1,50,1,0
2026-09-01,Tuesday,R1,7:00 AM,1,73,53,10,10,50,2,0
2026-09-01,Tuesday,R2,7:00 AM,1,56,38,14,4,50,1,0
2026-09-01,Tuesday,R3,7:00 AM,1,89,63,15,11,50,2,0
2026-09-01,Tuesday,R4,7:00 AM,1,48,29,15,4,50,1,0
2026-09-01,Tuesday,R5,7:00 AM,1,70,51,14,5,50,2,0
2026-09-01,Tuesday,R6,7:00 AM,1,75,53,17,5,50,2,0
2026-09-01,Tuesday,R7,7:00 AM,1,54,37,12,5,50,1,0
2026-09-01,Tuesday,R8,7:00 AM,1,119,81,26,12,50,2,0
2026-09-01,Tuesday,R9,7:00 AM,1,44,26,13,5,50,1,0
2026-09-01,Tuesday,R10,7:00 AM,1,74,54,17,3,50,2,0
2026-09-01,Tuesday,R1,11:00 AM,1,41,28,10,3,50,1,0
2026-09-01,Tuesday,R2,11:00 AM,1,35,25,6,4,50,1,0
2026-09-01,Tuesday,R3,11:00 AM,1,56,40,12,4,50,1,0
2026-09-01,Tuesday,R4,11:00 AM,1,26,16,8,2,50,1,0
2026-09-01,Tuesday,R5,11:00 AM,1,38,25,8,5,50,1,0
2026-09-01,Tuesday,R6,11:00 AM,1,44,29,10,5,50,1,0
2026-09-01,Tuesday,R7,11:00 AM,1,29,19,8,2,50,1,0
2026-09-01,Tuesday,R8,11:00 AM,1,57,36,17,4,50,1,0
2026-09-01,Tuesday,R9,11:00 AM,1,20,14,5,1,50,1,0
2026-09-01,Tuesday,R10,11:00 AM,1,40,28,9,3,50,1,0
2026-09-01,Tuesday,R1,1:00 PM,2,65,42,19,4,50,1,0
2026-09-01,Tuesday,R2,1:00 PM,2,48,30,12,6,50,1,0
2026-09-01,Tuesday,R3,1:00 PM,2,82,55,19,8,50,2,0
2026-09-01,Tuesday,R4,1:00 PM,2,39,29,7,3,50,1,0
2026-09-01,Tuesday,R5,1:00 PM,2,62,44,13,5,50,1,0
2026-09-01,Tuesday,R6,1:00 PM,2,66,54,7,5,50,2,0
2026-09-01,Tuesday,R7,1:00 PM,2,44,33,9,2,50,1,0
2026-09-01,Tuesday,R8,1:00 PM,2,80,49,21,10,50,1,0
2026-09-01,Tuesday,R9,1:00 PM,2,35,26,5,4,50,1,0
2026-09-01,Tuesday,R10,1:00 PM,2,59,44,11,4,50,1,0
2026-09-01,Tuesday,R1,4:00 PM,2,53,35,14,4,50,1,0
2026-09-01,Tuesday,R2,4:00 PM,2,40,26,10,4,50,1,0
2026-09-01,Tuesday,R3,4:00 PM,2,73,56,11,6,50,2,0
2026-09-01,Tuesday,R4,4:00 PM,2,28,20,6,2,50,1,0
2026-09-01,Tuesday,R5,4:00 PM,2,47,37,8,2,50,1,0
2026-09-01,Tuesday,R6,4:00 PM,2,48,35,10,3,50,1,0
2026-09-01,Tuesday,R7,4:00 PM,2,34,22,10,2,50,1,0
2026-09-01,Tuesday,R8,4:00 PM,2,82,54,25,3,50,2,0
2026-09-01,Tuesday,R9,4:00 PM,2,27,21,5,1,50,1,0
2026-09-01,Tuesday,R10,4:00 PM,2,47,29,12,6,50,1,0
2026-09-01,Tuesday,R1,6:00 PM,2,37,25,9,3,50,1,0
2026-09-01,Tuesday,R2,6:00 PM,2,33,20,11,2,50,1,0
2026-09-01,Tuesday,R3,6:00 PM,2,38,30,4,4,50,1,0
2026-09-01,Tuesday,R4,6:00 PM,2,21,15,5,1,50,1,0
2026-09-01,Tuesday,R5,6:00 PM,2,30,21,6,3,50,1,0
2026-09-01,Tuesday,R6,6:00 PM,2,38,30,6,2,50,1,0
2026-09-01,Tuesday,R7,6:00 PM,2,29,19,7,3,50,1,0
2026-09-01,Tuesday,R8,6:00 PM,2,47,40,4,3,50,1,0
2026-09-01,Tuesday,R9,6:00 PM,2,16,10,4,2,50,1,0
2026-09-01,Tuesday,R10,6:00 PM,2,39,21,14,4,50,1,0
2026-09-02,Wednesday,R1,7:00 AM,1,68,44,16,8,50,1,0
2026-09-02,Wednesday,R2,7:00 AM,1,66,47,13,6,50,1,0
2026-09-02,Wednesday,R3,7:00 AM,1,84,52,22,10,50,2,0
2026-09-02,Wednesday,R4,7:00 AM,1,45,33,8,4,50,1,0
2026-09-02,Wednesday,R5,7:00 AM,1,70,48,16,6,50,1,0
2026-09-02,Wednesday,R6,7:00 AM,1,81,51,22,8,50,2,0
2026-09-02,Wednesday,R7,7:00 AM,1,48,36,8,4,50,1,0
2026-09-02,Wednesday,R8,7:00 AM,1,111,79,25,7,50,2,0
2026-09-02,Wednesday,R9,7:00 AM,1,39,27,8,4,50,1,0
2026-09-02,Wednesday,R10,7:00 AM,1,78,55,16,7,50,2,0
2026-09-02,Wednesday,R1,11:00 AM,1,44,32,8,4,50,1,0
2026-09-02,Wednesday,R2,11:00 AM,1,32,22,8,2,50,1,0
2026-09-02,Wednesday,R3,11:00 AM,1,53,35,15,3,50,1,0
2026-09-02,Wednesday,R4,11:00 AM,1,21,17,3,1,50,1,0
2026-09-02,Wednesday,R5,11:00 AM,1,39,30,6,3,50,1,0
2026-09-02,Wednesday,R6,11:00 AM,1,47,33,11,3,50,1,0
2026-09-02,Wednesday,R7,11:00 AM,1,29,20,7,2,50,1,0
2026-09-02,Wednesday,R8,11:00 AM,1,57,32,19,6,50,1,0
2026-09-02,Wednesday,R9,11:00 AM,1,28,21,5,2,50,1,0
2026-09-02,Wednesday,R10,11:00 AM,1,37,25,7,5,50,1,0
2026-09-02,Wednesday,R1,1:00 PM,2,57,36,18,3,50,1,0
2026-09-02,Wednesday,R2,1:00 PM,2,44,32,9,3,50,1,0
2026-09-02,Wednesday,R3,1:00 PM,2,84,58,20,6,50,2,0
2026-09-02,Wednesday,R4,1:00 PM,2,37,27,8,2,50,1,0
2026-09-02,Wednesday,R5,1:00 PM,2,52,36,14,2,50,1,0
2026-09-02,Wednesday,R6,1:00 PM,2,76,56,15,5,50,2,0
2026-09-02,Wednesday,R7,1:00 PM,2,45,27,13,5,50,1,0
2026-09-02,Wednesday,R8,1:00 PM,2,90,62,25,3,50,2,0
2026-09-02,Wednesday,R9,1:00 PM,2,30,22,5,3,50,1,0
2026-09-02,Wednesday,R10,1:00 PM,2,60,38,16,6,50,1,0
2026-09-02,Wednesday,R1,4:00 PM,2,47,33,9,5,50,1,0
2026-09-02,Wednesday,R2,4:00 PM,2,38,27,9,2,50,1,0
2026-09-02,Wednesday,R3,4:00 PM,2,65,47,14,4,50,1,0
2026-09-02,Wednesday,R4,4:00 PM,2,29,20,7,2,50,1,0
2026-09-02,Wednesday,R5,4:00 PM,2,45,33,8,4,50,1,0
2026-09-02,Wednesday,R6,4:00 PM,2,62,40,18,4,50,1,0
2026-09-02,Wednesday,R7,4:00 PM,2,43,31,7,5,50,1,0
2026-09-02,Wednesday,R8,4:00 PM,2,69,53,12,4,50,2,0
2026-09-02,Wednesday,R9,4:00 PM,2,26,17,6,3,50,1,0
2026-09-02,Wednesday,R10,4:00 PM,2,49,38,8,3,50,1,0
2026-09-02,Wednesday,R1,6:00 PM,2,34,25,7,2,50,1,0
2026-09-02,Wednesday,R2,6:00 PM,2,29,17,10,2,50,1,0
2026-09-02,Wednesday,R3,6:00 PM,2,44,30,11,3,50,1,0
2026-09-02,Wednesday,R4,6:00 PM,2,24,17,4,3,50,1,0
2026-09-02,Wednesday,R5,6:00 PM,2,34,26,6,2,50,1,0
2026-09-02,Wednesday,R6,6:00 PM,2,38,25,11,2,50,1,0
2026-09-02,Wednesday,R7,6:00 PM,2,23,17,4,2,50,1,0
2026-09-02,Wednesday,R8,6:00 PM,2,49,39,7,3,50,1,0
2026-09-02,Wednesday,R9,6:00 PM,2,18,13,3,2,50,1,0
2026-09-02,Wednesday,R10,6:00 PM,2,39,28,8,3,50,1,0
2026-09-03,Thursday,R1,7:00 AM,1,60,42,12,6,50,1,0
2026-09-03,Thursday,R2,7:00 AM,1,56,38,10,8,50,1,0
2026-09-03,Thursday,R3,7:00 AM,1,109,70,27,12,50,2,0
2026-09-03,Thursday,R4,7:00 AM,1,37,27,7,3,50,1,0
2026-09-03,Thursday,R5,7:00 AM,1,67,52,13,2,50,2,0
2026-09-03,Thursday,R6,7:00 AM,1,85,54,21,10,50,2,0
2026-09-03,Thursday,R7,7:00 AM,1,49,39,9,1,50,1,0
2026-09-03,Thursday,R8,7:00 AM,1,103,69,27,7,50,2,0
2026-09-03,Thursday,R9,7:00 AM,1,45,32,9,4,50,1,0
2026-09-03,Thursday,R10,7:00 AM,1,68,50,16,2,50,1,0
2026-09-03,Thursday,R1,11:00 AM,1,42,26,11,5,50,1,0
2026-09-03,Thursday,R2,11:00 AM,1,29,19,7,3,50,1,0
2026-09-03,Thursday,R3,11:00 AM,1,54,42,10,2,50,1,0
2026-09-03,Thursday,R4,11:00 AM,1,26,18,6,2,50,1,0
2026-09-03,Thursday,R5,11:00 AM,1,40,29,9,2,50,1,0
2026-09-03,Thursday,R6,11:00 AM,1,38,27,6,5,50,1,0
2026-09-03,Thursday,R7,11:00 AM,1,31,22,7,2,50,1,0
2026-09-03,Thursday,R8,11:00 AM,1,57,37,16,4,50,1,0
2026-09-03,Thursday,R9,11:00 AM,1,23,15,5,3,50,1,0
2026-09-03,Thursday,R10,11:00 AM,1,44,29,12,3,50,1,0
2026-09-03,Thursday,R1,1:00 PM,2,64,46,13,5,50,1,0
2026-09-03,Thursday,R2,1:00 PM,2,54,40,9,5,50,1,0
2026-09-03,Thursday,R3,1:00 PM,2,81,55,20,6,50,2,0
2026-09-03,Thursday,R4,1:00 PM,2,43,31,7,5,50,1,0
2026-09-03,Thursday,R5,1:00 PM,2,61,40,19,2,50,1,0
2026-09-03,Thursday,R6,1:00 PM,2,63,42,19,2,50,1,0
2026-09-03,Thursday,R7,1:00 PM,2,37,27,7,3,50,1,0
2026-09-03,Thursday,R8,1:00 PM,2,97,71,20,6,50,2,0
2026-09-03,Thursday,R9,1:00 PM,2,32,21,8,3,50,1,0
2026-09-03,Thursday,R10,1:00 PM,2,61,51,7,3,50,2,0
2026-09-03,Thursday,R1,4:00 PM,2,56,39,13,4,50,1,0
2026-09-03,Thursday,R2,4:00 PM,2,44,34,7,3,50,1,0
2026-09-03,Thursday,R3,4:00 PM,2,67,48,13,6,50,1,0
2026-09-03,Thursday,R4,4:00 PM,2,31,23,5,3,50,1,0
2026-09-03,Thursday,R5,4:00 PM,2,43,28,10,5,50,1,0
2026-09-03,Thursday,R6,4:00 PM,2,56,43,9,4,50,1,0
2026-09-03,Thursday,R7,4:00 PM,2,34,23,8,3,50,1,0
2026-09-03,Thursday,R8,4:00 PM,2,84,55,23,6,50,2,0
2026-09-03,Thursday,R9,4:00 PM,2,29,21,6,2,50,1,0
2026-09-03,Thursday,R10,4:00 PM,2,52,33,13,6,50,1,0
2026-09-03,Thursday,R1,6:00 PM,2,37,23,10,4,50,1,0
2026-09-03,Thursday,R2,6:00 PM,2,29,20,5,4,50,1,0
2026-09-03,Thursday,R3,6:00 PM,2,52,37,11,4,50,1,0
2026-09-03,Thursday,R4,6:00 PM,2,23,15,6,2,50,1,0
2026-09-03,Thursday,R5,6:00 PM,2,29,19,7,3,50,1,0
2026-09-03,Thursday,R6,6:00 PM,2,42,29,10,3,50,1,0
2026-09-03,Thursday,R7,6:00 PM,2,28,20,6,2,50,1,0
2026-09-03,Thursday,R8,6:00 PM,2,50,39,7,4,50,1,0
2026-09-03,Thursday,R9,6:00 PM,2,20,13,5,2,50,1,0
2026-09-03,Thursday,R10,6:00 PM,2,36,23,9,4,50,1,0
2026-09-04,Friday,R1,7:00 AM,1,85,61,19,5,50,2,0
2026-09-04,Friday,R2,7:00 AM,1,62,39,19,4,50,1,0
2026-09-04,Friday,R3,7:00 AM,1,101,62,28,11,50,2,0
2026-09-04,Friday,R4,7:00 AM,1,45,33,8,4,50,1,0
2026-09-04,Friday,R5,7:00 AM,1,70,45,19,6,50,1,0
2026-09-04,Friday,R6,7:00 AM,1,80,52,20,8,50,2,0
2026-09-04,Friday,R7,7:00 AM,1,54,40,10,4,50,1,0
2026-09-04,Friday,R8,7:00 AM,1,113,93,17,3,50,2,0
2026-09-04,Friday,R9,7:00 AM,1,43,28,11,4,50,1,0
2026-09-04,Friday,R10,7:00 AM,1,69,45,18,6,50,1,0
2026-09-04,Friday,R1,11:00 AM,1,35,22,10,3,50,1,0
2026-09-04,Friday,R2,11:00 AM,1,31,24,6,1,50,1,0
2026-09-04,Friday,R3,11:00 AM,1,55,38,13,4,50,1,0
2026-09-04,Friday,R4,11:00 AM,1,29,23,4,2,50,1,0
2026-09-04,Friday,R5,11:00 AM,1,35,25,7,3,50,1,0
2026-09-04,Friday,R6,11:00 AM,1,47,34,10,3,50,1,0
2026-09-04,Friday,R7,11:00 AM,1,34,19,12,3,50,1,0
2026-09-04,Friday,R8,11:00 AM,1,54,36,16,2,50,1,0
2026-09-04,Friday,R9,11:00 AM,1,20,15,4,1,50,1,0
2026-09-04,Friday,R10,11:00 AM,1,41,31,7,3,50,1,0
2026-09-04,Friday,R1,1:00 PM,2,59,44,11,4,50,1,0
2026-09-04,Friday,R2,1:00 PM,2,47,31,12,4,50,1,0
2026-09-04,Friday,R3,1:00 PM,2,83,54,21,8,50,2,0
2026-09-04,Friday,R4,1:00 PM,2,41,31,7,3,50,1,0
2026-09-04,Friday,R5,1:00 PM,2,64,49,13,2,50,1,0
2026-09-04,Friday,R6,1:00 PM,2,66,49,15,2,50,1,0
2026-09-04,Friday,R7,1:00 PM,2,47,34,9,4,50,1,0
2026-09-04,Friday,R8,1:00 PM,2,85,67,13,5,50,2,0
2026-09-04,Friday,R9,1:00 PM,2,28,18,8,2,50,1,0
2026-09-04,Friday,R10,1:00 PM,2,60,43,10,7,50,1,0
2026-09-04,Friday,R1,4:00 PM,2,56,35,16,5,50,1,0
2026-09-04,Friday,R2,4:00 PM,2,42,32,7,3,50,1,0
2026-09-04,Friday,R3,4:00 PM,2,63,48,8,7,50,1,0
2026-09-04,Friday,R4,4:00 PM,2,29,18,8,3,50,1,0
2026-09-04,Friday,R5,4:00 PM,2,50,34,13,3,50,1,0
2026-09-04,Friday,R6,4:00 PM,2,66,45,15,6,50,1,0
2026-09-04,Friday,R7,4:00 PM,2,34,25,6,3,50,1,0
2026-09-04,Friday,R8,4:00 PM,2,75,58,14,3,50,2,0
2026-09-04,Friday,R9,4:00 PM,2,23,16,6,1,50,1,0
2026-09-04,Friday,R10,4:00 PM,2,52,34,15,3,50,1,0
2026-09-04,Friday,R1,6:00 PM,2,32,22,6,4,50,1,0
2026-09-04,Friday,R2,6:00 PM,2,34,22,9,3,50,1,0
2026-09-04,Friday,R3,6:00 PM,2,43,25,14,4,50,1,0
2026-09-04,Friday,R4,6:00 PM,2,24,17,5,2,50,1,0
2026-09-04,Friday,R5,6:00 PM,2,38,25,9,4,50,1,0
2026-09-04,Friday,R6,6:00 PM,2,40,30,7,3,50,1,0
2026-09-04,Friday,R7,6:00 PM,2,25,19,5,1,50,1,0
2026-09-04,Friday,R8,6:00 PM,2,55,39,11,5,50,1,0
2026-09-04,Friday,R9,6:00 PM,2,19,13,4,2,50,1,0
2026-09-04,Friday,R10,6:00 PM,2,33,22,8,3,50,1,0
2026-09-05,Saturday,R1,7:00 AM,1,25,18,4,3,50,1,1
2026-09-05,Saturday,R2,7:00 AM,1,23,17,4,2,50,1,1
2026-09-05,Saturday,R3,7:00 AM,1,34,27,5,2,50,1,1
2026-09-05,Saturday,R4,7:00 AM,1,19,14,4,1,50,1,1
2026-09-05,Saturday,R5,7:00 AM,1,21,16,4,1,50,1,1
2026-09-05,Saturday,R6,7:00 AM,1,26,20,3,3,50,1,1
2026-09-05,Saturday,R7,7:00 AM,1,21,16,3,2,50,1,1
2026-09-05,Saturday,R8,7:00 AM,1,34,25,7,2,50,1,1
2026-09-05,Saturday,R9,7:00 AM,1,12,7,4,1,50,1,1
2026-09-05,Saturday,R10,7:00 AM,1,24,17,4,3,50,1,1
2026-09-05,Saturday,R1,11:00 AM,1,9,6,2,1,50,1,1
2026-09-05,Saturday,R2,11:00 AM,1,12,7,3,2,50,1,1
2026-09-05,Saturday,R3,11:00 AM,1,19,14,4,1,50,1,1
2026-09-05,Saturday,R4,11:00 AM,1,5,4,1,0,50,1,1
2026-09-05,Saturday,R5,11:00 AM,1,16,11,4,1,50,1,1
2026-09-05,Saturday,R6,11:00 AM,1,13,9,3,1,50,1,1
2026-09-05,Saturday,R7,11:00 AM,1,11,7,3,1,50,1,1
2026-09-05,Saturday,R8,11:00 AM,1,21,14,5,2,50,1,1
2026-09-05,Saturday,R9,11:00 AM,1,5,4,1,0,50,1,1
2026-09-05,Saturday,R10,11:00 AM,1,18,13,4,1,50,1,1
2026-09-05,Saturday,R1,1:00 PM,2,17,12,4,1,50,1,1
2026-09-05,Saturday,R2,1:00 PM,2,16,10,5,1,50,1,1
2026-09-05,Saturday,R3,1:00 PM,2,33,25,7,1,50,1,1
2026-09-05,Saturday,R4,1:00 PM,2,12,8,3,1,50,1,1
2026-09-05,Saturday,R5,1:00 PM,2,15,11,3,1,50,1,1
2026-09-05,Saturday,R6,1:00 PM,2,25,18,6,1,50,1,1
2026-09-05,Saturday,R7,1:00 PM,2,13,9,3,1,50,1,1
2026-09-05,Saturday,R8,1:00 PM,2,27,21,4,2,50,1,1
2026-09-05,Saturday,R9,1:00 PM,2,12,9,2,1,50,1,1
2026-09-05,Saturday,R10,1:00 PM,2,26,21,4,1,50,1,1
2026-09-05,Saturday,R1,4:00 PM,2,19,14,4,1,50,1,1
2026-09-05,Saturday,R2,4:00 PM,2,16,12,4,0,50,1,1
2026-09-05,Saturday,R3,4:00 PM,2,21,12,7,2,50,1,1
2026-09-05,Saturday,R4,4:00 PM,2,13,8,4,1,50,1,1
2026-09-05,Saturday,R5,4:00 PM,2,19,12,5,2,50,1,1
2026-09-05,Saturday,R6,4:00 PM,2,19,14,4,1,50,1,1
2026-09-05,Saturday,R7,4:00 PM,2,13,10,2,1,50,1,1
2026-09-05,Saturday,R8,4:00 PM,2,25,19,4,2,50,1,1
2026-09-05,Saturday,R9,4:00 PM,2,9,6,2,1,50,1,1
2026-09-05,Saturday,R10,4:00 PM,2,17,10,5,2,50,1,1
2026-09-05,Saturday,R1,6:00 PM,2,14,10,3,1,50,1,1
2026-09-05,Saturday,R2,6:00 PM,2,13,8,4,1,50,1,1
2026-09-05,Saturday,R3,6:00 PM,2,16,10,4,2,50,1,1
2026-09-05,Saturday,R4,6:00 PM,2,6,5,1,0,50,1,1
2026-09-05,Saturday,R5,6:00 PM,2,14,9,4,1,50,1,1
2026-09-05,Saturday,R6,6:00 PM,2,9,6,2,1,50,1,1
2026-09-05,Saturday,R7,6:00 PM,2,4,3,1,0,50,1,1
2026-09-05,Saturday,R8,6:00 PM,2,22,15,5,2,50,1,1
2026-09-05,Saturday,R9,6:00 PM,2,10,8,1,1,50,1,1
2026-09-05,Saturday,R10,6:00 PM,2,13,9,3,1,50,1,1
2026-09-06,Sunday,R1,7:00 AM,1,23,15,5,3,50,1,1
2026-09-06,Sunday,R2,7:00 AM,1,23,18,4,1,50,1,1
2026-09-06,Sunday,R3,7:00 AM,1,28,18,8,2,50,1,1
2026-09-06,Sunday,R4,7:00 AM,1,15,10,4,1,50,1,1
2026-09-06,Sunday,R5,7:00 AM,1,28,21,6,1,50,1,1
2026-09-06,Sunday,R6,7:00 AM,1,28,20,5,3,50,1,1
2026-09-06,Sunday,R7,7:00 AM,1,16,13,2,1,50,1,1
2026-09-06,Sunday,R8,7:00 AM,1,33,23,8,2,50,1,1
2026-09-06,Sunday,R9,7:00 AM,1,12,8,3,1,50,1,1
2026-09-06,Sunday,R10,7:00 AM,1,27,19,7,1,50,1,1
2026-09-06,Sunday,R1,11:00 AM,1,14,12,1,1,50,1,1
2026-09-06,Sunday,R2,11:00 AM,1,10,7,2,1,50,1,1
2026-09-06,Sunday,R3,11:00 AM,1,22,17,4,1,50,1,1
2026-09-06,Sunday,R4,11:00 AM,1,9,7,1,1,50,1,1
2026-09-06,Sunday,R5,11:00 AM,1,17,12,4,1,50,1,1
2026-09-06,Sunday,R6,11:00 AM,1,10,7,2,1,50,1,1
2026-09-06,Sunday,R7,11:00 AM,1,5,3,1,1,50,1,1
2026-09-06,Sunday,R8,11:00 AM,1,26,18,6,2,50,1,1
2026-09-06,Sunday,R9,11:00 AM,1,1,1,0,0,50,1,1
2026-09-06,Sunday,R10,11:00 AM,1,12,9,2,1,50,1,1
2026-09-06,Sunday,R1,1:00 PM,2,27,18,6,3,50,1,1
2026-09-06,Sunday,R2,1:00 PM,2,17,12,3,2,50,1,1
2026-09-06,Sunday,R3,1:00 PM,2,25,15,7,3,50,1,1
2026-09-06,Sunday,R4,1:00 PM,2,15,8,5,2,50,1,1
2026-09-06,Sunday,R5,1:00 PM,2,19,15,3,1,50,1,1
2026-09-06,Sunday,R6,1:00 PM,2,30,21,6,3,50,1,1
2026-09-06,Sunday,R7,1:00 PM,2,13,8,4,1,50,1,1
2026-09-06,Sunday,R8,1:00 PM,2,27,19,6,2,50,1,1
2026-09-06,Sunday,R9,1:00 PM,2,13,9,3,1,50,1,1
2026-09-06,Sunday,R10,1:00 PM,2,21,16,4,1,50,1,1
2026-09-06,Sunday,R1,4:00 PM,2,24,17,6,1,50,1,1
2026-09-06,Sunday,R2,4:00 PM,2,13,8,3,2,50,1,1
2026-09-06,Sunday,R3,4:00 PM,2,26,17,5,4,50,1,1
2026-09-06,Sunday,R4,4:00 PM,2,11,7,3,1,50,1,1
2026-09-06,Sunday,R5,4:00 PM,2,9,8,1,0,50,1,1
2026-09-06,Sunday,R6,4:00 PM,2,26,19,6,1,50,1,1
2026-09-06,Sunday,R7,4:00 PM,2,14,10,3,1,50,1,1
2026-09-06,Sunday,R8,4:00 PM,2,29,21,6,2,50,1,1
2026-09-06,Sunday,R9,4:00 PM,2,12,8,3,1,50,1,1
2026-09-06,Sunday,R10,4:00 PM,2,25,19,5,1,50,1,1
2026-09-06,Sunday,R1,6:00 PM,2,13,10,2,1,50,1,1
2026-09-06,Sunday,R2,6:00 PM,2,7,5,1,1,50,1,1
2026-09-06,Sunday,R3,6:00 PM,2,15,10,3,2,50,1,1
2026-09-06,Sunday,R4,6:00 PM,2,4,3,1,0,50,1,1
2026-09-06,Sunday,R5,6:00 PM,2,14,9,4,1,50,1,1
2026-09-06,Sunday,R6,6:00 PM,2,16,12,3,1,50,1,1
2026-09-06,Sunday,R7,6:00 PM,2,12,9,2,1,50,1,1
2026-09-06,Sunday,R8,6:00 PM,2,18,13,3,2,50,1,1
2026-09-06,Sunday,R9,6:00 PM,2,8,6,1,1,50,1,1
2026-09-06,Sunday,R10,6:00 PM,2,10,7,3,0,50,1,1
2026-09-07,Monday,R1,7:00 AM,1,70,47,17,6,50,1,0
2026-09-07,Monday,R2,7:00 AM,1,62,45,9,8,50,1,0
2026-09-07,Monday,R3,7:00 AM,1,99,60,29,10,50,2,0
2026-09-07,Monday,R4,7:00 AM,1,45,35,7,3,50,1,0
2026-09-07,Monday,R5,7:00 AM,1,77,50,22,5,50,1,0
2026-09-07,Monday,R6,7:00 AM,1,64,46,13,5,50,1,0
2026-09-07,Monday,R7,7:00 AM,1,51,33,13,5,50,1,0
2026-09-07,Monday,R8,7:00 AM,1,113,82,27,4,50,2,0
2026-09-07,Monday,R9,7:00 AM,1,37,22,12,3,50,1,0
2026-09-07,Monday,R10,7:00 AM,1,78,52,19,7,50,2,0
2026-09-07,Monday,R1,11:00 AM,1,32,22,7,3,50,1,0
2026-09-07,Monday,R2,11:00 AM,1,36,27,8,1,50,1,0
2026-09-07,Monday,R3,11:00 AM,1,54,41,10,3,50,1,0
2026-09-07,Monday,R4,11:00 AM,1,22,15,5,2,50,1,0
2026-09-07,Monday,R5,11:00 AM,1,39,25,10,4,50,1,0
2026-09-07,Monday,R6,11:00 AM,1,45,33,11,1,50,1,0
2026-09-07,Monday,R7,11:00 AM,1,29,21,5,3,50,1,0
2026-09-07,Monday,R8,11:00 AM,1,57,42,13,2,50,1,0
2026-09-07,Monday,R9,11:00 AM,1,24,16,6,2,50,1,0
2026-09-07,Monday,R10,11:00 AM,1,39,29,7,3,50,1,0
2026-09-07,Monday,R1,1:00 PM,2,56,40,14,2,50,1,0
2026-09-07,Monday,R2,1:00 PM,2,46,28,14,4,50,1,0
2026-09-07,Monday,R3,1:00 PM,2,79,52,25,2,50,2,0
2026-09-07,Monday,R4,1:00 PM,2,34,24,7,3,50,1,0
2026-09-07,Monday,R5,1:00 PM,2,60,43,11,6,50,1,0
2026-09-07,Monday,R6,1:00 PM,2,65,43,18,4,50,1,0
2026-09-07,Monday,R7,1:00 PM,2,42,30,8,4,50,1,0
2026-09-07,Monday,R8,1:00 PM,2,82,56,18,8,50,2,0
2026-09-07,Monday,R9,1:00 PM,2,33,21,9,3,50,1,0
2026-09-07,Monday,R10,1:00 PM,2,60,43,12,5,50,1,0
2026-09-07,Monday,R1,4:00 PM,2,51,36,11,4,50,1,0
2026-09-07,Monday,R2,4:00 PM,2,36,24,9,3,50,1,0
2026-09-07,Monday,R3,4:00 PM,2,72,53,16,3,50,2,0
2026-09-07,Monday,R4,4:00 PM,2,30,21,6,3,50,1,0
2026-09-07,Monday,R5,4:00 PM,2,40,27,9,4,50,1,0
2026-09-07,Monday,R6,4:00 PM,2,54,39,12,3,50,1,0
2026-09-07,Monday,R7,4:00 PM,2,34,25,7,2,50,1,0
2026-09-07,Monday,R8,4:00 PM,2,78,60,14,4,50,2,0
2026-09-07,Monday,R9,4:00 PM,2,32,22,9,1,50,1,0
2026-09-07,Monday,R10,4:00 PM,2,50,34,12,4,50,1,0
2026-09-07,Monday,R1,6:00 PM,2,30,19,8,3,50,1,0
2026-09-07,Monday,R2,6:00 PM,2,29,18,8,3,50,1,0
2026-09-07,Monday,R3,6:00 PM,2,47,28,14,5,50,1,0
2026-09-07,Monday,R4,6:00 PM,2,19,13,5,1,50,1,0
2026-09-07,Monday,R5,6:00 PM,2,34,24,8,2,50,1,0
2026-09-07,Monday,R6,6:00 PM,2,39,27,9,3,50,1,0
2026-09-07,Monday,R7,6:00 PM,2,26,17,7,2,50,1,0
2026-09-07,Monday,R8,6:00 PM,2,51,31,15,5,50,1,0
2026-09-07,Monday,R9,6:00 PM,2,19,14,3,2,50,1,0
2026-09-07,Monday,R10,6:00 PM,2,37,23,11,3,50,1,0
2026-09-08,Tuesday,R1,7:00 AM,1,62,48,8,6,50,1,0
2026-09-08,Tuesday,R2,7:00 AM,1,55,37,13,5,50,1,0
2026-09-08,Tuesday,R3,7:00 AM,1,94,69,20,5,50,2,0
2026-09-08,Tuesday,R4,7:00 AM,1,45,33,9,3,50,1,0
2026-09-08,Tuesday,R5,7:00 AM,1,66,45,14,7,50,1,0
2026-09-08,Tuesday,R6,7:00 AM,1,81,49,22,10,50,1,0
2026-09-08,Tuesday,R7,7:00 AM,1,56,37,14,5,50,1,0
2026-09-08,Tuesday,R8,7:00 AM,1,112,75,25,12,50,2,0
2026-09-08,Tuesday,R9,7:00 AM,1,40,28,8,4,50,1,0
2026-09-08,Tuesday,R10,7:00 AM,1,77,55,17,5,50,2,0
2026-09-08,Tuesday,R1,11:00 AM,1,40,25,11,4,50,1,0
2026-09-08,Tuesday,R2,11:00 AM,1,33,21,8,4,50,1,0
2026-09-08,Tuesday,R3,11:00 AM,1,52,37,9,6,50,1,0
2026-09-08,Tuesday,R4,11:00 AM,1,23,18,4,1,50,1,0
2026-09-08,Tuesday,R5,11:00 AM,1,39,32,5,2,50,1,0
2026-09-08,Tuesday,R6,11:00 AM,1,47,32,12,3,50,1,0
2026-09-08,Tuesday,R7,11:00 AM,1,28,21,5,2,50,1,0
2026-09-08,Tuesday,R8,11:00 AM,1,59,43,12,4,50,1,0
2026-09-08,Tuesday,R9,11:00 AM,1,17,10,5,2,50,1,0
2026-09-08,Tuesday,R10,11:00 AM,1,44,28,13,3,50,1,0
2026-09-08,Tuesday,R1,1:00 PM,2,57,41,7,9,50,1,0
2026-09-08,Tuesday,R2,1:00 PM,2,47,32,13,2,50,1,0
2026-09-08,Tuesday,R3,1:00 PM,2,84,51,26,7,50,2,0
2026-09-08,Tuesday,R4,1:00 PM,2,34,26,7,1,50,1,0
2026-09-08,Tuesday,R5,1:00 PM,2,56,37,15,4,50,1,0
2026-09-08,Tuesday,R6,1:00 PM,2,66,44,16,6,50,1,0
2026-09-08,Tuesday,R7,1:00 PM,2,37,24,8,5,50,1,0
2026-09-08,Tuesday,R8,1:00 PM,2,77,50,17,10,50,1,0
2026-09-08,Tuesday,R9,1:00 PM,2,34,24,7,3,50,1,0
2026-09-08,Tuesday,R10,1:00 PM,2,62,46,11,5,50,1,0
2026-09-08,Tuesday,R1,4:00 PM,2,49,35,11,3,50,1,0
2026-09-08,Tuesday,R2,4:00 PM,2,36,24,8,4,50,1,0
2026-09-08,Tuesday,R3,4:00 PM,2,67,46,14,7,50,1,0
2026-09-08,Tuesday,R4,4:00 PM,2,31,19,10,2,50,1,0
2026-09-08,Tuesday,R5,4:00 PM,2,50,36,9,5,50,1,0
2026-09-08,Tuesday,R6,4:00 PM,2,59,42,13,4,50,1,0
2026-09-08,Tuesday,R7,4:00 PM,2,34,23,8,3,50,1,0
2026-09-08,Tuesday,R8,4:00 PM,2,73,50,17,6,50,1,0
2026-09-08,Tuesday,R9,4:00 PM,2,27,19,6,2,50,1,0
2026-09-08,Tuesday,R10,4:00 PM,2,65,44,15,6,50,1,0
2026-09-08,Tuesday,R1,6:00 PM,2,36,25,7,4,50,1,0
2026-09-08,Tuesday,R2,6:00 PM,2,27,18,7,2,50,1,0
2026-09-08,Tuesday,R3,6:00 PM,2,42,30,10,2,50,1,0
2026-09-08,Tuesday,R4,6:00 PM,2,23,17,4,2,50,1,0
2026-09-08,Tuesday,R5,6:00 PM,2,28,17,10,1,50,1,0
2026-09-08,Tuesday,R6,6:00 PM,2,39,24,11,4,50,1,0
2026-09-08,Tuesday,R7,6:00 PM,2,28,19,6,3,50,1,0
2026-09-08,Tuesday,R8,6:00 PM,2,54,37,12,5,50,1,0
2026-09-08,Tuesday,R9,6:00 PM,2,17,12,3,2,50,1,0
2026-09-08,Tuesday,R10,6:00 PM,2,40,30,7,3,50,1,0
